W0921 13:51:08.043000 152842 torch/distributed/run.py:982] 
W0921 13:51:08.043000 152842 torch/distributed/run.py:982] *****************************************
W0921 13:51:08.043000 152842 torch/distributed/run.py:982] Setting OMP_NUM_THREADS environment variable for each process to be 1 in default, to avoid your system being overloaded, please further tune the variable for optimal performance in your application as needed. 
W0921 13:51:08.043000 152842 torch/distributed/run.py:982] *****************************************
W0921 13:51:08.077000 192085 torch/distributed/run.py:982] 
W0921 13:51:08.077000 192085 torch/distributed/run.py:982] *****************************************
W0921 13:51:08.077000 192085 torch/distributed/run.py:982] Setting OMP_NUM_THREADS environment variable for each process to be 1 in default, to avoid your system being overloaded, please further tune the variable for optimal performance in your application as needed. 
W0921 13:51:08.077000 192085 torch/distributed/run.py:982] *****************************************
W0921 13:51:08.086000 146335 torch/distributed/run.py:982] 
W0921 13:51:08.086000 146335 torch/distributed/run.py:982] *****************************************
W0921 13:51:08.086000 146335 torch/distributed/run.py:982] Setting OMP_NUM_THREADS environment variable for each process to be 1 in default, to avoid your system being overloaded, please further tune the variable for optimal performance in your application as needed. 
W0921 13:51:08.086000 146335 torch/distributed/run.py:982] *****************************************
W0921 13:51:08.091000 152514 torch/distributed/run.py:982] 
W0921 13:51:08.091000 152514 torch/distributed/run.py:982] *****************************************
W0921 13:51:08.091000 152514 torch/distributed/run.py:982] Setting OMP_NUM_THREADS environment variable for each process to be 1 in default, to avoid your system being overloaded, please further tune the variable for optimal performance in your application as needed. 
W0921 13:51:08.091000 152514 torch/distributed/run.py:982] *****************************************
W0921 13:51:08.103000 145300 torch/distributed/run.py:982] 
W0921 13:51:08.103000 145300 torch/distributed/run.py:982] *****************************************
W0921 13:51:08.103000 145300 torch/distributed/run.py:982] Setting OMP_NUM_THREADS environment variable for each process to be 1 in default, to avoid your system being overloaded, please further tune the variable for optimal performance in your application as needed. 
W0921 13:51:08.103000 145300 torch/distributed/run.py:982] *****************************************
W0921 13:51:08.112000 145922 torch/distributed/run.py:982] 
W0921 13:51:08.112000 145922 torch/distributed/run.py:982] *****************************************
W0921 13:51:08.112000 145922 torch/distributed/run.py:982] Setting OMP_NUM_THREADS environment variable for each process to be 1 in default, to avoid your system being overloaded, please further tune the variable for optimal performance in your application as needed. 
W0921 13:51:08.112000 145922 torch/distributed/run.py:982] *****************************************
W0921 13:51:08.116000 177222 torch/distributed/run.py:982] 
W0921 13:51:08.116000 177222 torch/distributed/run.py:982] *****************************************
W0921 13:51:08.116000 177222 torch/distributed/run.py:982] Setting OMP_NUM_THREADS environment variable for each process to be 1 in default, to avoid your system being overloaded, please further tune the variable for optimal performance in your application as needed. 
W0921 13:51:08.116000 177222 torch/distributed/run.py:982] *****************************************
W0921 13:51:08.131000 151125 torch/distributed/run.py:982] 
W0921 13:51:08.131000 151125 torch/distributed/run.py:982] *****************************************
W0921 13:51:08.131000 151125 torch/distributed/run.py:982] Setting OMP_NUM_THREADS environment variable for each process to be 1 in default, to avoid your system being overloaded, please further tune the variable for optimal performance in your application as needed. 
W0921 13:51:08.131000 151125 torch/distributed/run.py:982] *****************************************
W0921 13:51:08.146000 193531 torch/distributed/run.py:982] 
W0921 13:51:08.146000 193531 torch/distributed/run.py:982] *****************************************
W0921 13:51:08.146000 193531 torch/distributed/run.py:982] Setting OMP_NUM_THREADS environment variable for each process to be 1 in default, to avoid your system being overloaded, please further tune the variable for optimal performance in your application as needed. 
W0921 13:51:08.146000 193531 torch/distributed/run.py:982] *****************************************
W0921 13:51:08.151000 223932 torch/distributed/run.py:982] 
W0921 13:51:08.151000 223932 torch/distributed/run.py:982] *****************************************
W0921 13:51:08.151000 223932 torch/distributed/run.py:982] Setting OMP_NUM_THREADS environment variable for each process to be 1 in default, to avoid your system being overloaded, please further tune the variable for optimal performance in your application as needed. 
W0921 13:51:08.151000 223932 torch/distributed/run.py:982] *****************************************
W0921 13:51:08.159000 189110 torch/distributed/run.py:982] 
W0921 13:51:08.159000 189110 torch/distributed/run.py:982] *****************************************
W0921 13:51:08.159000 189110 torch/distributed/run.py:982] Setting OMP_NUM_THREADS environment variable for each process to be 1 in default, to avoid your system being overloaded, please further tune the variable for optimal performance in your application as needed. 
W0921 13:51:08.159000 189110 torch/distributed/run.py:982] *****************************************
W0921 13:51:08.162000 145949 torch/distributed/run.py:982] 
W0921 13:51:08.162000 145949 torch/distributed/run.py:982] *****************************************
W0921 13:51:08.162000 145949 torch/distributed/run.py:982] Setting OMP_NUM_THREADS environment variable for each process to be 1 in default, to avoid your system being overloaded, please further tune the variable for optimal performance in your application as needed. 
W0921 13:51:08.162000 145949 torch/distributed/run.py:982] *****************************************
W0921 13:51:08.186000 146984 torch/distributed/run.py:982] 
W0921 13:51:08.186000 146984 torch/distributed/run.py:982] *****************************************
W0921 13:51:08.186000 146984 torch/distributed/run.py:982] Setting OMP_NUM_THREADS environment variable for each process to be 1 in default, to avoid your system being overloaded, please further tune the variable for optimal performance in your application as needed. 
W0921 13:51:08.186000 146984 torch/distributed/run.py:982] *****************************************
W0921 13:51:08.197000 149416 torch/distributed/run.py:982] 
W0921 13:51:08.197000 149416 torch/distributed/run.py:982] *****************************************
W0921 13:51:08.197000 149416 torch/distributed/run.py:982] Setting OMP_NUM_THREADS environment variable for each process to be 1 in default, to avoid your system being overloaded, please further tune the variable for optimal performance in your application as needed. 
W0921 13:51:08.197000 149416 torch/distributed/run.py:982] *****************************************
W0921 13:51:08.210000 189065 torch/distributed/run.py:982] 
W0921 13:51:08.210000 189065 torch/distributed/run.py:982] *****************************************
W0921 13:51:08.210000 189065 torch/distributed/run.py:982] Setting OMP_NUM_THREADS environment variable for each process to be 1 in default, to avoid your system being overloaded, please further tune the variable for optimal performance in your application as needed. 
W0921 13:51:08.210000 189065 torch/distributed/run.py:982] *****************************************
W0921 13:51:08.217000 534507 torch/distributed/run.py:982] 
W0921 13:51:08.217000 534507 torch/distributed/run.py:982] *****************************************
W0921 13:51:08.217000 534507 torch/distributed/run.py:982] Setting OMP_NUM_THREADS environment variable for each process to be 1 in default, to avoid your system being overloaded, please further tune the variable for optimal performance in your application as needed. 
W0921 13:51:08.217000 534507 torch/distributed/run.py:982] *****************************************
W0921 13:51:08.228000 153490 torch/distributed/run.py:982] 
W0921 13:51:08.228000 153490 torch/distributed/run.py:982] *****************************************
W0921 13:51:08.228000 153490 torch/distributed/run.py:982] Setting OMP_NUM_THREADS environment variable for each process to be 1 in default, to avoid your system being overloaded, please further tune the variable for optimal performance in your application as needed. 
W0921 13:51:08.228000 153490 torch/distributed/run.py:982] *****************************************
W0921 13:51:08.229000 145649 torch/distributed/run.py:982] 
W0921 13:51:08.229000 145649 torch/distributed/run.py:982] *****************************************
W0921 13:51:08.229000 145649 torch/distributed/run.py:982] Setting OMP_NUM_THREADS environment variable for each process to be 1 in default, to avoid your system being overloaded, please further tune the variable for optimal performance in your application as needed. 
W0921 13:51:08.229000 145649 torch/distributed/run.py:982] *****************************************
W0921 13:51:08.235000 151597 torch/distributed/run.py:982] 
W0921 13:51:08.235000 151597 torch/distributed/run.py:982] *****************************************
W0921 13:51:08.235000 151597 torch/distributed/run.py:982] Setting OMP_NUM_THREADS environment variable for each process to be 1 in default, to avoid your system being overloaded, please further tune the variable for optimal performance in your application as needed. 
W0921 13:51:08.235000 151597 torch/distributed/run.py:982] *****************************************
W0921 13:51:08.236000 468282 torch/distributed/run.py:982] 
W0921 13:51:08.236000 468282 torch/distributed/run.py:982] *****************************************
W0921 13:51:08.236000 468282 torch/distributed/run.py:982] Setting OMP_NUM_THREADS environment variable for each process to be 1 in default, to avoid your system being overloaded, please further tune the variable for optimal performance in your application as needed. 
W0921 13:51:08.236000 468282 torch/distributed/run.py:982] *****************************************
W0921 13:51:08.238000 154530 torch/distributed/run.py:982] 
W0921 13:51:08.238000 154530 torch/distributed/run.py:982] *****************************************
W0921 13:51:08.238000 154530 torch/distributed/run.py:982] Setting OMP_NUM_THREADS environment variable for each process to be 1 in default, to avoid your system being overloaded, please further tune the variable for optimal performance in your application as needed. 
W0921 13:51:08.238000 154530 torch/distributed/run.py:982] *****************************************
W0921 13:51:08.244000 144699 torch/distributed/run.py:982] 
W0921 13:51:08.244000 144699 torch/distributed/run.py:982] *****************************************
W0921 13:51:08.244000 144699 torch/distributed/run.py:982] Setting OMP_NUM_THREADS environment variable for each process to be 1 in default, to avoid your system being overloaded, please further tune the variable for optimal performance in your application as needed. 
W0921 13:51:08.244000 144699 torch/distributed/run.py:982] *****************************************
W0921 13:51:08.246000 191113 torch/distributed/run.py:982] 
W0921 13:51:08.246000 191113 torch/distributed/run.py:982] *****************************************
W0921 13:51:08.246000 191113 torch/distributed/run.py:982] Setting OMP_NUM_THREADS environment variable for each process to be 1 in default, to avoid your system being overloaded, please further tune the variable for optimal performance in your application as needed. 
W0921 13:51:08.246000 191113 torch/distributed/run.py:982] *****************************************
W0921 13:51:08.248000 533718 torch/distributed/run.py:982] 
W0921 13:51:08.248000 533718 torch/distributed/run.py:982] *****************************************
W0921 13:51:08.248000 533718 torch/distributed/run.py:982] Setting OMP_NUM_THREADS environment variable for each process to be 1 in default, to avoid your system being overloaded, please further tune the variable for optimal performance in your application as needed. 
W0921 13:51:08.248000 533718 torch/distributed/run.py:982] *****************************************
W0921 13:51:08.268000 457229 torch/distributed/run.py:982] 
W0921 13:51:08.268000 457229 torch/distributed/run.py:982] *****************************************
W0921 13:51:08.268000 457229 torch/distributed/run.py:982] Setting OMP_NUM_THREADS environment variable for each process to be 1 in default, to avoid your system being overloaded, please further tune the variable for optimal performance in your application as needed. 
W0921 13:51:08.268000 457229 torch/distributed/run.py:982] *****************************************
W0921 13:51:08.275000 191750 torch/distributed/run.py:982] 
W0921 13:51:08.275000 191750 torch/distributed/run.py:982] *****************************************
W0921 13:51:08.275000 191750 torch/distributed/run.py:982] Setting OMP_NUM_THREADS environment variable for each process to be 1 in default, to avoid your system being overloaded, please further tune the variable for optimal performance in your application as needed. 
W0921 13:51:08.275000 191750 torch/distributed/run.py:982] *****************************************
W0921 13:51:08.284000 543371 torch/distributed/run.py:982] 
W0921 13:51:08.284000 543371 torch/distributed/run.py:982] *****************************************
W0921 13:51:08.284000 543371 torch/distributed/run.py:982] Setting OMP_NUM_THREADS environment variable for each process to be 1 in default, to avoid your system being overloaded, please further tune the variable for optimal performance in your application as needed. 
W0921 13:51:08.284000 543371 torch/distributed/run.py:982] *****************************************
W0921 13:51:08.297000 151848 torch/distributed/run.py:982] 
W0921 13:51:08.297000 151848 torch/distributed/run.py:982] *****************************************
W0921 13:51:08.297000 151848 torch/distributed/run.py:982] Setting OMP_NUM_THREADS environment variable for each process to be 1 in default, to avoid your system being overloaded, please further tune the variable for optimal performance in your application as needed. 
W0921 13:51:08.297000 151848 torch/distributed/run.py:982] *****************************************
W0921 13:51:08.331000 158590 torch/distributed/run.py:982] 
W0921 13:51:08.331000 158590 torch/distributed/run.py:982] *****************************************
W0921 13:51:08.331000 158590 torch/distributed/run.py:982] Setting OMP_NUM_THREADS environment variable for each process to be 1 in default, to avoid your system being overloaded, please further tune the variable for optimal performance in your application as needed. 
W0921 13:51:08.331000 158590 torch/distributed/run.py:982] *****************************************
W0921 13:51:08.380000 662770 torch/distributed/run.py:982] 
W0921 13:51:08.380000 662770 torch/distributed/run.py:982] *****************************************
W0921 13:51:08.380000 662770 torch/distributed/run.py:982] Setting OMP_NUM_THREADS environment variable for each process to be 1 in default, to avoid your system being overloaded, please further tune the variable for optimal performance in your application as needed. 
W0921 13:51:08.380000 662770 torch/distributed/run.py:982] *****************************************
W0921 13:51:08.429000 437547 torch/distributed/run.py:982] 
W0921 13:51:08.429000 437547 torch/distributed/run.py:982] *****************************************
W0921 13:51:08.429000 437547 torch/distributed/run.py:982] Setting OMP_NUM_THREADS environment variable for each process to be 1 in default, to avoid your system being overloaded, please further tune the variable for optimal performance in your application as needed. 
W0921 13:51:08.429000 437547 torch/distributed/run.py:982] *****************************************
W0921 13:51:08.550000 534657 torch/distributed/run.py:982] 
W0921 13:51:08.550000 534657 torch/distributed/run.py:982] *****************************************
W0921 13:51:08.550000 534657 torch/distributed/run.py:982] Setting OMP_NUM_THREADS environment variable for each process to be 1 in default, to avoid your system being overloaded, please further tune the variable for optimal performance in your application as needed. 
W0921 13:51:08.550000 534657 torch/distributed/run.py:982] *****************************************
[rank0]:WARNING:absl:Failed to load jax profiler: No module named 'jax'
[rank0]:WARNING:absl:Failed to load jax profiler: No module named 'jax'
[rank0]:WARNING:absl:Failed to load jax profiler: No module named 'jax'
[rank0]:WARNING:absl:Failed to load jax profiler: No module named 'jax'
[rank0]:WARNING:absl:Failed to load jax profiler: No module named 'jax'
[rank0]:WARNING:absl:Failed to load jax profiler: No module named 'jax'
[rank0]:WARNING:absl:Failed to load jax profiler: No module named 'jax'
[rank0]:WARNING:absl:Failed to load jax profiler: No module named 'jax'
[rank0]:WARNING:absl:Failed to load jax profiler: No module named 'jax'
[rank0]:WARNING:absl:Failed to load jax profiler: No module named 'jax'
[rank0]:WARNING:absl:Failed to load jax profiler: No module named 'jax'
[rank0]:WARNING:absl:Failed to load jax profiler: No module named 'jax'
[rank0]:WARNING:absl:Failed to load jax profiler: No module named 'jax'
[rank0]:WARNING:absl:Failed to load jax profiler: No module named 'jax'
[rank0]:WARNING:absl:Failed to load jax profiler: No module named 'jax'
[rank0]:WARNING:absl:Failed to load jax profiler: No module named 'jax'
[rank0]:WARNING:absl:Failed to load jax profiler: No module named 'jax'
[rank0]:WARNING:absl:Failed to load jax profiler: No module named 'jax'
[rank0]:WARNING:absl:Failed to load jax profiler: No module named 'jax'
[rank0]:WARNING:absl:Failed to load jax profiler: No module named 'jax'
[rank0]:WARNING:absl:Failed to load jax profiler: No module named 'jax'
[rank0]:WARNING:absl:Failed to load jax profiler: No module named 'jax'
[rank0]:WARNING:absl:Failed to load jax profiler: No module named 'jax'
[rank0]:WARNING:absl:Failed to load jax profiler: No module named 'jax'
[rank0]:WARNING:absl:Failed to load jax profiler: No module named 'jax'
[rank0]:WARNING:absl:Failed to load jax profiler: No module named 'jax'
[rank0]:WARNING:absl:Failed to load jax profiler: No module named 'jax'
[rank0]:WARNING:absl:Failed to load jax profiler: No module named 'jax'
[rank0]:WARNING:absl:Failed to load jax profiler: No module named 'jax'
[rank0]:WARNING:absl:Failed to load jax profiler: No module named 'jax'
[rank0]:WARNING:absl:Failed to load jax profiler: No module named 'jax'
[rank0]:W0921 13:51:40.376000 662964 torch/utils/_pytree.py:630] <enum 'KernelPreference'> is an Enum subclass and is now natively supported by torch.compile as an opaque value type. Calling register_constant() on Enum subclasses is deprecated and will be an error in a future release.
[rank0]:W0921 13:51:40.410000 662964 torch/utils/_pytree.py:630] <enum 'ScaleCalculationMode'> is an Enum subclass and is now natively supported by torch.compile as an opaque value type. Calling register_constant() on Enum subclasses is deprecated and will be an error in a future release.
[rank0]:W0921 13:51:41.747000 153020 torch/utils/_pytree.py:630] <enum 'KernelPreference'> is an Enum subclass and is now natively supported by torch.compile as an opaque value type. Calling register_constant() on Enum subclasses is deprecated and will be an error in a future release.
[rank0]:W0921 13:51:41.774000 189287 torch/utils/_pytree.py:630] <enum 'KernelPreference'> is an Enum subclass and is now natively supported by torch.compile as an opaque value type. Calling register_constant() on Enum subclasses is deprecated and will be an error in a future release.
[rank0]:W0921 13:51:41.829000 189287 torch/utils/_pytree.py:630] <enum 'ScaleCalculationMode'> is an Enum subclass and is now natively supported by torch.compile as an opaque value type. Calling register_constant() on Enum subclasses is deprecated and will be an error in a future release.
[rank0]:W0921 13:51:41.790000 153020 torch/utils/_pytree.py:630] <enum 'ScaleCalculationMode'> is an Enum subclass and is now natively supported by torch.compile as an opaque value type. Calling register_constant() on Enum subclasses is deprecated and will be an error in a future release.
[rank0]:W0921 13:51:41.907000 177396 torch/utils/_pytree.py:630] <enum 'KernelPreference'> is an Enum subclass and is now natively supported by torch.compile as an opaque value type. Calling register_constant() on Enum subclasses is deprecated and will be an error in a future release.
[rank0]:W0921 13:51:41.955000 177396 torch/utils/_pytree.py:630] <enum 'ScaleCalculationMode'> is an Enum subclass and is now natively supported by torch.compile as an opaque value type. Calling register_constant() on Enum subclasses is deprecated and will be an error in a future release.
[rank0]:W0921 13:51:41.940000 437724 torch/utils/_pytree.py:630] <enum 'KernelPreference'> is an Enum subclass and is now natively supported by torch.compile as an opaque value type. Calling register_constant() on Enum subclasses is deprecated and will be an error in a future release.
[rank0]:W0921 13:51:42.036000 151301 torch/utils/_pytree.py:630] <enum 'KernelPreference'> is an Enum subclass and is now natively supported by torch.compile as an opaque value type. Calling register_constant() on Enum subclasses is deprecated and will be an error in a future release.
[rank0]:W0921 13:51:42.034000 146513 torch/utils/_pytree.py:630] <enum 'KernelPreference'> is an Enum subclass and is now natively supported by torch.compile as an opaque value type. Calling register_constant() on Enum subclasses is deprecated and will be an error in a future release.
[rank0]:W0921 13:51:42.051000 145480 torch/utils/_pytree.py:630] <enum 'KernelPreference'> is an Enum subclass and is now natively supported by torch.compile as an opaque value type. Calling register_constant() on Enum subclasses is deprecated and will be an error in a future release.
[rank0]:W0921 13:51:41.987000 437724 torch/utils/_pytree.py:630] <enum 'ScaleCalculationMode'> is an Enum subclass and is now natively supported by torch.compile as an opaque value type. Calling register_constant() on Enum subclasses is deprecated and will be an error in a future release.
[rank0]:W0921 13:51:42.033000 152689 torch/utils/_pytree.py:630] <enum 'KernelPreference'> is an Enum subclass and is now natively supported by torch.compile as an opaque value type. Calling register_constant() on Enum subclasses is deprecated and will be an error in a future release.
[rank0]:W0921 13:51:42.085000 151301 torch/utils/_pytree.py:630] <enum 'ScaleCalculationMode'> is an Enum subclass and is now natively supported by torch.compile as an opaque value type. Calling register_constant() on Enum subclasses is deprecated and will be an error in a future release.
[rank0]:W0921 13:51:42.134000 192264 torch/utils/_pytree.py:630] <enum 'KernelPreference'> is an Enum subclass and is now natively supported by torch.compile as an opaque value type. Calling register_constant() on Enum subclasses is deprecated and will be an error in a future release.
[rank0]:W0921 13:51:42.078000 146513 torch/utils/_pytree.py:630] <enum 'ScaleCalculationMode'> is an Enum subclass and is now natively supported by torch.compile as an opaque value type. Calling register_constant() on Enum subclasses is deprecated and will be an error in a future release.
[rank0]:W0921 13:51:42.099000 145480 torch/utils/_pytree.py:630] <enum 'ScaleCalculationMode'> is an Enum subclass and is now natively supported by torch.compile as an opaque value type. Calling register_constant() on Enum subclasses is deprecated and will be an error in a future release.
[rank0]:W0921 13:51:42.104000 146127 torch/utils/_pytree.py:630] <enum 'KernelPreference'> is an Enum subclass and is now natively supported by torch.compile as an opaque value type. Calling register_constant() on Enum subclasses is deprecated and will be an error in a future release.
[rank0]:W0921 13:51:42.159000 146127 torch/utils/_pytree.py:630] <enum 'ScaleCalculationMode'> is an Enum subclass and is now natively supported by torch.compile as an opaque value type. Calling register_constant() on Enum subclasses is deprecated and will be an error in a future release.
[rank0]:W0921 13:51:42.104000 146099 torch/utils/_pytree.py:630] <enum 'KernelPreference'> is an Enum subclass and is now natively supported by torch.compile as an opaque value type. Calling register_constant() on Enum subclasses is deprecated and will be an error in a future release.
[rank0]:W0921 13:51:42.151000 146099 torch/utils/_pytree.py:630] <enum 'ScaleCalculationMode'> is an Enum subclass and is now natively supported by torch.compile as an opaque value type. Calling register_constant() on Enum subclasses is deprecated and will be an error in a future release.
[rank0]:W0921 13:51:42.093000 193713 torch/utils/_pytree.py:630] <enum 'KernelPreference'> is an Enum subclass and is now natively supported by torch.compile as an opaque value type. Calling register_constant() on Enum subclasses is deprecated and will be an error in a future release.
[rank0]:W0921 13:51:42.137000 193713 torch/utils/_pytree.py:630] <enum 'ScaleCalculationMode'> is an Enum subclass and is now natively supported by torch.compile as an opaque value type. Calling register_constant() on Enum subclasses is deprecated and will be an error in a future release.
[rank0]:W0921 13:51:42.085000 152689 torch/utils/_pytree.py:630] <enum 'ScaleCalculationMode'> is an Enum subclass and is now natively supported by torch.compile as an opaque value type. Calling register_constant() on Enum subclasses is deprecated and will be an error in a future release.
[rank0]:W0921 13:51:42.225000 533902 torch/utils/_pytree.py:630] <enum 'KernelPreference'> is an Enum subclass and is now natively supported by torch.compile as an opaque value type. Calling register_constant() on Enum subclasses is deprecated and will be an error in a future release.
[rank0]:W0921 13:51:42.182000 192264 torch/utils/_pytree.py:630] <enum 'ScaleCalculationMode'> is an Enum subclass and is now natively supported by torch.compile as an opaque value type. Calling register_constant() on Enum subclasses is deprecated and will be an error in a future release.
[rank0]:W0921 13:51:42.209000 149590 torch/utils/_pytree.py:630] <enum 'KernelPreference'> is an Enum subclass and is now natively supported by torch.compile as an opaque value type. Calling register_constant() on Enum subclasses is deprecated and will be an error in a future release.
[rank0]:W0921 13:51:42.255000 149590 torch/utils/_pytree.py:630] <enum 'ScaleCalculationMode'> is an Enum subclass and is now natively supported by torch.compile as an opaque value type. Calling register_constant() on Enum subclasses is deprecated and will be an error in a future release.
[rank0]:W0921 13:51:42.296000 154715 torch/utils/_pytree.py:630] <enum 'KernelPreference'> is an Enum subclass and is now natively supported by torch.compile as an opaque value type. Calling register_constant() on Enum subclasses is deprecated and will be an error in a future release.
[rank0]:W0921 13:51:42.347000 154715 torch/utils/_pytree.py:630] <enum 'ScaleCalculationMode'> is an Enum subclass and is now natively supported by torch.compile as an opaque value type. Calling register_constant() on Enum subclasses is deprecated and will be an error in a future release.
[rank0]:W0921 13:51:42.290000 224121 torch/utils/_pytree.py:630] <enum 'KernelPreference'> is an Enum subclass and is now natively supported by torch.compile as an opaque value type. Calling register_constant() on Enum subclasses is deprecated and will be an error in a future release.
[rank0]:W0921 13:51:42.339000 224121 torch/utils/_pytree.py:630] <enum 'ScaleCalculationMode'> is an Enum subclass and is now natively supported by torch.compile as an opaque value type. Calling register_constant() on Enum subclasses is deprecated and will be an error in a future release.
[rank0]:W0921 13:51:42.273000 533902 torch/utils/_pytree.py:630] <enum 'ScaleCalculationMode'> is an Enum subclass and is now natively supported by torch.compile as an opaque value type. Calling register_constant() on Enum subclasses is deprecated and will be an error in a future release.
[rank0]:W0921 13:51:42.331000 152027 torch/utils/_pytree.py:630] <enum 'KernelPreference'> is an Enum subclass and is now natively supported by torch.compile as an opaque value type. Calling register_constant() on Enum subclasses is deprecated and will be an error in a future release.
[rank0]:W0921 13:51:42.357000 151774 torch/utils/_pytree.py:630] <enum 'KernelPreference'> is an Enum subclass and is now natively supported by torch.compile as an opaque value type. Calling register_constant() on Enum subclasses is deprecated and will be an error in a future release.
[rank0]:W0921 13:51:42.458000 158770 torch/utils/_pytree.py:630] <enum 'KernelPreference'> is an Enum subclass and is now natively supported by torch.compile as an opaque value type. Calling register_constant() on Enum subclasses is deprecated and will be an error in a future release.
[rank0]:W0921 13:51:42.411000 153667 torch/utils/_pytree.py:630] <enum 'KernelPreference'> is an Enum subclass and is now natively supported by torch.compile as an opaque value type. Calling register_constant() on Enum subclasses is deprecated and will be an error in a future release.
[rank0]:W0921 13:51:42.383000 147164 torch/utils/_pytree.py:630] <enum 'KernelPreference'> is an Enum subclass and is now natively supported by torch.compile as an opaque value type. Calling register_constant() on Enum subclasses is deprecated and will be an error in a future release.
[rank0]:W0921 13:51:42.438000 147164 torch/utils/_pytree.py:630] <enum 'ScaleCalculationMode'> is an Enum subclass and is now natively supported by torch.compile as an opaque value type. Calling register_constant() on Enum subclasses is deprecated and will be an error in a future release.
[rank0]:W0921 13:51:42.371000 534693 torch/utils/_pytree.py:630] <enum 'KernelPreference'> is an Enum subclass and is now natively supported by torch.compile as an opaque value type. Calling register_constant() on Enum subclasses is deprecated and will be an error in a future release.
[rank0]:W0921 13:51:42.424000 534693 torch/utils/_pytree.py:630] <enum 'ScaleCalculationMode'> is an Enum subclass and is now natively supported by torch.compile as an opaque value type. Calling register_constant() on Enum subclasses is deprecated and will be an error in a future release.
[rank0]:W0921 13:51:42.383000 152027 torch/utils/_pytree.py:630] <enum 'ScaleCalculationMode'> is an Enum subclass and is now natively supported by torch.compile as an opaque value type. Calling register_constant() on Enum subclasses is deprecated and will be an error in a future release.
[rank0]:W0921 13:51:42.445000 144876 torch/utils/_pytree.py:630] <enum 'KernelPreference'> is an Enum subclass and is now natively supported by torch.compile as an opaque value type. Calling register_constant() on Enum subclasses is deprecated and will be an error in a future release.
[rank0]:W0921 13:51:42.410000 151774 torch/utils/_pytree.py:630] <enum 'ScaleCalculationMode'> is an Enum subclass and is now natively supported by torch.compile as an opaque value type. Calling register_constant() on Enum subclasses is deprecated and will be an error in a future release.
[rank0]:W0921 13:51:42.434000 534834 torch/utils/_pytree.py:630] <enum 'KernelPreference'> is an Enum subclass and is now natively supported by torch.compile as an opaque value type. Calling register_constant() on Enum subclasses is deprecated and will be an error in a future release.
[rank0]:W0921 13:51:42.514000 158770 torch/utils/_pytree.py:630] <enum 'ScaleCalculationMode'> is an Enum subclass and is now natively supported by torch.compile as an opaque value type. Calling register_constant() on Enum subclasses is deprecated and will be an error in a future release.
[rank0]:W0921 13:51:42.522000 189242 torch/utils/_pytree.py:630] <enum 'KernelPreference'> is an Enum subclass and is now natively supported by torch.compile as an opaque value type. Calling register_constant() on Enum subclasses is deprecated and will be an error in a future release.
[rank0]:W0921 13:51:42.469000 153667 torch/utils/_pytree.py:630] <enum 'ScaleCalculationMode'> is an Enum subclass and is now natively supported by torch.compile as an opaque value type. Calling register_constant() on Enum subclasses is deprecated and will be an error in a future release.
[rank0]:W0921 13:51:42.545000 543553 torch/utils/_pytree.py:630] <enum 'KernelPreference'> is an Enum subclass and is now natively supported by torch.compile as an opaque value type. Calling register_constant() on Enum subclasses is deprecated and will be an error in a future release.
[rank0]:W0921 13:51:42.500000 144876 torch/utils/_pytree.py:630] <enum 'ScaleCalculationMode'> is an Enum subclass and is now natively supported by torch.compile as an opaque value type. Calling register_constant() on Enum subclasses is deprecated and will be an error in a future release.
[rank0]:W0921 13:51:42.547000 145831 torch/utils/_pytree.py:630] <enum 'KernelPreference'> is an Enum subclass and is now natively supported by torch.compile as an opaque value type. Calling register_constant() on Enum subclasses is deprecated and will be an error in a future release.
[rank0]:W0921 13:51:42.469000 191293 torch/utils/_pytree.py:630] <enum 'KernelPreference'> is an Enum subclass and is now natively supported by torch.compile as an opaque value type. Calling register_constant() on Enum subclasses is deprecated and will be an error in a future release.
[rank0]:W0921 13:51:42.516000 191293 torch/utils/_pytree.py:630] <enum 'ScaleCalculationMode'> is an Enum subclass and is now natively supported by torch.compile as an opaque value type. Calling register_constant() on Enum subclasses is deprecated and will be an error in a future release.
[rank0]:W0921 13:51:42.487000 534834 torch/utils/_pytree.py:630] <enum 'ScaleCalculationMode'> is an Enum subclass and is now natively supported by torch.compile as an opaque value type. Calling register_constant() on Enum subclasses is deprecated and will be an error in a future release.
[rank0]:W0921 13:51:42.564000 189242 torch/utils/_pytree.py:630] <enum 'ScaleCalculationMode'> is an Enum subclass and is now natively supported by torch.compile as an opaque value type. Calling register_constant() on Enum subclasses is deprecated and will be an error in a future release.
[rank0]:W0921 13:51:42.595000 543553 torch/utils/_pytree.py:630] <enum 'ScaleCalculationMode'> is an Enum subclass and is now natively supported by torch.compile as an opaque value type. Calling register_constant() on Enum subclasses is deprecated and will be an error in a future release.
[rank0]:W0921 13:51:42.600000 145831 torch/utils/_pytree.py:630] <enum 'ScaleCalculationMode'> is an Enum subclass and is now natively supported by torch.compile as an opaque value type. Calling register_constant() on Enum subclasses is deprecated and will be an error in a future release.
[rank0]:W0921 13:51:42.636000 191929 torch/utils/_pytree.py:630] <enum 'KernelPreference'> is an Enum subclass and is now natively supported by torch.compile as an opaque value type. Calling register_constant() on Enum subclasses is deprecated and will be an error in a future release.
[rank0]:W0921 13:51:42.684000 191929 torch/utils/_pytree.py:630] <enum 'ScaleCalculationMode'> is an Enum subclass and is now natively supported by torch.compile as an opaque value type. Calling register_constant() on Enum subclasses is deprecated and will be an error in a future release.
[rank0]:WARNING:absl:Failed to load jax profiler: No module named 'jax'
[rank0]:W0921 13:51:46.004000 468462 torch/utils/_pytree.py:630] <enum 'KernelPreference'> is an Enum subclass and is now natively supported by torch.compile as an opaque value type. Calling register_constant() on Enum subclasses is deprecated and will be an error in a future release.
[rank0]:W0921 13:51:46.044000 468462 torch/utils/_pytree.py:630] <enum 'ScaleCalculationMode'> is an Enum subclass and is now natively supported by torch.compile as an opaque value type. Calling register_constant() on Enum subclasses is deprecated and will be an error in a future release.
[rank0]:W0921 13:51:46.927000 457409 torch/utils/_pytree.py:630] <enum 'KernelPreference'> is an Enum subclass and is now natively supported by torch.compile as an opaque value type. Calling register_constant() on Enum subclasses is deprecated and will be an error in a future release.
[rank0]:W0921 13:51:46.970000 457409 torch/utils/_pytree.py:630] <enum 'ScaleCalculationMode'> is an Enum subclass and is now natively supported by torch.compile as an opaque value type. Calling register_constant() on Enum subclasses is deprecated and will be an error in a future release.
[rank0]:[titan] 2026-09-21 13:51:42,941 - __main__ - INFO - torchtitan version: 0.2.2 (0.0.0 means __version__ is not defined correctly).
[rank0]:[titan] 2026-09-21 13:51:42,981 - torchtitan.components.checkpointer.base - WARNING - initial_load_model_only=True has no effect without an initial_load_path.
[rank0]:[titan] 2026-09-21 13:51:43,071 - torchtitan.components.checkpointer.base - WARNING - initial_load_model_only=True has no effect without an initial_load_path.
[rank0]:[titan] 2026-09-21 13:51:43,076 - torchtitan.observability.structured_logger.jsonl_handler - INFO - Structured logging -> JSONL: /mnt/dgxc/chelsea/torchtitan/outputs/structured_logs/training.global_rank_28.20260921-135143-LWACKH.jsonl
[rank0]:[titan] 2026-09-21 13:51:43,643 - torchtitan.distributed.utils - INFO - FP32 CUDA matmul precision: tf32
[rank0]:[titan] 2026-09-21 13:51:43,643 - torchtitan.distributed.utils - WARNING - ENV[TORCH_NCCL_ASYNC_ERROR_HANDLING] = 1 will be overridden to 3 based on job config
[rank0]:[titan] 2026-09-21 13:51:55,551 - torchtitan.distributed.parallel_dims - INFO - Building device mesh with parallelism: pp=1, dp_replicate=4, dp_shard=32, cp=1, tp=1, ep=2
[rank0]:[titan] 2026-09-21 13:52:15,147 - torchtitan.distributed.parallel_dims - INFO - Successfully created meshes with active dimensions: ['batch', 'loss', 'dp_replicate', 'ep', 'efsdp', 'dp', 'dp_shard']
[rank0]:[titan] 2026-09-21 13:52:15,148 - torchtitan.tools.utils - INFO - [GC] Initial GC collection took 0.00 seconds
[rank0]:[titan] 2026-09-21 13:52:16,112 - torchtitan.trainer - INFO - Building deepseek_v4 deepseek_v4_flash
[rank0]:[titan] 2026-09-21 13:52:16,649 - torchtitan.config.configurable - WARNING - Config field value of type dtype may not be JSON serializable
[rank0]:[titan] 2026-09-21 13:52:16,650 - torchtitan.config.configurable - WARNING - Config field value of type dtype may not be JSON serializable
[rank0]:[titan] 2026-09-21 13:52:16,651 - torchtitan.config.configurable - WARNING - Config field value of type dtype may not be JSON serializable
[rank0]:[titan] 2026-09-21 13:52:16,651 - torchtitan.config.configurable - WARNING - Config field value of type dtype may not be JSON serializable
[rank0]:[titan] 2026-09-21 13:52:16,652 - torchtitan.config.configurable - WARNING - Config field value of type dtype may not be JSON serializable
[rank0]:[titan] 2026-09-21 13:52:16,653 - torchtitan.config.configurable - WARNING - Config field value of type dtype may not be JSON serializable
[rank0]:[titan] 2026-09-21 13:52:16,654 - torchtitan.config.configurable - WARNING - Config field value of type dtype may not be JSON serializable
[rank0]:[titan] 2026-09-21 13:52:16,654 - torchtitan.config.configurable - WARNING - Config field value of type dtype may not be JSON serializable
[rank0]:[titan] 2026-09-21 13:52:16,655 - torchtitan.config.configurable - WARNING - Config field value of type dtype may not be JSON serializable
[rank0]:[titan] 2026-09-21 13:52:16,656 - torchtitan.config.configurable - WARNING - Config field value of type dtype may not be JSON serializable
[rank0]:[titan] 2026-09-21 13:52:16,656 - torchtitan.config.configurable - WARNING - Config field value of type dtype may not be JSON serializable
[rank0]:[titan] 2026-09-21 13:52:16,657 - torchtitan.config.configurable - WARNING - Config field value of type dtype may not be JSON serializable
[rank0]:[titan] 2026-09-21 13:52:16,658 - torchtitan.config.configurable - WARNING - Config field value of type dtype may not be JSON serializable
[rank0]:[titan] 2026-09-21 13:52:16,658 - torchtitan.config.configurable - WARNING - Config field value of type dtype may not be JSON serializable
[rank0]:[titan] 2026-09-21 13:52:16,659 - torchtitan.config.configurable - WARNING - Config field value of type dtype may not be JSON serializable
[rank0]:[titan] 2026-09-21 13:52:16,660 - torchtitan.config.configurable - WARNING - Config field value of type dtype may not be JSON serializable
[rank0]:[titan] 2026-09-21 13:51:43,155 - __main__ - INFO - torchtitan version: 0.2.2 (0.0.0 means __version__ is not defined correctly).
[rank0]:[titan] 2026-09-21 13:51:43,202 - torchtitan.components.checkpointer.base - WARNING - initial_load_model_only=True has no effect without an initial_load_path.
[rank0]:[titan] 2026-09-21 13:51:43,301 - torchtitan.components.checkpointer.base - WARNING - initial_load_model_only=True has no effect without an initial_load_path.
[rank0]:[titan] 2026-09-21 13:51:43,306 - torchtitan.observability.structured_logger.jsonl_handler - INFO - Structured logging -> JSONL: /mnt/dgxc/chelsea/torchtitan/outputs/structured_logs/training.global_rank_32.20260921-135143-3XRE01.jsonl
[rank0]:[titan] 2026-09-21 13:51:43,815 - torchtitan.distributed.utils - INFO - FP32 CUDA matmul precision: tf32
[rank0]:[titan] 2026-09-21 13:51:43,815 - torchtitan.distributed.utils - WARNING - ENV[TORCH_NCCL_ASYNC_ERROR_HANDLING] = 1 will be overridden to 3 based on job config
[rank0]:[titan] 2026-09-21 13:52:16,660 - torchtitan.config.configurable - WARNING - Config field value of type dtype may not be JSON serializable
[rank0]:[titan] 2026-09-21 13:52:16,661 - torchtitan.config.configurable - WARNING - Config field value of type dtype may not be JSON serializable
[rank0]:[titan] 2026-09-21 13:52:16,662 - torchtitan.config.configurable - WARNING - Config field value of type dtype may not be JSON serializable
[rank0]:[titan] 2026-09-21 13:52:16,663 - torchtitan.config.configurable - WARNING - Config field value of type dtype may not be JSON serializable
[rank0]:[titan] 2026-09-21 13:52:16,663 - torchtitan.config.configurable - WARNING - Config field value of type dtype may not be JSON serializable
[rank0]:[titan] 2026-09-21 13:52:16,664 - torchtitan.config.configurable - WARNING - Config field value of type dtype may not be JSON serializable
[rank0]:[titan] 2026-09-21 13:52:16,665 - torchtitan.config.configurable - WARNING - Config field value of type dtype may not be JSON serializable
[rank0]:[titan] 2026-09-21 13:52:16,665 - torchtitan.config.configurable - WARNING - Config field value of type dtype may not be JSON serializable
[rank0]:[titan] 2026-09-21 13:52:16,666 - torchtitan.config.configurable - WARNING - Config field value of type dtype may not be JSON serializable
[rank0]:[titan] 2026-09-21 13:52:16,667 - torchtitan.config.configurable - WARNING - Config field value of type dtype may not be JSON serializable
[rank0]:[titan] 2026-09-21 13:52:16,667 - torchtitan.config.configurable - WARNING - Config field value of type dtype may not be JSON serializable
[rank0]:[titan] 2026-09-21 13:52:16,668 - torchtitan.config.configurable - WARNING - Config field value of type dtype may not be JSON serializable
[rank0]:[titan] 2026-09-21 13:52:16,669 - torchtitan.config.configurable - WARNING - Config field value of type dtype may not be JSON serializable
[rank0]:[titan] 2026-09-21 13:52:16,669 - torchtitan.config.configurable - WARNING - Config field value of type dtype may not be JSON serializable
[rank0]:[titan] 2026-09-21 13:52:16,670 - torchtitan.config.configurable - WARNING - Config field value of type dtype may not be JSON serializable
[rank0]:[titan] 2026-09-21 13:52:16,671 - torchtitan.config.configurable - WARNING - Config field value of type dtype may not be JSON serializable
[rank0]:[titan] 2026-09-21 13:52:16,671 - torchtitan.config.configurable - WARNING - Config field value of type dtype may not be JSON serializable
[rank0]:[titan] 2026-09-21 13:52:16,672 - torchtitan.config.configurable - WARNING - Config field value of type dtype may not be JSON serializable
[rank0]:[titan] 2026-09-21 13:52:16,673 - torchtitan.config.configurable - WARNING - Config field value of type dtype may not be JSON serializable
[rank0]:[titan] 2026-09-21 13:52:16,673 - torchtitan.config.configurable - WARNING - Config field value of type dtype may not be JSON serializable
[rank0]:[titan] 2026-09-21 13:52:16,674 - torchtitan.config.configurable - WARNING - Config field value of type dtype may not be JSON serializable
[rank0]:[titan] 2026-09-21 13:52:16,675 - torchtitan.config.configurable - WARNING - Config field value of type dtype may not be JSON serializable
[rank0]:[titan] 2026-09-21 13:52:16,675 - torchtitan.config.configurable - WARNING - Config field value of type dtype may not be JSON serializable
[rank0]:[titan] 2026-09-21 13:52:16,676 - torchtitan.config.configurable - WARNING - Config field value of type dtype may not be JSON serializable
[rank0]:[titan] 2026-09-21 13:51:55,543 - torchtitan.distributed.parallel_dims - INFO - Building device mesh with parallelism: pp=1, dp_replicate=4, dp_shard=32, cp=1, tp=1, ep=2
[rank0]:[titan] 2026-09-21 13:52:15,419 - torchtitan.distributed.parallel_dims - INFO - Successfully created meshes with active dimensions: ['batch', 'loss', 'dp_replicate', 'ep', 'efsdp', 'dp', 'dp_shard']
[rank0]:[titan] 2026-09-21 13:52:15,420 - torchtitan.tools.utils - INFO - [GC] Initial GC collection took 0.00 seconds
[rank0]:[titan] 2026-09-21 13:52:16,116 - torchtitan.trainer - INFO - Building deepseek_v4 deepseek_v4_flash
[rank0]:[titan] 2026-09-21 13:52:16,654 - torchtitan.config.configurable - WARNING - Config field value of type dtype may not be JSON serializable
[rank0]:[titan] 2026-09-21 13:52:16,655 - torchtitan.config.configurable - WARNING - Config field value of type dtype may not be JSON serializable
[rank0]:[titan] 2026-09-21 13:52:16,677 - torchtitan.config.configurable - WARNING - Config field value of type dtype may not be JSON serializable
[rank0]:[titan] 2026-09-21 13:52:16,677 - torchtitan.config.configurable - WARNING - Config field value of type dtype may not be JSON serializable
[rank0]:[titan] 2026-09-21 13:52:16,678 - torchtitan.config.configurable - WARNING - Config field value of type dtype may not be JSON serializable
[rank0]:[titan] 2026-09-21 13:52:16,656 - torchtitan.config.configurable - WARNING - Config field value of type dtype may not be JSON serializable
[rank0]:[titan] 2026-09-21 13:52:16,656 - torchtitan.config.configurable - WARNING - Config field value of type dtype may not be JSON serializable
[rank0]:[titan] 2026-09-21 13:52:16,657 - torchtitan.config.configurable - WARNING - Config field value of type dtype may not be JSON serializable
[rank0]:[titan] 2026-09-21 13:52:16,658 - torchtitan.config.configurable - WARNING - Config field value of type dtype may not be JSON serializable
[rank0]:[titan] 2026-09-21 13:52:16,658 - torchtitan.config.configurable - WARNING - Config field value of type dtype may not be JSON serializable
[rank0]:[titan] 2026-09-21 13:52:16,659 - torchtitan.config.configurable - WARNING - Config field value of type dtype may not be JSON serializable
[rank0]:[titan] 2026-09-21 13:52:16,683 - torchtitan.observability.metrics - INFO - CUDA capacity: NVIDIA GB300 with 276.50GiB memory
[rank0]:[titan] 2026-09-21 13:52:16,726 - torchtitan.models.utils - INFO - Total parameter count: 284,332,230,231, active parameters: 13,270,091,351
[rank0]:[titan] 2026-09-21 13:52:16,660 - torchtitan.config.configurable - WARNING - Config field value of type dtype may not be JSON serializable
[rank0]:[titan] 2026-09-21 13:52:16,660 - torchtitan.config.configurable - WARNING - Config field value of type dtype may not be JSON serializable
[rank0]:[titan] 2026-09-21 13:52:16,661 - torchtitan.config.configurable - WARNING - Config field value of type dtype may not be JSON serializable
[rank0]:[titan] 2026-09-21 13:52:16,662 - torchtitan.config.configurable - WARNING - Config field value of type dtype may not be JSON serializable
[rank0]:[titan] 2026-09-21 13:52:16,663 - torchtitan.config.configurable - WARNING - Config field value of type dtype may not be JSON serializable
[rank0]:[titan] 2026-09-21 13:52:16,663 - torchtitan.config.configurable - WARNING - Config field value of type dtype may not be JSON serializable
[rank0]:[titan] 2026-09-21 13:52:16,664 - torchtitan.config.configurable - WARNING - Config field value of type dtype may not be JSON serializable
[rank0]:[titan] 2026-09-21 13:52:16,665 - torchtitan.config.configurable - WARNING - Config field value of type dtype may not be JSON serializable
[rank0]:[titan] 2026-09-21 13:52:16,666 - torchtitan.config.configurable - WARNING - Config field value of type dtype may not be JSON serializable
[rank0]:[titan] 2026-09-21 13:52:16,666 - torchtitan.config.configurable - WARNING - Config field value of type dtype may not be JSON serializable
[rank0]:[titan] 2026-09-21 13:52:16,667 - torchtitan.config.configurable - WARNING - Config field value of type dtype may not be JSON serializable
[rank0]:[titan] 2026-09-21 13:52:16,668 - torchtitan.config.configurable - WARNING - Config field value of type dtype may not be JSON serializable
[rank0]:[titan] 2026-09-21 13:52:16,668 - torchtitan.config.configurable - WARNING - Config field value of type dtype may not be JSON serializable
[rank0]:[titan] 2026-09-21 13:52:16,669 - torchtitan.config.configurable - WARNING - Config field value of type dtype may not be JSON serializable
[rank0]:[titan] 2026-09-21 13:52:16,670 - torchtitan.config.configurable - WARNING - Config field value of type dtype may not be JSON serializable
[rank0]:[titan] 2026-09-21 13:52:16,671 - torchtitan.config.configurable - WARNING - Config field value of type dtype may not be JSON serializable
[rank0]:[titan] 2026-09-21 13:52:16,672 - torchtitan.config.configurable - WARNING - Config field value of type dtype may not be JSON serializable
[rank0]:[titan] 2026-09-21 13:52:16,672 - torchtitan.config.configurable - WARNING - Config field value of type dtype may not be JSON serializable
[rank0]:[titan] 2026-09-21 13:52:16,673 - torchtitan.config.configurable - WARNING - Config field value of type dtype may not be JSON serializable
[rank0]:[titan] 2026-09-21 13:52:16,674 - torchtitan.config.configurable - WARNING - Config field value of type dtype may not be JSON serializable
[rank0]:[titan] 2026-09-21 13:52:16,675 - torchtitan.config.configurable - WARNING - Config field value of type dtype may not be JSON serializable
[rank0]:[titan] 2026-09-21 13:52:16,676 - torchtitan.config.configurable - WARNING - Config field value of type dtype may not be JSON serializable
[rank0]:[titan] 2026-09-21 13:52:16,677 - torchtitan.config.configurable - WARNING - Config field value of type dtype may not be JSON serializable
[rank0]:[titan] 2026-09-21 13:52:16,677 - torchtitan.config.configurable - WARNING - Config field value of type dtype may not be JSON serializable
[rank0]:[titan] 2026-09-21 13:52:16,678 - torchtitan.config.configurable - WARNING - Config field value of type dtype may not be JSON serializable
[rank0]:[titan] 2026-09-21 13:52:16,679 - torchtitan.config.configurable - WARNING - Config field value of type dtype may not be JSON serializable
[rank0]:[titan] 2026-09-21 13:52:16,680 - torchtitan.config.configurable - WARNING - Config field value of type dtype may not be JSON serializable
[rank0]:[titan] 2026-09-21 13:52:16,680 - torchtitan.config.configurable - WARNING - Config field value of type dtype may not be JSON serializable
[rank0]:[titan] 2026-09-21 13:52:16,681 - torchtitan.config.configurable - WARNING - Config field value of type dtype may not be JSON serializable
[rank0]:[titan] 2026-09-21 13:52:16,682 - torchtitan.config.configurable - WARNING - Config field value of type dtype may not be JSON serializable
[rank0]:[titan] 2026-09-21 13:52:16,682 - torchtitan.config.configurable - WARNING - Config field value of type dtype may not be JSON serializable
[rank0]:[titan] 2026-09-21 13:52:16,683 - torchtitan.config.configurable - WARNING - Config field value of type dtype may not be JSON serializable
[rank0]:[titan] 2026-09-21 13:52:16,684 - torchtitan.config.configurable - WARNING - Config field value of type dtype may not be JSON serializable
[rank0]:[titan] 2026-09-21 13:52:16,684 - torchtitan.config.configurable - WARNING - Config field value of type dtype may not be JSON serializable
[rank0]:[titan] 2026-09-21 13:52:16,685 - torchtitan.config.configurable - WARNING - Config field value of type dtype may not be JSON serializable
[rank0]:[titan] 2026-09-21 13:52:16,690 - torchtitan.observability.metrics - INFO - CUDA capacity: NVIDIA GB300 with 276.50GiB memory
[rank0]:[titan] 2026-09-21 13:52:16,738 - torchtitan.models.utils - INFO - Total parameter count: 284,332,230,231, active parameters: 13,270,091,351
[rank0]:[titan] 2026-09-21 13:51:43,099 - __main__ - INFO - torchtitan version: 0.2.2 (0.0.0 means __version__ is not defined correctly).
[rank0]:[titan] 2026-09-21 13:51:43,144 - torchtitan.components.checkpointer.base - WARNING - initial_load_model_only=True has no effect without an initial_load_path.
[rank0]:[titan] 2026-09-21 13:51:43,243 - torchtitan.components.checkpointer.base - WARNING - initial_load_model_only=True has no effect without an initial_load_path.
[rank0]:[titan] 2026-09-21 13:51:43,248 - torchtitan.observability.structured_logger.jsonl_handler - INFO - Structured logging -> JSONL: /mnt/dgxc/chelsea/torchtitan/outputs/structured_logs/training.global_rank_40.20260921-135143-T9JRY3.jsonl
[rank0]:[titan] 2026-09-21 13:51:43,813 - torchtitan.distributed.utils - INFO - FP32 CUDA matmul precision: tf32
[rank0]:[titan] 2026-09-21 13:51:43,813 - torchtitan.distributed.utils - WARNING - ENV[TORCH_NCCL_ASYNC_ERROR_HANDLING] = 1 will be overridden to 3 based on job config
[rank0]:[titan] 2026-09-21 13:51:55,544 - torchtitan.distributed.parallel_dims - INFO - Building device mesh with parallelism: pp=1, dp_replicate=4, dp_shard=32, cp=1, tp=1, ep=2
[rank0]:[titan] 2026-09-21 13:52:15,413 - torchtitan.distributed.parallel_dims - INFO - Successfully created meshes with active dimensions: ['batch', 'loss', 'dp_replicate', 'ep', 'efsdp', 'dp', 'dp_shard']
[rank0]:[titan] 2026-09-21 13:52:15,413 - torchtitan.tools.utils - INFO - [GC] Initial GC collection took 0.00 seconds
[rank0]:[titan] 2026-09-21 13:52:16,120 - torchtitan.trainer - INFO - Building deepseek_v4 deepseek_v4_flash
[rank0]:[titan] 2026-09-21 13:52:16,651 - torchtitan.config.configurable - WARNING - Config field value of type dtype may not be JSON serializable
[rank0]:[titan] 2026-09-21 13:52:16,651 - torchtitan.config.configurable - WARNING - Config field value of type dtype may not be JSON serializable
[rank0]:[titan] 2026-09-21 13:52:16,652 - torchtitan.config.configurable - WARNING - Config field value of type dtype may not be JSON serializable
[rank0]:[titan] 2026-09-21 13:52:16,653 - torchtitan.config.configurable - WARNING - Config field value of type dtype may not be JSON serializable
[rank0]:[titan] 2026-09-21 13:52:16,653 - torchtitan.config.configurable - WARNING - Config field value of type dtype may not be JSON serializable
[rank0]:[titan] 2026-09-21 13:52:16,654 - torchtitan.config.configurable - WARNING - Config field value of type dtype may not be JSON serializable
[rank0]:[titan] 2026-09-21 13:52:16,655 - torchtitan.config.configurable - WARNING - Config field value of type dtype may not be JSON serializable
[rank0]:[titan] 2026-09-21 13:52:16,655 - torchtitan.config.configurable - WARNING - Config field value of type dtype may not be JSON serializable
[rank0]:[titan] 2026-09-21 13:52:16,656 - torchtitan.config.configurable - WARNING - Config field value of type dtype may not be JSON serializable
[rank0]:[titan] 2026-09-21 13:52:16,657 - torchtitan.config.configurable - WARNING - Config field value of type dtype may not be JSON serializable
[rank0]:[titan] 2026-09-21 13:52:16,658 - torchtitan.config.configurable - WARNING - Config field value of type dtype may not be JSON serializable
[rank0]:[titan] 2026-09-21 13:52:16,658 - torchtitan.config.configurable - WARNING - Config field value of type dtype may not be JSON serializable
[rank0]:[titan] 2026-09-21 13:52:16,659 - torchtitan.config.configurable - WARNING - Config field value of type dtype may not be JSON serializable
[rank0]:[titan] 2026-09-21 13:52:16,660 - torchtitan.config.configurable - WARNING - Config field value of type dtype may not be JSON serializable
[rank0]:[titan] 2026-09-21 13:52:16,660 - torchtitan.config.configurable - WARNING - Config field value of type dtype may not be JSON serializable
[rank0]:[titan] 2026-09-21 13:52:16,661 - torchtitan.config.configurable - WARNING - Config field value of type dtype may not be JSON serializable
[rank0]:[titan] 2026-09-21 13:52:16,662 - torchtitan.config.configurable - WARNING - Config field value of type dtype may not be JSON serializable
[rank0]:[titan] 2026-09-21 13:52:16,662 - torchtitan.config.configurable - WARNING - Config field value of type dtype may not be JSON serializable
[rank0]:[titan] 2026-09-21 13:52:16,663 - torchtitan.config.configurable - WARNING - Config field value of type dtype may not be JSON serializable
[rank0]:[titan] 2026-09-21 13:52:16,664 - torchtitan.config.configurable - WARNING - Config field value of type dtype may not be JSON serializable
[rank0]:[titan] 2026-09-21 13:52:16,665 - torchtitan.config.configurable - WARNING - Config field value of type dtype may not be JSON serializable
[rank0]:[titan] 2026-09-21 13:52:16,665 - torchtitan.config.configurable - WARNING - Config field value of type dtype may not be JSON serializable
[rank0]:[titan] 2026-09-21 13:52:16,666 - torchtitan.config.configurable - WARNING - Config field value of type dtype may not be JSON serializable
[rank0]:[titan] 2026-09-21 13:52:16,666 - torchtitan.config.configurable - WARNING - Config field value of type dtype may not be JSON serializable
[rank0]:[titan] 2026-09-21 13:52:16,667 - torchtitan.config.configurable - WARNING - Config field value of type dtype may not be JSON serializable
[rank0]:[titan] 2026-09-21 13:52:16,668 - torchtitan.config.configurable - WARNING - Config field value of type dtype may not be JSON serializable
[rank0]:[titan] 2026-09-21 13:52:16,669 - torchtitan.config.configurable - WARNING - Config field value of type dtype may not be JSON serializable
[rank0]:[titan] 2026-09-21 13:52:16,669 - torchtitan.config.configurable - WARNING - Config field value of type dtype may not be JSON serializable
[rank0]:[titan] 2026-09-21 13:52:16,670 - torchtitan.config.configurable - WARNING - Config field value of type dtype may not be JSON serializable
[rank0]:[titan] 2026-09-21 13:52:16,671 - torchtitan.config.configurable - WARNING - Config field value of type dtype may not be JSON serializable
[rank0]:[titan] 2026-09-21 13:52:16,671 - torchtitan.config.configurable - WARNING - Config field value of type dtype may not be JSON serializable
[rank0]:[titan] 2026-09-21 13:52:16,672 - torchtitan.config.configurable - WARNING - Config field value of type dtype may not be JSON serializable
[rank0]:[titan] 2026-09-21 13:52:16,673 - torchtitan.config.configurable - WARNING - Config field value of type dtype may not be JSON serializable
[rank0]:[titan] 2026-09-21 13:52:16,673 - torchtitan.config.configurable - WARNING - Config field value of type dtype may not be JSON serializable
[rank0]:[titan] 2026-09-21 13:52:16,674 - torchtitan.config.configurable - WARNING - Config field value of type dtype may not be JSON serializable
[rank0]:[titan] 2026-09-21 13:52:16,675 - torchtitan.config.configurable - WARNING - Config field value of type dtype may not be JSON serializable
[rank0]:[titan] 2026-09-21 13:52:16,675 - torchtitan.config.configurable - WARNING - Config field value of type dtype may not be JSON serializable
[rank0]:[titan] 2026-09-21 13:52:16,676 - torchtitan.config.configurable - WARNING - Config field value of type dtype may not be JSON serializable
[rank0]:[titan] 2026-09-21 13:52:16,677 - torchtitan.config.configurable - WARNING - Config field value of type dtype may not be JSON serializable
[rank0]:[titan] 2026-09-21 13:52:16,677 - torchtitan.config.configurable - WARNING - Config field value of type dtype may not be JSON serializable
[rank0]:[titan] 2026-09-21 13:52:16,678 - torchtitan.config.configurable - WARNING - Config field value of type dtype may not be JSON serializable
[rank0]:[titan] 2026-09-21 13:52:16,679 - torchtitan.config.configurable - WARNING - Config field value of type dtype may not be JSON serializable
[rank0]:[titan] 2026-09-21 13:52:16,679 - torchtitan.config.configurable - WARNING - Config field value of type dtype may not be JSON serializable
[rank0]:[titan] 2026-09-21 13:52:16,684 - torchtitan.observability.metrics - INFO - CUDA capacity: NVIDIA GB300 with 276.50GiB memory
[rank0]:[titan] 2026-09-21 13:52:16,730 - torchtitan.models.utils - INFO - Total parameter count: 284,332,230,231, active parameters: 13,270,091,351
[rank0]:[titan] 2026-09-21 13:51:43,207 - __main__ - INFO - torchtitan version: 0.2.2 (0.0.0 means __version__ is not defined correctly).
[rank0]:[titan] 2026-09-21 13:51:43,258 - torchtitan.components.checkpointer.base - WARNING - initial_load_model_only=True has no effect without an initial_load_path.
[rank0]:[titan] 2026-09-21 13:51:43,357 - torchtitan.components.checkpointer.base - WARNING - initial_load_model_only=True has no effect without an initial_load_path.
[rank0]:[titan] 2026-09-21 13:51:43,360 - torchtitan.observability.structured_logger.jsonl_handler - INFO - Structured logging -> JSONL: /mnt/dgxc/chelsea/torchtitan/outputs/structured_logs/training.global_rank_12.20260921-135143-7AS4DS.jsonl
[rank0]:[titan] 2026-09-21 13:51:44,132 - torchtitan.distributed.utils - INFO - FP32 CUDA matmul precision: tf32
[rank0]:[titan] 2026-09-21 13:51:44,133 - torchtitan.distributed.utils - WARNING - ENV[TORCH_NCCL_ASYNC_ERROR_HANDLING] = 1 will be overridden to 3 based on job config
[rank0]:[titan] 2026-09-21 13:51:55,544 - torchtitan.distributed.parallel_dims - INFO - Building device mesh with parallelism: pp=1, dp_replicate=4, dp_shard=32, cp=1, tp=1, ep=2
[rank0]:[titan] 2026-09-21 13:52:15,229 - torchtitan.distributed.parallel_dims - INFO - Successfully created meshes with active dimensions: ['batch', 'loss', 'dp_replicate', 'ep', 'efsdp', 'dp', 'dp_shard']
[rank0]:[titan] 2026-09-21 13:52:15,229 - torchtitan.tools.utils - INFO - [GC] Initial GC collection took 0.00 seconds
[rank0]:[titan] 2026-09-21 13:52:16,114 - torchtitan.trainer - INFO - Building deepseek_v4 deepseek_v4_flash
[rank0]:[titan] 2026-09-21 13:52:16,650 - torchtitan.config.configurable - WARNING - Config field value of type dtype may not be JSON serializable
[rank0]:[titan] 2026-09-21 13:52:16,650 - torchtitan.config.configurable - WARNING - Config field value of type dtype may not be JSON serializable
[rank0]:[titan] 2026-09-21 13:52:16,651 - torchtitan.config.configurable - WARNING - Config field value of type dtype may not be JSON serializable
[rank0]:[titan] 2026-09-21 13:52:16,652 - torchtitan.config.configurable - WARNING - Config field value of type dtype may not be JSON serializable
[rank0]:[titan] 2026-09-21 13:52:16,652 - torchtitan.config.configurable - WARNING - Config field value of type dtype may not be JSON serializable
[rank0]:[titan] 2026-09-21 13:52:16,653 - torchtitan.config.configurable - WARNING - Config field value of type dtype may not be JSON serializable
[rank0]:[titan] 2026-09-21 13:52:16,654 - torchtitan.config.configurable - WARNING - Config field value of type dtype may not be JSON serializable
[rank0]:[titan] 2026-09-21 13:52:16,654 - torchtitan.config.configurable - WARNING - Config field value of type dtype may not be JSON serializable
[rank0]:[titan] 2026-09-21 13:52:16,655 - torchtitan.config.configurable - WARNING - Config field value of type dtype may not be JSON serializable
[rank0]:[titan] 2026-09-21 13:52:16,656 - torchtitan.config.configurable - WARNING - Config field value of type dtype may not be JSON serializable
[rank0]:[titan] 2026-09-21 13:52:16,657 - torchtitan.config.configurable - WARNING - Config field value of type dtype may not be JSON serializable
[rank0]:[titan] 2026-09-21 13:52:16,657 - torchtitan.config.configurable - WARNING - Config field value of type dtype may not be JSON serializable
[rank0]:[titan] 2026-09-21 13:52:16,658 - torchtitan.config.configurable - WARNING - Config field value of type dtype may not be JSON serializable
[rank0]:[titan] 2026-09-21 13:52:16,659 - torchtitan.config.configurable - WARNING - Config field value of type dtype may not be JSON serializable
[rank0]:[titan] 2026-09-21 13:52:16,659 - torchtitan.config.configurable - WARNING - Config field value of type dtype may not be JSON serializable
[rank0]:[titan] 2026-09-21 13:52:16,660 - torchtitan.config.configurable - WARNING - Config field value of type dtype may not be JSON serializable
[rank0]:[titan] 2026-09-21 13:52:16,661 - torchtitan.config.configurable - WARNING - Config field value of type dtype may not be JSON serializable
[rank0]:[titan] 2026-09-21 13:52:16,661 - torchtitan.config.configurable - WARNING - Config field value of type dtype may not be JSON serializable
[rank0]:[titan] 2026-09-21 13:52:16,662 - torchtitan.config.configurable - WARNING - Config field value of type dtype may not be JSON serializable
[rank0]:[titan] 2026-09-21 13:52:16,663 - torchtitan.config.configurable - WARNING - Config field value of type dtype may not be JSON serializable
[rank0]:[titan] 2026-09-21 13:52:16,664 - torchtitan.config.configurable - WARNING - Config field value of type dtype may not be JSON serializable
[rank0]:[titan] 2026-09-21 13:52:16,664 - torchtitan.config.configurable - WARNING - Config field value of type dtype may not be JSON serializable
[rank0]:[titan] 2026-09-21 13:52:16,665 - torchtitan.config.configurable - WARNING - Config field value of type dtype may not be JSON serializable
[rank0]:[titan] 2026-09-21 13:52:16,666 - torchtitan.config.configurable - WARNING - Config field value of type dtype may not be JSON serializable
[rank0]:[titan] 2026-09-21 13:52:16,666 - torchtitan.config.configurable - WARNING - Config field value of type dtype may not be JSON serializable
[rank0]:[titan] 2026-09-21 13:52:16,667 - torchtitan.config.configurable - WARNING - Config field value of type dtype may not be JSON serializable
[rank0]:[titan] 2026-09-21 13:52:16,668 - torchtitan.config.configurable - WARNING - Config field value of type dtype may not be JSON serializable
[rank0]:[titan] 2026-09-21 13:52:16,668 - torchtitan.config.configurable - WARNING - Config field value of type dtype may not be JSON serializable
[rank0]:[titan] 2026-09-21 13:52:16,669 - torchtitan.config.configurable - WARNING - Config field value of type dtype may not be JSON serializable
[rank0]:[titan] 2026-09-21 13:52:16,670 - torchtitan.config.configurable - WARNING - Config field value of type dtype may not be JSON serializable
[rank0]:[titan] 2026-09-21 13:52:16,670 - torchtitan.config.configurable - WARNING - Config field value of type dtype may not be JSON serializable
[rank0]:[titan] 2026-09-21 13:52:16,671 - torchtitan.config.configurable - WARNING - Config field value of type dtype may not be JSON serializable
[rank0]:[titan] 2026-09-21 13:52:16,672 - torchtitan.config.configurable - WARNING - Config field value of type dtype may not be JSON serializable
[rank0]:[titan] 2026-09-21 13:52:16,672 - torchtitan.config.configurable - WARNING - Config field value of type dtype may not be JSON serializable
[rank0]:[titan] 2026-09-21 13:52:16,673 - torchtitan.config.configurable - WARNING - Config field value of type dtype may not be JSON serializable
[rank0]:[titan] 2026-09-21 13:52:16,674 - torchtitan.config.configurable - WARNING - Config field value of type dtype may not be JSON serializable
[rank0]:[titan] 2026-09-21 13:52:16,675 - torchtitan.config.configurable - WARNING - Config field value of type dtype may not be JSON serializable
[rank0]:[titan] 2026-09-21 13:52:16,675 - torchtitan.config.configurable - WARNING - Config field value of type dtype may not be JSON serializable
[rank0]:[titan] 2026-09-21 13:52:16,676 - torchtitan.config.configurable - WARNING - Config field value of type dtype may not be JSON serializable
[rank0]:[titan] 2026-09-21 13:52:16,677 - torchtitan.config.configurable - WARNING - Config field value of type dtype may not be JSON serializable
[rank0]:[titan] 2026-09-21 13:52:16,677 - torchtitan.config.configurable - WARNING - Config field value of type dtype may not be JSON serializable
[rank0]:[titan] 2026-09-21 13:52:16,678 - torchtitan.config.configurable - WARNING - Config field value of type dtype may not be JSON serializable
[rank0]:[titan] 2026-09-21 13:52:16,679 - torchtitan.config.configurable - WARNING - Config field value of type dtype may not be JSON serializable
[rank0]:[titan] 2026-09-21 13:52:16,683 - torchtitan.observability.metrics - INFO - CUDA capacity: NVIDIA GB300 with 276.50GiB memory
[rank0]:[titan] 2026-09-21 13:52:16,718 - torchtitan.models.utils - INFO - Total parameter count: 284,332,230,231, active parameters: 13,270,091,351
[rank0]:[titan] 2026-09-21 13:51:43,253 - __main__ - INFO - torchtitan version: 0.2.2 (0.0.0 means __version__ is not defined correctly).
[rank0]:[titan] 2026-09-21 13:51:43,298 - torchtitan.components.checkpointer.base - WARNING - initial_load_model_only=True has no effect without an initial_load_path.
[rank0]:[titan] 2026-09-21 13:51:43,397 - torchtitan.components.checkpointer.base - WARNING - initial_load_model_only=True has no effect without an initial_load_path.
[rank0]:[titan] 2026-09-21 13:51:43,402 - torchtitan.observability.structured_logger.jsonl_handler - INFO - Structured logging -> JSONL: /mnt/dgxc/chelsea/torchtitan/outputs/structured_logs/training.global_rank_100.20260921-135143-J58LVD.jsonl
[rank0]:[titan] 2026-09-21 13:51:43,992 - torchtitan.distributed.utils - INFO - FP32 CUDA matmul precision: tf32
[rank0]:[titan] 2026-09-21 13:51:43,992 - torchtitan.distributed.utils - WARNING - ENV[TORCH_NCCL_ASYNC_ERROR_HANDLING] = 1 will be overridden to 3 based on job config
[rank0]:[titan] 2026-09-21 13:51:55,533 - torchtitan.distributed.parallel_dims - INFO - Building device mesh with parallelism: pp=1, dp_replicate=4, dp_shard=32, cp=1, tp=1, ep=2
[rank0]:[titan] 2026-09-21 13:52:15,186 - torchtitan.distributed.parallel_dims - INFO - Successfully created meshes with active dimensions: ['batch', 'loss', 'dp_replicate', 'ep', 'efsdp', 'dp', 'dp_shard']
[rank0]:[titan] 2026-09-21 13:52:15,187 - torchtitan.tools.utils - INFO - [GC] Initial GC collection took 0.00 seconds
[rank0]:[titan] 2026-09-21 13:52:16,121 - torchtitan.trainer - INFO - Building deepseek_v4 deepseek_v4_flash
[rank0]:[titan] 2026-09-21 13:52:16,667 - torchtitan.config.configurable - WARNING - Config field value of type dtype may not be JSON serializable
[rank0]:[titan] 2026-09-21 13:52:16,668 - torchtitan.config.configurable - WARNING - Config field value of type dtype may not be JSON serializable
[rank0]:[titan] 2026-09-21 13:52:16,668 - torchtitan.config.configurable - WARNING - Config field value of type dtype may not be JSON serializable
[rank0]:[titan] 2026-09-21 13:52:16,669 - torchtitan.config.configurable - WARNING - Config field value of type dtype may not be JSON serializable
[rank0]:[titan] 2026-09-21 13:52:16,670 - torchtitan.config.configurable - WARNING - Config field value of type dtype may not be JSON serializable
[rank0]:[titan] 2026-09-21 13:52:16,670 - torchtitan.config.configurable - WARNING - Config field value of type dtype may not be JSON serializable
[rank0]:[titan] 2026-09-21 13:52:16,671 - torchtitan.config.configurable - WARNING - Config field value of type dtype may not be JSON serializable
[rank0]:[titan] 2026-09-21 13:52:16,672 - torchtitan.config.configurable - WARNING - Config field value of type dtype may not be JSON serializable
[rank0]:[titan] 2026-09-21 13:52:16,673 - torchtitan.config.configurable - WARNING - Config field value of type dtype may not be JSON serializable
[rank0]:[titan] 2026-09-21 13:52:16,673 - torchtitan.config.configurable - WARNING - Config field value of type dtype may not be JSON serializable
[rank0]:[titan] 2026-09-21 13:52:16,674 - torchtitan.config.configurable - WARNING - Config field value of type dtype may not be JSON serializable
[rank0]:[titan] 2026-09-21 13:52:16,675 - torchtitan.config.configurable - WARNING - Config field value of type dtype may not be JSON serializable
[rank0]:[titan] 2026-09-21 13:52:16,675 - torchtitan.config.configurable - WARNING - Config field value of type dtype may not be JSON serializable
[rank0]:[titan] 2026-09-21 13:52:16,676 - torchtitan.config.configurable - WARNING - Config field value of type dtype may not be JSON serializable
[rank0]:[titan] 2026-09-21 13:52:16,677 - torchtitan.config.configurable - WARNING - Config field value of type dtype may not be JSON serializable
[rank0]:[titan] 2026-09-21 13:52:16,677 - torchtitan.config.configurable - WARNING - Config field value of type dtype may not be JSON serializable
[rank0]:[titan] 2026-09-21 13:52:16,678 - torchtitan.config.configurable - WARNING - Config field value of type dtype may not be JSON serializable
[rank0]:[titan] 2026-09-21 13:52:16,679 - torchtitan.config.configurable - WARNING - Config field value of type dtype may not be JSON serializable
[rank0]:[titan] 2026-09-21 13:52:16,679 - torchtitan.config.configurable - WARNING - Config field value of type dtype may not be JSON serializable
[rank0]:[titan] 2026-09-21 13:52:16,680 - torchtitan.config.configurable - WARNING - Config field value of type dtype may not be JSON serializable
[rank0]:[titan] 2026-09-21 13:52:16,681 - torchtitan.config.configurable - WARNING - Config field value of type dtype may not be JSON serializable
[rank0]:[titan] 2026-09-21 13:52:16,681 - torchtitan.config.configurable - WARNING - Config field value of type dtype may not be JSON serializable
[rank0]:[titan] 2026-09-21 13:52:16,682 - torchtitan.config.configurable - WARNING - Config field value of type dtype may not be JSON serializable
[rank0]:[titan] 2026-09-21 13:52:16,683 - torchtitan.config.configurable - WARNING - Config field value of type dtype may not be JSON serializable
[rank0]:[titan] 2026-09-21 13:52:16,683 - torchtitan.config.configurable - WARNING - Config field value of type dtype may not be JSON serializable
[rank0]:[titan] 2026-09-21 13:52:16,684 - torchtitan.config.configurable - WARNING - Config field value of type dtype may not be JSON serializable
[rank0]:[titan] 2026-09-21 13:52:16,685 - torchtitan.config.configurable - WARNING - Config field value of type dtype may not be JSON serializable
[rank0]:[titan] 2026-09-21 13:52:16,685 - torchtitan.config.configurable - WARNING - Config field value of type dtype may not be JSON serializable
[rank0]:[titan] 2026-09-21 13:52:16,686 - torchtitan.config.configurable - WARNING - Config field value of type dtype may not be JSON serializable
[rank0]:[titan] 2026-09-21 13:52:16,687 - torchtitan.config.configurable - WARNING - Config field value of type dtype may not be JSON serializable
[rank0]:[titan] 2026-09-21 13:52:16,688 - torchtitan.config.configurable - WARNING - Config field value of type dtype may not be JSON serializable
[rank0]:[titan] 2026-09-21 13:52:16,688 - torchtitan.config.configurable - WARNING - Config field value of type dtype may not be JSON serializable
[rank0]:[titan] 2026-09-21 13:52:16,689 - torchtitan.config.configurable - WARNING - Config field value of type dtype may not be JSON serializable
[rank0]:[titan] 2026-09-21 13:52:16,690 - torchtitan.config.configurable - WARNING - Config field value of type dtype may not be JSON serializable
[rank0]:[titan] 2026-09-21 13:52:16,690 - torchtitan.config.configurable - WARNING - Config field value of type dtype may not be JSON serializable
[rank0]:[titan] 2026-09-21 13:52:16,691 - torchtitan.config.configurable - WARNING - Config field value of type dtype may not be JSON serializable
[rank0]:[titan] 2026-09-21 13:52:16,692 - torchtitan.config.configurable - WARNING - Config field value of type dtype may not be JSON serializable
[rank0]:[titan] 2026-09-21 13:52:16,692 - torchtitan.config.configurable - WARNING - Config field value of type dtype may not be JSON serializable
[rank0]:[titan] 2026-09-21 13:52:16,693 - torchtitan.config.configurable - WARNING - Config field value of type dtype may not be JSON serializable
[rank0]:[titan] 2026-09-21 13:52:16,694 - torchtitan.config.configurable - WARNING - Config field value of type dtype may not be JSON serializable
[rank0]:[titan] 2026-09-21 13:52:16,694 - torchtitan.config.configurable - WARNING - Config field value of type dtype may not be JSON serializable
[rank0]:[titan] 2026-09-21 13:52:16,695 - torchtitan.config.configurable - WARNING - Config field value of type dtype may not be JSON serializable
[rank0]:[titan] 2026-09-21 13:52:16,696 - torchtitan.config.configurable - WARNING - Config field value of type dtype may not be JSON serializable
[rank0]:[titan] 2026-09-21 13:52:16,700 - torchtitan.observability.metrics - INFO - CUDA capacity: NVIDIA GB300 with 276.50GiB memory
[rank0]:[titan] 2026-09-21 13:52:16,749 - torchtitan.models.utils - INFO - Total parameter count: 284,332,230,231, active parameters: 13,270,091,351
[rank0]:[titan] 2026-09-21 13:51:47,537 - __main__ - INFO - torchtitan version: 0.2.2 (0.0.0 means __version__ is not defined correctly).
[rank0]:[titan] 2026-09-21 13:51:47,578 - torchtitan.components.checkpointer.base - WARNING - initial_load_model_only=True has no effect without an initial_load_path.
[rank0]:[titan] 2026-09-21 13:51:47,678 - torchtitan.components.checkpointer.base - WARNING - initial_load_model_only=True has no effect without an initial_load_path.
[rank0]:[titan] 2026-09-21 13:51:47,681 - torchtitan.observability.structured_logger.jsonl_handler - INFO - Structured logging -> JSONL: /mnt/dgxc/chelsea/torchtitan/outputs/structured_logs/training.global_rank_120.20260921-135147-QFP53S.jsonl
[rank0]:[titan] 2026-09-21 13:51:48,003 - torchtitan.distributed.utils - INFO - FP32 CUDA matmul precision: tf32
[rank0]:[titan] 2026-09-21 13:51:48,003 - torchtitan.distributed.utils - WARNING - ENV[TORCH_NCCL_ASYNC_ERROR_HANDLING] = 1 will be overridden to 3 based on job config
[rank0]:[titan] 2026-09-21 13:51:55,535 - torchtitan.distributed.parallel_dims - INFO - Building device mesh with parallelism: pp=1, dp_replicate=4, dp_shard=32, cp=1, tp=1, ep=2
[rank0]:[titan] 2026-09-21 13:52:15,282 - torchtitan.distributed.parallel_dims - INFO - Successfully created meshes with active dimensions: ['batch', 'loss', 'dp_replicate', 'ep', 'efsdp', 'dp', 'dp_shard']
[rank0]:[titan] 2026-09-21 13:52:15,283 - torchtitan.tools.utils - INFO - [GC] Initial GC collection took 0.00 seconds
[rank0]:[titan] 2026-09-21 13:52:16,121 - torchtitan.trainer - INFO - Building deepseek_v4 deepseek_v4_flash
[rank0]:[titan] 2026-09-21 13:52:16,662 - torchtitan.config.configurable - WARNING - Config field value of type dtype may not be JSON serializable
[rank0]:[titan] 2026-09-21 13:52:16,662 - torchtitan.config.configurable - WARNING - Config field value of type dtype may not be JSON serializable
[rank0]:[titan] 2026-09-21 13:52:16,663 - torchtitan.config.configurable - WARNING - Config field value of type dtype may not be JSON serializable
[rank0]:[titan] 2026-09-21 13:52:16,664 - torchtitan.config.configurable - WARNING - Config field value of type dtype may not be JSON serializable
[rank0]:[titan] 2026-09-21 13:52:16,664 - torchtitan.config.configurable - WARNING - Config field value of type dtype may not be JSON serializable
[rank0]:[titan] 2026-09-21 13:52:16,665 - torchtitan.config.configurable - WARNING - Config field value of type dtype may not be JSON serializable
[rank0]:[titan] 2026-09-21 13:52:16,666 - torchtitan.config.configurable - WARNING - Config field value of type dtype may not be JSON serializable
[rank0]:[titan] 2026-09-21 13:52:16,666 - torchtitan.config.configurable - WARNING - Config field value of type dtype may not be JSON serializable
[rank0]:[titan] 2026-09-21 13:52:16,667 - torchtitan.config.configurable - WARNING - Config field value of type dtype may not be JSON serializable
[rank0]:[titan] 2026-09-21 13:52:16,668 - torchtitan.config.configurable - WARNING - Config field value of type dtype may not be JSON serializable
[rank0]:[titan] 2026-09-21 13:52:16,669 - torchtitan.config.configurable - WARNING - Config field value of type dtype may not be JSON serializable
[rank0]:[titan] 2026-09-21 13:52:16,669 - torchtitan.config.configurable - WARNING - Config field value of type dtype may not be JSON serializable
[rank0]:[titan] 2026-09-21 13:52:16,670 - torchtitan.config.configurable - WARNING - Config field value of type dtype may not be JSON serializable
[rank0]:[titan] 2026-09-21 13:52:16,671 - torchtitan.config.configurable - WARNING - Config field value of type dtype may not be JSON serializable
[rank0]:[titan] 2026-09-21 13:52:16,671 - torchtitan.config.configurable - WARNING - Config field value of type dtype may not be JSON serializable
[rank0]:[titan] 2026-09-21 13:52:16,672 - torchtitan.config.configurable - WARNING - Config field value of type dtype may not be JSON serializable
[rank0]:[titan] 2026-09-21 13:52:16,673 - torchtitan.config.configurable - WARNING - Config field value of type dtype may not be JSON serializable
[rank0]:[titan] 2026-09-21 13:52:16,673 - torchtitan.config.configurable - WARNING - Config field value of type dtype may not be JSON serializable
[rank0]:[titan] 2026-09-21 13:52:16,674 - torchtitan.config.configurable - WARNING - Config field value of type dtype may not be JSON serializable
[rank0]:[titan] 2026-09-21 13:52:16,675 - torchtitan.config.configurable - WARNING - Config field value of type dtype may not be JSON serializable
[rank0]:[titan] 2026-09-21 13:52:16,676 - torchtitan.config.configurable - WARNING - Config field value of type dtype may not be JSON serializable
[rank0]:[titan] 2026-09-21 13:52:16,676 - torchtitan.config.configurable - WARNING - Config field value of type dtype may not be JSON serializable
[rank0]:[titan] 2026-09-21 13:52:16,677 - torchtitan.config.configurable - WARNING - Config field value of type dtype may not be JSON serializable
[rank0]:[titan] 2026-09-21 13:52:16,678 - torchtitan.config.configurable - WARNING - Config field value of type dtype may not be JSON serializable
[rank0]:[titan] 2026-09-21 13:52:16,678 - torchtitan.config.configurable - WARNING - Config field value of type dtype may not be JSON serializable
[rank0]:[titan] 2026-09-21 13:52:16,679 - torchtitan.config.configurable - WARNING - Config field value of type dtype may not be JSON serializable
[rank0]:[titan] 2026-09-21 13:52:16,680 - torchtitan.config.configurable - WARNING - Config field value of type dtype may not be JSON serializable
[rank0]:[titan] 2026-09-21 13:52:16,680 - torchtitan.config.configurable - WARNING - Config field value of type dtype may not be JSON serializable
[rank0]:[titan] 2026-09-21 13:52:16,681 - torchtitan.config.configurable - WARNING - Config field value of type dtype may not be JSON serializable
[rank0]:[titan] 2026-09-21 13:52:16,682 - torchtitan.config.configurable - WARNING - Config field value of type dtype may not be JSON serializable
[rank0]:[titan] 2026-09-21 13:52:16,683 - torchtitan.config.configurable - WARNING - Config field value of type dtype may not be JSON serializable
[rank0]:[titan] 2026-09-21 13:52:16,683 - torchtitan.config.configurable - WARNING - Config field value of type dtype may not be JSON serializable
[rank0]:[titan] 2026-09-21 13:52:16,684 - torchtitan.config.configurable - WARNING - Config field value of type dtype may not be JSON serializable
[rank0]:[titan] 2026-09-21 13:52:16,685 - torchtitan.config.configurable - WARNING - Config field value of type dtype may not be JSON serializable
[rank0]:[titan] 2026-09-21 13:52:16,686 - torchtitan.config.configurable - WARNING - Config field value of type dtype may not be JSON serializable
[rank0]:[titan] 2026-09-21 13:52:16,686 - torchtitan.config.configurable - WARNING - Config field value of type dtype may not be JSON serializable
[rank0]:[titan] 2026-09-21 13:52:16,687 - torchtitan.config.configurable - WARNING - Config field value of type dtype may not be JSON serializable
[rank0]:[titan] 2026-09-21 13:52:16,688 - torchtitan.config.configurable - WARNING - Config field value of type dtype may not be JSON serializable
[rank0]:[titan] 2026-09-21 13:52:16,689 - torchtitan.config.configurable - WARNING - Config field value of type dtype may not be JSON serializable
[rank0]:[titan] 2026-09-21 13:52:16,689 - torchtitan.config.configurable - WARNING - Config field value of type dtype may not be JSON serializable
[rank0]:[titan] 2026-09-21 13:52:16,690 - torchtitan.config.configurable - WARNING - Config field value of type dtype may not be JSON serializable
[rank0]:[titan] 2026-09-21 13:52:16,691 - torchtitan.config.configurable - WARNING - Config field value of type dtype may not be JSON serializable
[rank0]:[titan] 2026-09-21 13:52:16,691 - torchtitan.config.configurable - WARNING - Config field value of type dtype may not be JSON serializable
[rank0]:[titan] 2026-09-21 13:52:16,696 - torchtitan.observability.metrics - INFO - CUDA capacity: NVIDIA GB300 with 276.50GiB memory
[rank0]:[titan] 2026-09-21 13:52:16,745 - torchtitan.models.utils - INFO - Total parameter count: 284,332,230,231, active parameters: 13,270,091,351
[rank0]:[titan] 2026-09-21 13:51:43,056 - __main__ - INFO - torchtitan version: 0.2.2 (0.0.0 means __version__ is not defined correctly).
[rank0]:[titan] 2026-09-21 13:51:43,099 - torchtitan.components.checkpointer.base - WARNING - initial_load_model_only=True has no effect without an initial_load_path.
[rank0]:[titan] 2026-09-21 13:51:43,193 - torchtitan.components.checkpointer.base - WARNING - initial_load_model_only=True has no effect without an initial_load_path.
[rank0]:[titan] 2026-09-21 13:51:43,198 - torchtitan.observability.structured_logger.jsonl_handler - INFO - Structured logging -> JSONL: /mnt/dgxc/chelsea/torchtitan/outputs/structured_logs/training.global_rank_68.20260921-135143-QDC2OI.jsonl
[rank0]:[titan] 2026-09-21 13:51:43,855 - torchtitan.distributed.utils - INFO - FP32 CUDA matmul precision: tf32
[rank0]:[titan] 2026-09-21 13:51:43,855 - torchtitan.distributed.utils - WARNING - ENV[TORCH_NCCL_ASYNC_ERROR_HANDLING] = 1 will be overridden to 3 based on job config
[rank0]:[titan] 2026-09-21 13:51:43,131 - __main__ - INFO - torchtitan version: 0.2.2 (0.0.0 means __version__ is not defined correctly).
[rank0]:[titan] 2026-09-21 13:51:43,179 - torchtitan.components.checkpointer.base - WARNING - initial_load_model_only=True has no effect without an initial_load_path.
[rank0]:[titan] 2026-09-21 13:51:43,283 - torchtitan.components.checkpointer.base - WARNING - initial_load_model_only=True has no effect without an initial_load_path.
[rank0]:[titan] 2026-09-21 13:51:43,288 - torchtitan.observability.structured_logger.jsonl_handler - INFO - Structured logging -> JSONL: /mnt/dgxc/chelsea/torchtitan/outputs/structured_logs/training.global_rank_92.20260921-135143-LKZBBD.jsonl
[rank0]:[titan] 2026-09-21 13:51:44,063 - torchtitan.distributed.utils - INFO - FP32 CUDA matmul precision: tf32
[rank0]:[titan] 2026-09-21 13:51:44,063 - torchtitan.distributed.utils - WARNING - ENV[TORCH_NCCL_ASYNC_ERROR_HANDLING] = 1 will be overridden to 3 based on job config
[rank0]:[titan] 2026-09-21 13:51:55,547 - torchtitan.distributed.parallel_dims - INFO - Building device mesh with parallelism: pp=1, dp_replicate=4, dp_shard=32, cp=1, tp=1, ep=2
[rank0]:[titan] 2026-09-21 13:52:15,472 - torchtitan.distributed.parallel_dims - INFO - Successfully created meshes with active dimensions: ['batch', 'loss', 'dp_replicate', 'ep', 'efsdp', 'dp', 'dp_shard']
[rank0]:[titan] 2026-09-21 13:52:15,472 - torchtitan.tools.utils - INFO - [GC] Initial GC collection took 0.00 seconds
[rank0]:[titan] 2026-09-21 13:52:16,118 - torchtitan.trainer - INFO - Building deepseek_v4 deepseek_v4_flash
[rank0]:[titan] 2026-09-21 13:52:16,656 - torchtitan.config.configurable - WARNING - Config field value of type dtype may not be JSON serializable
[rank0]:[titan] 2026-09-21 13:52:16,657 - torchtitan.config.configurable - WARNING - Config field value of type dtype may not be JSON serializable
[rank0]:[titan] 2026-09-21 13:51:55,551 - torchtitan.distributed.parallel_dims - INFO - Building device mesh with parallelism: pp=1, dp_replicate=4, dp_shard=32, cp=1, tp=1, ep=2
[rank0]:[titan] 2026-09-21 13:52:15,495 - torchtitan.distributed.parallel_dims - INFO - Successfully created meshes with active dimensions: ['batch', 'loss', 'dp_replicate', 'ep', 'efsdp', 'dp', 'dp_shard']
[rank0]:[titan] 2026-09-21 13:52:15,496 - torchtitan.tools.utils - INFO - [GC] Initial GC collection took 0.00 seconds
[rank0]:[titan] 2026-09-21 13:52:16,120 - torchtitan.trainer - INFO - Building deepseek_v4 deepseek_v4_flash
[rank0]:[titan] 2026-09-21 13:52:16,665 - torchtitan.config.configurable - WARNING - Config field value of type dtype may not be JSON serializable
[rank0]:[titan] 2026-09-21 13:52:16,665 - torchtitan.config.configurable - WARNING - Config field value of type dtype may not be JSON serializable
[rank0]:[titan] 2026-09-21 13:52:16,658 - torchtitan.config.configurable - WARNING - Config field value of type dtype may not be JSON serializable
[rank0]:[titan] 2026-09-21 13:52:16,659 - torchtitan.config.configurable - WARNING - Config field value of type dtype may not be JSON serializable
[rank0]:[titan] 2026-09-21 13:52:16,659 - torchtitan.config.configurable - WARNING - Config field value of type dtype may not be JSON serializable
[rank0]:[titan] 2026-09-21 13:52:16,660 - torchtitan.config.configurable - WARNING - Config field value of type dtype may not be JSON serializable
[rank0]:[titan] 2026-09-21 13:52:16,661 - torchtitan.config.configurable - WARNING - Config field value of type dtype may not be JSON serializable
[rank0]:[titan] 2026-09-21 13:52:16,661 - torchtitan.config.configurable - WARNING - Config field value of type dtype may not be JSON serializable
[rank0]:[titan] 2026-09-21 13:52:16,666 - torchtitan.config.configurable - WARNING - Config field value of type dtype may not be JSON serializable
[rank0]:[titan] 2026-09-21 13:52:16,667 - torchtitan.config.configurable - WARNING - Config field value of type dtype may not be JSON serializable
[rank0]:[titan] 2026-09-21 13:52:16,668 - torchtitan.config.configurable - WARNING - Config field value of type dtype may not be JSON serializable
[rank0]:[titan] 2026-09-21 13:52:16,668 - torchtitan.config.configurable - WARNING - Config field value of type dtype may not be JSON serializable
[rank0]:[titan] 2026-09-21 13:52:16,669 - torchtitan.config.configurable - WARNING - Config field value of type dtype may not be JSON serializable
[rank0]:[titan] 2026-09-21 13:52:16,670 - torchtitan.config.configurable - WARNING - Config field value of type dtype may not be JSON serializable
[rank0]:[titan] 2026-09-21 13:52:16,662 - torchtitan.config.configurable - WARNING - Config field value of type dtype may not be JSON serializable
[rank0]:[titan] 2026-09-21 13:52:16,663 - torchtitan.config.configurable - WARNING - Config field value of type dtype may not be JSON serializable
[rank0]:[titan] 2026-09-21 13:52:16,664 - torchtitan.config.configurable - WARNING - Config field value of type dtype may not be JSON serializable
[rank0]:[titan] 2026-09-21 13:52:16,664 - torchtitan.config.configurable - WARNING - Config field value of type dtype may not be JSON serializable
[rank0]:[titan] 2026-09-21 13:52:16,665 - torchtitan.config.configurable - WARNING - Config field value of type dtype may not be JSON serializable
[rank0]:[titan] 2026-09-21 13:52:16,666 - torchtitan.config.configurable - WARNING - Config field value of type dtype may not be JSON serializable
[rank0]:[titan] 2026-09-21 13:52:16,670 - torchtitan.config.configurable - WARNING - Config field value of type dtype may not be JSON serializable
[rank0]:[titan] 2026-09-21 13:52:16,671 - torchtitan.config.configurable - WARNING - Config field value of type dtype may not be JSON serializable
[rank0]:[titan] 2026-09-21 13:52:16,672 - torchtitan.config.configurable - WARNING - Config field value of type dtype may not be JSON serializable
[rank0]:[titan] 2026-09-21 13:52:16,673 - torchtitan.config.configurable - WARNING - Config field value of type dtype may not be JSON serializable
[rank0]:[titan] 2026-09-21 13:52:16,673 - torchtitan.config.configurable - WARNING - Config field value of type dtype may not be JSON serializable
[rank0]:[titan] 2026-09-21 13:52:16,674 - torchtitan.config.configurable - WARNING - Config field value of type dtype may not be JSON serializable
[rank0]:[titan] 2026-09-21 13:52:16,666 - torchtitan.config.configurable - WARNING - Config field value of type dtype may not be JSON serializable
[rank0]:[titan] 2026-09-21 13:52:16,667 - torchtitan.config.configurable - WARNING - Config field value of type dtype may not be JSON serializable
[rank0]:[titan] 2026-09-21 13:52:16,675 - torchtitan.config.configurable - WARNING - Config field value of type dtype may not be JSON serializable
[rank0]:[titan] 2026-09-21 13:52:16,675 - torchtitan.config.configurable - WARNING - Config field value of type dtype may not be JSON serializable
[rank0]:[titan] 2026-09-21 13:52:16,668 - torchtitan.config.configurable - WARNING - Config field value of type dtype may not be JSON serializable
[rank0]:[titan] 2026-09-21 13:52:16,668 - torchtitan.config.configurable - WARNING - Config field value of type dtype may not be JSON serializable
[rank0]:[titan] 2026-09-21 13:52:16,669 - torchtitan.config.configurable - WARNING - Config field value of type dtype may not be JSON serializable
[rank0]:[titan] 2026-09-21 13:52:16,670 - torchtitan.config.configurable - WARNING - Config field value of type dtype may not be JSON serializable
[rank0]:[titan] 2026-09-21 13:52:16,671 - torchtitan.config.configurable - WARNING - Config field value of type dtype may not be JSON serializable
[rank0]:[titan] 2026-09-21 13:52:16,671 - torchtitan.config.configurable - WARNING - Config field value of type dtype may not be JSON serializable
[rank0]:[titan] 2026-09-21 13:52:16,676 - torchtitan.config.configurable - WARNING - Config field value of type dtype may not be JSON serializable
[rank0]:[titan] 2026-09-21 13:52:16,677 - torchtitan.config.configurable - WARNING - Config field value of type dtype may not be JSON serializable
[rank0]:[titan] 2026-09-21 13:52:16,678 - torchtitan.config.configurable - WARNING - Config field value of type dtype may not be JSON serializable
[rank0]:[titan] 2026-09-21 13:52:16,678 - torchtitan.config.configurable - WARNING - Config field value of type dtype may not be JSON serializable
[rank0]:[titan] 2026-09-21 13:52:16,679 - torchtitan.config.configurable - WARNING - Config field value of type dtype may not be JSON serializable
[rank0]:[titan] 2026-09-21 13:52:16,680 - torchtitan.config.configurable - WARNING - Config field value of type dtype may not be JSON serializable
[rank0]:[titan] 2026-09-21 13:52:16,672 - torchtitan.config.configurable - WARNING - Config field value of type dtype may not be JSON serializable
[rank0]:[titan] 2026-09-21 13:52:16,673 - torchtitan.config.configurable - WARNING - Config field value of type dtype may not be JSON serializable
[rank0]:[titan] 2026-09-21 13:52:16,673 - torchtitan.config.configurable - WARNING - Config field value of type dtype may not be JSON serializable
[rank0]:[titan] 2026-09-21 13:52:16,674 - torchtitan.config.configurable - WARNING - Config field value of type dtype may not be JSON serializable
[rank0]:[titan] 2026-09-21 13:52:16,675 - torchtitan.config.configurable - WARNING - Config field value of type dtype may not be JSON serializable
[rank0]:[titan] 2026-09-21 13:52:16,675 - torchtitan.config.configurable - WARNING - Config field value of type dtype may not be JSON serializable
[rank0]:[titan] 2026-09-21 13:52:16,680 - torchtitan.config.configurable - WARNING - Config field value of type dtype may not be JSON serializable
[rank0]:[titan] 2026-09-21 13:52:16,681 - torchtitan.config.configurable - WARNING - Config field value of type dtype may not be JSON serializable
[rank0]:[titan] 2026-09-21 13:52:16,682 - torchtitan.config.configurable - WARNING - Config field value of type dtype may not be JSON serializable
[rank0]:[titan] 2026-09-21 13:52:16,683 - torchtitan.config.configurable - WARNING - Config field value of type dtype may not be JSON serializable
[rank0]:[titan] 2026-09-21 13:52:16,683 - torchtitan.config.configurable - WARNING - Config field value of type dtype may not be JSON serializable
[rank0]:[titan] 2026-09-21 13:52:16,684 - torchtitan.config.configurable - WARNING - Config field value of type dtype may not be JSON serializable
[rank0]:[titan] 2026-09-21 13:52:16,676 - torchtitan.config.configurable - WARNING - Config field value of type dtype may not be JSON serializable
[rank0]:[titan] 2026-09-21 13:52:16,677 - torchtitan.config.configurable - WARNING - Config field value of type dtype may not be JSON serializable
[rank0]:[titan] 2026-09-21 13:52:16,677 - torchtitan.config.configurable - WARNING - Config field value of type dtype may not be JSON serializable
[rank0]:[titan] 2026-09-21 13:52:16,678 - torchtitan.config.configurable - WARNING - Config field value of type dtype may not be JSON serializable
[rank0]:[titan] 2026-09-21 13:52:16,679 - torchtitan.config.configurable - WARNING - Config field value of type dtype may not be JSON serializable
[rank0]:[titan] 2026-09-21 13:52:16,679 - torchtitan.config.configurable - WARNING - Config field value of type dtype may not be JSON serializable
[rank0]:[titan] 2026-09-21 13:52:16,685 - torchtitan.config.configurable - WARNING - Config field value of type dtype may not be JSON serializable
[rank0]:[titan] 2026-09-21 13:52:16,686 - torchtitan.config.configurable - WARNING - Config field value of type dtype may not be JSON serializable
[rank0]:[titan] 2026-09-21 13:52:16,686 - torchtitan.config.configurable - WARNING - Config field value of type dtype may not be JSON serializable
[rank0]:[titan] 2026-09-21 13:52:16,687 - torchtitan.config.configurable - WARNING - Config field value of type dtype may not be JSON serializable
[rank0]:[titan] 2026-09-21 13:52:16,688 - torchtitan.config.configurable - WARNING - Config field value of type dtype may not be JSON serializable
[rank0]:[titan] 2026-09-21 13:52:16,688 - torchtitan.config.configurable - WARNING - Config field value of type dtype may not be JSON serializable
[rank0]:[titan] 2026-09-21 13:52:16,680 - torchtitan.config.configurable - WARNING - Config field value of type dtype may not be JSON serializable
[rank0]:[titan] 2026-09-21 13:52:16,681 - torchtitan.config.configurable - WARNING - Config field value of type dtype may not be JSON serializable
[rank0]:[titan] 2026-09-21 13:52:16,682 - torchtitan.config.configurable - WARNING - Config field value of type dtype may not be JSON serializable
[rank0]:[titan] 2026-09-21 13:52:16,682 - torchtitan.config.configurable - WARNING - Config field value of type dtype may not be JSON serializable
[rank0]:[titan] 2026-09-21 13:52:16,683 - torchtitan.config.configurable - WARNING - Config field value of type dtype may not be JSON serializable
[rank0]:[titan] 2026-09-21 13:52:16,684 - torchtitan.config.configurable - WARNING - Config field value of type dtype may not be JSON serializable
[rank0]:[titan] 2026-09-21 13:52:16,689 - torchtitan.config.configurable - WARNING - Config field value of type dtype may not be JSON serializable
[rank0]:[titan] 2026-09-21 13:52:16,690 - torchtitan.config.configurable - WARNING - Config field value of type dtype may not be JSON serializable
[rank0]:[titan] 2026-09-21 13:52:16,690 - torchtitan.config.configurable - WARNING - Config field value of type dtype may not be JSON serializable
[rank0]:[titan] 2026-09-21 13:52:16,691 - torchtitan.config.configurable - WARNING - Config field value of type dtype may not be JSON serializable
[rank0]:[titan] 2026-09-21 13:52:16,692 - torchtitan.config.configurable - WARNING - Config field value of type dtype may not be JSON serializable
[rank0]:[titan] 2026-09-21 13:52:16,693 - torchtitan.config.configurable - WARNING - Config field value of type dtype may not be JSON serializable
[rank0]:[titan] 2026-09-21 13:52:16,684 - torchtitan.config.configurable - WARNING - Config field value of type dtype may not be JSON serializable
[rank0]:[titan] 2026-09-21 13:52:16,685 - torchtitan.config.configurable - WARNING - Config field value of type dtype may not be JSON serializable
[rank0]:[titan] 2026-09-21 13:52:16,686 - torchtitan.config.configurable - WARNING - Config field value of type dtype may not be JSON serializable
[rank0]:[titan] 2026-09-21 13:51:43,377 - __main__ - INFO - torchtitan version: 0.2.2 (0.0.0 means __version__ is not defined correctly).
[rank0]:[titan] 2026-09-21 13:51:43,424 - torchtitan.components.checkpointer.base - WARNING - initial_load_model_only=True has no effect without an initial_load_path.
[rank0]:[titan] 2026-09-21 13:51:43,526 - torchtitan.components.checkpointer.base - WARNING - initial_load_model_only=True has no effect without an initial_load_path.
[rank0]:[titan] 2026-09-21 13:51:43,529 - torchtitan.observability.structured_logger.jsonl_handler - INFO - Structured logging -> JSONL: /mnt/dgxc/chelsea/torchtitan/outputs/structured_logs/training.global_rank_8.20260921-135143-4O4NMX.jsonl
[rank0]:[titan] 2026-09-21 13:51:44,184 - torchtitan.distributed.utils - INFO - FP32 CUDA matmul precision: tf32
[rank0]:[titan] 2026-09-21 13:51:44,184 - torchtitan.distributed.utils - WARNING - ENV[TORCH_NCCL_ASYNC_ERROR_HANDLING] = 1 will be overridden to 3 based on job config
[rank0]:[titan] 2026-09-21 13:52:16,693 - torchtitan.config.configurable - WARNING - Config field value of type dtype may not be JSON serializable
[rank0]:[titan] 2026-09-21 13:52:16,694 - torchtitan.config.configurable - WARNING - Config field value of type dtype may not be JSON serializable
[rank0]:[titan] 2026-09-21 13:52:16,695 - torchtitan.config.configurable - WARNING - Config field value of type dtype may not be JSON serializable
[rank0]:[titan] 2026-09-21 13:52:16,690 - torchtitan.observability.metrics - INFO - CUDA capacity: NVIDIA GB300 with 276.50GiB memory
[rank0]:[titan] 2026-09-21 13:52:16,728 - torchtitan.models.utils - INFO - Total parameter count: 284,332,230,231, active parameters: 13,270,091,351
[rank0]:[titan] 2026-09-21 13:51:43,264 - __main__ - INFO - torchtitan version: 0.2.2 (0.0.0 means __version__ is not defined correctly).
[rank0]:[titan] 2026-09-21 13:51:43,311 - torchtitan.components.checkpointer.base - WARNING - initial_load_model_only=True has no effect without an initial_load_path.
[rank0]:[titan] 2026-09-21 13:51:43,420 - torchtitan.components.checkpointer.base - WARNING - initial_load_model_only=True has no effect without an initial_load_path.
[rank0]:[titan] 2026-09-21 13:51:43,423 - torchtitan.observability.structured_logger.jsonl_handler - INFO - Structured logging -> JSONL: /mnt/dgxc/chelsea/torchtitan/outputs/structured_logs/training.global_rank_76.20260921-135143-MGBF1X.jsonl
[rank0]:[titan] 2026-09-21 13:51:44,123 - torchtitan.distributed.utils - INFO - FP32 CUDA matmul precision: tf32
[rank0]:[titan] 2026-09-21 13:51:44,124 - torchtitan.distributed.utils - WARNING - ENV[TORCH_NCCL_ASYNC_ERROR_HANDLING] = 1 will be overridden to 3 based on job config
[rank0]:[titan] 2026-09-21 13:52:16,699 - torchtitan.observability.metrics - INFO - CUDA capacity: NVIDIA GB300 with 276.50GiB memory
[rank0]:[titan] 2026-09-21 13:52:16,743 - torchtitan.models.utils - INFO - Total parameter count: 284,332,230,231, active parameters: 13,270,091,351
[rank0]:[titan] 2026-09-21 13:51:55,576 - torchtitan.distributed.parallel_dims - INFO - Building device mesh with parallelism: pp=1, dp_replicate=4, dp_shard=32, cp=1, tp=1, ep=2
[rank0]:[titan] 2026-09-21 13:52:15,316 - torchtitan.distributed.parallel_dims - INFO - Successfully created meshes with active dimensions: ['batch', 'loss', 'dp_replicate', 'ep', 'efsdp', 'dp', 'dp_shard']
[rank0]:[titan] 2026-09-21 13:52:15,318 - torchtitan.tools.utils - INFO - [GC] Initial GC collection took 0.00 seconds
[rank0]:[titan] 2026-09-21 13:52:16,121 - torchtitan.trainer - INFO - Building deepseek_v4 deepseek_v4_flash
[rank0]:[titan] 2026-09-21 13:52:16,667 - torchtitan.config.configurable - WARNING - Config field value of type dtype may not be JSON serializable
[rank0]:[titan] 2026-09-21 13:52:16,667 - torchtitan.config.configurable - WARNING - Config field value of type dtype may not be JSON serializable
[rank0]:[titan] 2026-09-21 13:52:16,668 - torchtitan.config.configurable - WARNING - Config field value of type dtype may not be JSON serializable
[rank0]:[titan] 2026-09-21 13:52:16,669 - torchtitan.config.configurable - WARNING - Config field value of type dtype may not be JSON serializable
[rank0]:[titan] 2026-09-21 13:52:16,670 - torchtitan.config.configurable - WARNING - Config field value of type dtype may not be JSON serializable
[rank0]:[titan] 2026-09-21 13:52:16,670 - torchtitan.config.configurable - WARNING - Config field value of type dtype may not be JSON serializable
[rank0]:[titan] 2026-09-21 13:52:16,671 - torchtitan.config.configurable - WARNING - Config field value of type dtype may not be JSON serializable
[rank0]:[titan] 2026-09-21 13:52:16,671 - torchtitan.config.configurable - WARNING - Config field value of type dtype may not be JSON serializable
[rank0]:[titan] 2026-09-21 13:52:16,672 - torchtitan.config.configurable - WARNING - Config field value of type dtype may not be JSON serializable
[rank0]:[titan] 2026-09-21 13:52:16,673 - torchtitan.config.configurable - WARNING - Config field value of type dtype may not be JSON serializable
[rank0]:[titan] 2026-09-21 13:52:16,674 - torchtitan.config.configurable - WARNING - Config field value of type dtype may not be JSON serializable
[rank0]:[titan] 2026-09-21 13:52:16,674 - torchtitan.config.configurable - WARNING - Config field value of type dtype may not be JSON serializable
[rank0]:[titan] 2026-09-21 13:52:16,675 - torchtitan.config.configurable - WARNING - Config field value of type dtype may not be JSON serializable
[rank0]:[titan] 2026-09-21 13:52:16,676 - torchtitan.config.configurable - WARNING - Config field value of type dtype may not be JSON serializable
[rank0]:[titan] 2026-09-21 13:52:16,676 - torchtitan.config.configurable - WARNING - Config field value of type dtype may not be JSON serializable
[rank0]:[titan] 2026-09-21 13:52:16,677 - torchtitan.config.configurable - WARNING - Config field value of type dtype may not be JSON serializable
[rank0]:[titan] 2026-09-21 13:52:16,678 - torchtitan.config.configurable - WARNING - Config field value of type dtype may not be JSON serializable
[rank0]:[titan] 2026-09-21 13:52:16,678 - torchtitan.config.configurable - WARNING - Config field value of type dtype may not be JSON serializable
[rank0]:[titan] 2026-09-21 13:52:16,679 - torchtitan.config.configurable - WARNING - Config field value of type dtype may not be JSON serializable
[rank0]:[titan] 2026-09-21 13:52:16,680 - torchtitan.config.configurable - WARNING - Config field value of type dtype may not be JSON serializable
[rank0]:[titan] 2026-09-21 13:52:16,681 - torchtitan.config.configurable - WARNING - Config field value of type dtype may not be JSON serializable
[rank0]:[titan] 2026-09-21 13:52:16,681 - torchtitan.config.configurable - WARNING - Config field value of type dtype may not be JSON serializable
[rank0]:[titan] 2026-09-21 13:52:16,682 - torchtitan.config.configurable - WARNING - Config field value of type dtype may not be JSON serializable
[rank0]:[titan] 2026-09-21 13:52:16,682 - torchtitan.config.configurable - WARNING - Config field value of type dtype may not be JSON serializable
[rank0]:[titan] 2026-09-21 13:52:16,683 - torchtitan.config.configurable - WARNING - Config field value of type dtype may not be JSON serializable
[rank0]:[titan] 2026-09-21 13:52:16,684 - torchtitan.config.configurable - WARNING - Config field value of type dtype may not be JSON serializable
[rank0]:[titan] 2026-09-21 13:52:16,685 - torchtitan.config.configurable - WARNING - Config field value of type dtype may not be JSON serializable
[rank0]:[titan] 2026-09-21 13:52:16,685 - torchtitan.config.configurable - WARNING - Config field value of type dtype may not be JSON serializable
[rank0]:[titan] 2026-09-21 13:51:43,015 - __main__ - INFO - torchtitan version: 0.2.2 (0.0.0 means __version__ is not defined correctly).
[rank0]:[titan] 2026-09-21 13:51:43,059 - torchtitan.components.checkpointer.base - WARNING - initial_load_model_only=True has no effect without an initial_load_path.
[rank0]:[titan] 2026-09-21 13:51:43,151 - torchtitan.components.checkpointer.base - WARNING - initial_load_model_only=True has no effect without an initial_load_path.
[rank0]:[titan] 2026-09-21 13:51:43,154 - torchtitan.observability.structured_logger.jsonl_handler - INFO - Structured logging -> JSONL: /mnt/dgxc/chelsea/torchtitan/outputs/structured_logs/training.global_rank_56.20260921-135143-9BNBU0.jsonl
[rank0]:[titan] 2026-09-21 13:51:43,848 - torchtitan.distributed.utils - INFO - FP32 CUDA matmul precision: tf32
[rank0]:[titan] 2026-09-21 13:51:43,848 - torchtitan.distributed.utils - WARNING - ENV[TORCH_NCCL_ASYNC_ERROR_HANDLING] = 1 will be overridden to 3 based on job config
[rank0]:[titan] 2026-09-21 13:52:16,686 - torchtitan.config.configurable - WARNING - Config field value of type dtype may not be JSON serializable
[rank0]:[titan] 2026-09-21 13:52:16,687 - torchtitan.config.configurable - WARNING - Config field value of type dtype may not be JSON serializable
[rank0]:[titan] 2026-09-21 13:52:16,687 - torchtitan.config.configurable - WARNING - Config field value of type dtype may not be JSON serializable
[rank0]:[titan] 2026-09-21 13:52:16,688 - torchtitan.config.configurable - WARNING - Config field value of type dtype may not be JSON serializable
[rank0]:[titan] 2026-09-21 13:52:16,689 - torchtitan.config.configurable - WARNING - Config field value of type dtype may not be JSON serializable
[rank0]:[titan] 2026-09-21 13:52:16,689 - torchtitan.config.configurable - WARNING - Config field value of type dtype may not be JSON serializable
[rank0]:[titan] 2026-09-21 13:51:55,542 - torchtitan.distributed.parallel_dims - INFO - Building device mesh with parallelism: pp=1, dp_replicate=4, dp_shard=32, cp=1, tp=1, ep=2
[rank0]:[titan] 2026-09-21 13:52:15,428 - torchtitan.distributed.parallel_dims - INFO - Successfully created meshes with active dimensions: ['batch', 'loss', 'dp_replicate', 'ep', 'efsdp', 'dp', 'dp_shard']
[rank0]:[titan] 2026-09-21 13:52:15,428 - torchtitan.tools.utils - INFO - [GC] Initial GC collection took 0.00 seconds
[rank0]:[titan] 2026-09-21 13:52:16,117 - torchtitan.trainer - INFO - Building deepseek_v4 deepseek_v4_flash
[rank0]:[titan] 2026-09-21 13:52:16,653 - torchtitan.config.configurable - WARNING - Config field value of type dtype may not be JSON serializable
[rank0]:[titan] 2026-09-21 13:52:16,654 - torchtitan.config.configurable - WARNING - Config field value of type dtype may not be JSON serializable
[rank0]:[titan] 2026-09-21 13:52:16,690 - torchtitan.config.configurable - WARNING - Config field value of type dtype may not be JSON serializable
[rank0]:[titan] 2026-09-21 13:52:16,691 - torchtitan.config.configurable - WARNING - Config field value of type dtype may not be JSON serializable
[rank0]:[titan] 2026-09-21 13:52:16,691 - torchtitan.config.configurable - WARNING - Config field value of type dtype may not be JSON serializable
[rank0]:[titan] 2026-09-21 13:52:16,692 - torchtitan.config.configurable - WARNING - Config field value of type dtype may not be JSON serializable
[rank0]:[titan] 2026-09-21 13:52:16,693 - torchtitan.config.configurable - WARNING - Config field value of type dtype may not be JSON serializable
[rank0]:[titan] 2026-09-21 13:52:16,693 - torchtitan.config.configurable - WARNING - Config field value of type dtype may not be JSON serializable
[rank0]:[titan] 2026-09-21 13:52:16,655 - torchtitan.config.configurable - WARNING - Config field value of type dtype may not be JSON serializable
[rank0]:[titan] 2026-09-21 13:52:16,656 - torchtitan.config.configurable - WARNING - Config field value of type dtype may not be JSON serializable
[rank0]:[titan] 2026-09-21 13:52:16,656 - torchtitan.config.configurable - WARNING - Config field value of type dtype may not be JSON serializable
[rank0]:[titan] 2026-09-21 13:52:16,657 - torchtitan.config.configurable - WARNING - Config field value of type dtype may not be JSON serializable
[rank0]:[titan] 2026-09-21 13:52:16,658 - torchtitan.config.configurable - WARNING - Config field value of type dtype may not be JSON serializable
[rank0]:[titan] 2026-09-21 13:52:16,658 - torchtitan.config.configurable - WARNING - Config field value of type dtype may not be JSON serializable
[rank0]:[titan] 2026-09-21 13:52:16,694 - torchtitan.config.configurable - WARNING - Config field value of type dtype may not be JSON serializable
[rank0]:[titan] 2026-09-21 13:52:16,695 - torchtitan.config.configurable - WARNING - Config field value of type dtype may not be JSON serializable
[rank0]:[titan] 2026-09-21 13:52:16,695 - torchtitan.config.configurable - WARNING - Config field value of type dtype may not be JSON serializable
[rank0]:[titan] 2026-09-21 13:52:16,659 - torchtitan.config.configurable - WARNING - Config field value of type dtype may not be JSON serializable
[rank0]:[titan] 2026-09-21 13:52:16,660 - torchtitan.config.configurable - WARNING - Config field value of type dtype may not be JSON serializable
[rank0]:[titan] 2026-09-21 13:52:16,661 - torchtitan.config.configurable - WARNING - Config field value of type dtype may not be JSON serializable
[rank0]:[titan] 2026-09-21 13:52:16,661 - torchtitan.config.configurable - WARNING - Config field value of type dtype may not be JSON serializable
[rank0]:[titan] 2026-09-21 13:52:16,662 - torchtitan.config.configurable - WARNING - Config field value of type dtype may not be JSON serializable
[rank0]:[titan] 2026-09-21 13:52:16,663 - torchtitan.config.configurable - WARNING - Config field value of type dtype may not be JSON serializable
[rank0]:[titan] 2026-09-21 13:52:16,700 - torchtitan.observability.metrics - INFO - CUDA capacity: NVIDIA GB300 with 276.50GiB memory
[rank0]:[titan] 2026-09-21 13:52:16,739 - torchtitan.models.utils - INFO - Total parameter count: 284,332,230,231, active parameters: 13,270,091,351
[rank0]:[titan] 2026-09-21 13:52:16,663 - torchtitan.config.configurable - WARNING - Config field value of type dtype may not be JSON serializable
[rank0]:[titan] 2026-09-21 13:52:16,664 - torchtitan.config.configurable - WARNING - Config field value of type dtype may not be JSON serializable
[rank0]:[titan] 2026-09-21 13:51:55,540 - torchtitan.distributed.parallel_dims - INFO - Building device mesh with parallelism: pp=1, dp_replicate=4, dp_shard=32, cp=1, tp=1, ep=2
[rank0]:[titan] 2026-09-21 13:52:15,459 - torchtitan.distributed.parallel_dims - INFO - Successfully created meshes with active dimensions: ['batch', 'loss', 'dp_replicate', 'ep', 'efsdp', 'dp', 'dp_shard']
[rank0]:[titan] 2026-09-21 13:52:15,459 - torchtitan.tools.utils - INFO - [GC] Initial GC collection took 0.00 seconds
[rank0]:[titan] 2026-09-21 13:52:16,118 - torchtitan.trainer - INFO - Building deepseek_v4 deepseek_v4_flash
[rank0]:[titan] 2026-09-21 13:52:16,654 - torchtitan.config.configurable - WARNING - Config field value of type dtype may not be JSON serializable
[rank0]:[titan] 2026-09-21 13:52:16,654 - torchtitan.config.configurable - WARNING - Config field value of type dtype may not be JSON serializable
[rank0]:[titan] 2026-09-21 13:52:16,665 - torchtitan.config.configurable - WARNING - Config field value of type dtype may not be JSON serializable
[rank0]:[titan] 2026-09-21 13:52:16,666 - torchtitan.config.configurable - WARNING - Config field value of type dtype may not be JSON serializable
[rank0]:[titan] 2026-09-21 13:52:16,666 - torchtitan.config.configurable - WARNING - Config field value of type dtype may not be JSON serializable
[rank0]:[titan] 2026-09-21 13:52:16,667 - torchtitan.config.configurable - WARNING - Config field value of type dtype may not be JSON serializable
[rank0]:[titan] 2026-09-21 13:52:16,668 - torchtitan.config.configurable - WARNING - Config field value of type dtype may not be JSON serializable
[rank0]:[titan] 2026-09-21 13:52:16,668 - torchtitan.config.configurable - WARNING - Config field value of type dtype may not be JSON serializable
[rank0]:[titan] 2026-09-21 13:52:16,655 - torchtitan.config.configurable - WARNING - Config field value of type dtype may not be JSON serializable
[rank0]:[titan] 2026-09-21 13:52:16,656 - torchtitan.config.configurable - WARNING - Config field value of type dtype may not be JSON serializable
[rank0]:[titan] 2026-09-21 13:52:16,656 - torchtitan.config.configurable - WARNING - Config field value of type dtype may not be JSON serializable
[rank0]:[titan] 2026-09-21 13:52:16,657 - torchtitan.config.configurable - WARNING - Config field value of type dtype may not be JSON serializable
[rank0]:[titan] 2026-09-21 13:52:16,658 - torchtitan.config.configurable - WARNING - Config field value of type dtype may not be JSON serializable
[rank0]:[titan] 2026-09-21 13:52:16,659 - torchtitan.config.configurable - WARNING - Config field value of type dtype may not be JSON serializable
[rank0]:[titan] 2026-09-21 13:52:16,669 - torchtitan.config.configurable - WARNING - Config field value of type dtype may not be JSON serializable
[rank0]:[titan] 2026-09-21 13:52:16,670 - torchtitan.config.configurable - WARNING - Config field value of type dtype may not be JSON serializable
[rank0]:[titan] 2026-09-21 13:52:16,671 - torchtitan.config.configurable - WARNING - Config field value of type dtype may not be JSON serializable
[rank0]:[titan] 2026-09-21 13:52:16,671 - torchtitan.config.configurable - WARNING - Config field value of type dtype may not be JSON serializable
[rank0]:[titan] 2026-09-21 13:52:16,672 - torchtitan.config.configurable - WARNING - Config field value of type dtype may not be JSON serializable
[rank0]:[titan] 2026-09-21 13:52:16,673 - torchtitan.config.configurable - WARNING - Config field value of type dtype may not be JSON serializable
[rank0]:[titan] 2026-09-21 13:52:16,659 - torchtitan.config.configurable - WARNING - Config field value of type dtype may not be JSON serializable
[rank0]:[titan] 2026-09-21 13:52:16,660 - torchtitan.config.configurable - WARNING - Config field value of type dtype may not be JSON serializable
[rank0]:[titan] 2026-09-21 13:52:16,661 - torchtitan.config.configurable - WARNING - Config field value of type dtype may not be JSON serializable
[rank0]:[titan] 2026-09-21 13:52:16,661 - torchtitan.config.configurable - WARNING - Config field value of type dtype may not be JSON serializable
[rank0]:[titan] 2026-09-21 13:52:16,662 - torchtitan.config.configurable - WARNING - Config field value of type dtype may not be JSON serializable
[rank0]:[titan] 2026-09-21 13:52:16,663 - torchtitan.config.configurable - WARNING - Config field value of type dtype may not be JSON serializable
[rank0]:[titan] 2026-09-21 13:52:16,674 - torchtitan.config.configurable - WARNING - Config field value of type dtype may not be JSON serializable
[rank0]:[titan] 2026-09-21 13:52:16,674 - torchtitan.config.configurable - WARNING - Config field value of type dtype may not be JSON serializable
[rank0]:[titan] 2026-09-21 13:52:16,675 - torchtitan.config.configurable - WARNING - Config field value of type dtype may not be JSON serializable
[rank0]:[titan] 2026-09-21 13:52:16,676 - torchtitan.config.configurable - WARNING - Config field value of type dtype may not be JSON serializable
[rank0]:[titan] 2026-09-21 13:52:16,676 - torchtitan.config.configurable - WARNING - Config field value of type dtype may not be JSON serializable
[rank0]:[titan] 2026-09-21 13:52:16,677 - torchtitan.config.configurable - WARNING - Config field value of type dtype may not be JSON serializable
[rank0]:[titan] 2026-09-21 13:52:16,663 - torchtitan.config.configurable - WARNING - Config field value of type dtype may not be JSON serializable
[rank0]:[titan] 2026-09-21 13:52:16,664 - torchtitan.config.configurable - WARNING - Config field value of type dtype may not be JSON serializable
[rank0]:[titan] 2026-09-21 13:52:16,678 - torchtitan.config.configurable - WARNING - Config field value of type dtype may not be JSON serializable
[rank0]:[titan] 2026-09-21 13:52:16,678 - torchtitan.config.configurable - WARNING - Config field value of type dtype may not be JSON serializable
[rank0]:[titan] 2026-09-21 13:52:16,679 - torchtitan.config.configurable - WARNING - Config field value of type dtype may not be JSON serializable
[rank0]:[titan] 2026-09-21 13:52:16,680 - torchtitan.config.configurable - WARNING - Config field value of type dtype may not be JSON serializable
[rank0]:[titan] 2026-09-21 13:52:16,681 - torchtitan.config.configurable - WARNING - Config field value of type dtype may not be JSON serializable
[rank0]:[titan] 2026-09-21 13:52:16,681 - torchtitan.config.configurable - WARNING - Config field value of type dtype may not be JSON serializable
[rank0]:[titan] 2026-09-21 13:52:16,665 - torchtitan.config.configurable - WARNING - Config field value of type dtype may not be JSON serializable
[rank0]:[titan] 2026-09-21 13:52:16,665 - torchtitan.config.configurable - WARNING - Config field value of type dtype may not be JSON serializable
[rank0]:[titan] 2026-09-21 13:52:16,666 - torchtitan.config.configurable - WARNING - Config field value of type dtype may not be JSON serializable
[rank0]:[titan] 2026-09-21 13:52:16,667 - torchtitan.config.configurable - WARNING - Config field value of type dtype may not be JSON serializable
[rank0]:[titan] 2026-09-21 13:52:16,668 - torchtitan.config.configurable - WARNING - Config field value of type dtype may not be JSON serializable
[rank0]:[titan] 2026-09-21 13:52:16,668 - torchtitan.config.configurable - WARNING - Config field value of type dtype may not be JSON serializable
[rank0]:[titan] 2026-09-21 13:52:16,682 - torchtitan.config.configurable - WARNING - Config field value of type dtype may not be JSON serializable
[rank0]:[titan] 2026-09-21 13:52:16,683 - torchtitan.config.configurable - WARNING - Config field value of type dtype may not be JSON serializable
[rank0]:[titan] 2026-09-21 13:52:16,683 - torchtitan.config.configurable - WARNING - Config field value of type dtype may not be JSON serializable
[rank0]:[titan] 2026-09-21 13:52:16,669 - torchtitan.config.configurable - WARNING - Config field value of type dtype may not be JSON serializable
[rank0]:[titan] 2026-09-21 13:52:16,670 - torchtitan.config.configurable - WARNING - Config field value of type dtype may not be JSON serializable
[rank0]:[titan] 2026-09-21 13:52:16,670 - torchtitan.config.configurable - WARNING - Config field value of type dtype may not be JSON serializable
[rank0]:[titan] 2026-09-21 13:52:16,671 - torchtitan.config.configurable - WARNING - Config field value of type dtype may not be JSON serializable
[rank0]:[titan] 2026-09-21 13:52:16,672 - torchtitan.config.configurable - WARNING - Config field value of type dtype may not be JSON serializable
[rank0]:[titan] 2026-09-21 13:52:16,672 - torchtitan.config.configurable - WARNING - Config field value of type dtype may not be JSON serializable
[rank0]:[titan] 2026-09-21 13:52:16,688 - torchtitan.observability.metrics - INFO - CUDA capacity: NVIDIA GB300 with 276.50GiB memory
[rank0]:[titan] 2026-09-21 13:52:16,736 - torchtitan.models.utils - INFO - Total parameter count: 284,332,230,231, active parameters: 13,270,091,351
[rank0]:[titan] 2026-09-21 13:52:16,673 - torchtitan.config.configurable - WARNING - Config field value of type dtype may not be JSON serializable
[rank0]:[titan] 2026-09-21 13:52:16,674 - torchtitan.config.configurable - WARNING - Config field value of type dtype may not be JSON serializable
[rank0]:[titan] 2026-09-21 13:52:16,674 - torchtitan.config.configurable - WARNING - Config field value of type dtype may not be JSON serializable
[rank0]:[titan] 2026-09-21 13:52:16,675 - torchtitan.config.configurable - WARNING - Config field value of type dtype may not be JSON serializable
[rank0]:[titan] 2026-09-21 13:52:16,676 - torchtitan.config.configurable - WARNING - Config field value of type dtype may not be JSON serializable
[rank0]:[titan] 2026-09-21 13:52:16,676 - torchtitan.config.configurable - WARNING - Config field value of type dtype may not be JSON serializable
[rank0]:[titan] 2026-09-21 13:52:16,677 - torchtitan.config.configurable - WARNING - Config field value of type dtype may not be JSON serializable
[rank0]:[titan] 2026-09-21 13:52:16,678 - torchtitan.config.configurable - WARNING - Config field value of type dtype may not be JSON serializable
[rank0]:[titan] 2026-09-21 13:52:16,679 - torchtitan.config.configurable - WARNING - Config field value of type dtype may not be JSON serializable
[rank0]:[titan] 2026-09-21 13:52:16,679 - torchtitan.config.configurable - WARNING - Config field value of type dtype may not be JSON serializable
[rank0]:[titan] 2026-09-21 13:52:16,680 - torchtitan.config.configurable - WARNING - Config field value of type dtype may not be JSON serializable
[rank0]:[titan] 2026-09-21 13:52:16,681 - torchtitan.config.configurable - WARNING - Config field value of type dtype may not be JSON serializable
[rank0]:[titan] 2026-09-21 13:52:16,681 - torchtitan.config.configurable - WARNING - Config field value of type dtype may not be JSON serializable
[rank0]:[titan] 2026-09-21 13:52:16,682 - torchtitan.config.configurable - WARNING - Config field value of type dtype may not be JSON serializable
[rank0]:[titan] 2026-09-21 13:52:16,683 - torchtitan.config.configurable - WARNING - Config field value of type dtype may not be JSON serializable
[rank0]:[titan] 2026-09-21 13:52:16,687 - torchtitan.observability.metrics - INFO - CUDA capacity: NVIDIA GB300 with 276.50GiB memory
[rank0]:[titan] 2026-09-21 13:52:16,736 - torchtitan.models.utils - INFO - Total parameter count: 284,332,230,231, active parameters: 13,270,091,351
[rank0]:[titan] 2026-09-21 13:51:43,148 - __main__ - INFO - torchtitan version: 0.2.2 (0.0.0 means __version__ is not defined correctly).
[rank0]:[titan] 2026-09-21 13:51:43,192 - torchtitan.components.checkpointer.base - WARNING - initial_load_model_only=True has no effect without an initial_load_path.
[rank0]:[titan] 2026-09-21 13:51:43,294 - torchtitan.components.checkpointer.base - WARNING - initial_load_model_only=True has no effect without an initial_load_path.
[rank0]:[titan] 2026-09-21 13:51:43,297 - torchtitan.observability.structured_logger.jsonl_handler - INFO - Structured logging -> JSONL: /mnt/dgxc/chelsea/torchtitan/outputs/structured_logs/training.global_rank_24.20260921-135143-GVGQ2H.jsonl
[rank0]:[titan] 2026-09-21 13:51:44,081 - torchtitan.distributed.utils - INFO - FP32 CUDA matmul precision: tf32
[rank0]:[titan] 2026-09-21 13:51:44,081 - torchtitan.distributed.utils - WARNING - ENV[TORCH_NCCL_ASYNC_ERROR_HANDLING] = 1 will be overridden to 3 based on job config
[rank0]:[titan] 2026-09-21 13:51:55,544 - torchtitan.distributed.parallel_dims - INFO - Building device mesh with parallelism: pp=1, dp_replicate=4, dp_shard=32, cp=1, tp=1, ep=2
[rank0]:[titan] 2026-09-21 13:52:15,236 - torchtitan.distributed.parallel_dims - INFO - Successfully created meshes with active dimensions: ['batch', 'loss', 'dp_replicate', 'ep', 'efsdp', 'dp', 'dp_shard']
[rank0]:[titan] 2026-09-21 13:52:15,236 - torchtitan.tools.utils - INFO - [GC] Initial GC collection took 0.00 seconds
[rank0]:[titan] 2026-09-21 13:52:16,114 - torchtitan.trainer - INFO - Building deepseek_v4 deepseek_v4_flash
[rank0]:[titan] 2026-09-21 13:52:16,630 - torchtitan.config.configurable - WARNING - Config field value of type dtype may not be JSON serializable
[rank0]:[titan] 2026-09-21 13:52:16,631 - torchtitan.config.configurable - WARNING - Config field value of type dtype may not be JSON serializable
[rank0]:[titan] 2026-09-21 13:52:16,632 - torchtitan.config.configurable - WARNING - Config field value of type dtype may not be JSON serializable
[rank0]:[titan] 2026-09-21 13:52:16,633 - torchtitan.config.configurable - WARNING - Config field value of type dtype may not be JSON serializable
[rank0]:[titan] 2026-09-21 13:52:16,633 - torchtitan.config.configurable - WARNING - Config field value of type dtype may not be JSON serializable
[rank0]:[titan] 2026-09-21 13:52:16,634 - torchtitan.config.configurable - WARNING - Config field value of type dtype may not be JSON serializable
[rank0]:[titan] 2026-09-21 13:52:16,635 - torchtitan.config.configurable - WARNING - Config field value of type dtype may not be JSON serializable
[rank0]:[titan] 2026-09-21 13:52:16,635 - torchtitan.config.configurable - WARNING - Config field value of type dtype may not be JSON serializable
[rank0]:[titan] 2026-09-21 13:52:16,636 - torchtitan.config.configurable - WARNING - Config field value of type dtype may not be JSON serializable
[rank0]:[titan] 2026-09-21 13:52:16,637 - torchtitan.config.configurable - WARNING - Config field value of type dtype may not be JSON serializable
[rank0]:[titan] 2026-09-21 13:52:16,637 - torchtitan.config.configurable - WARNING - Config field value of type dtype may not be JSON serializable
[rank0]:[titan] 2026-09-21 13:52:16,638 - torchtitan.config.configurable - WARNING - Config field value of type dtype may not be JSON serializable
[rank0]:[titan] 2026-09-21 13:52:16,639 - torchtitan.config.configurable - WARNING - Config field value of type dtype may not be JSON serializable
[rank0]:[titan] 2026-09-21 13:52:16,639 - torchtitan.config.configurable - WARNING - Config field value of type dtype may not be JSON serializable
[rank0]:[titan] 2026-09-21 13:52:16,640 - torchtitan.config.configurable - WARNING - Config field value of type dtype may not be JSON serializable
[rank0]:[titan] 2026-09-21 13:52:16,641 - torchtitan.config.configurable - WARNING - Config field value of type dtype may not be JSON serializable
[rank0]:[titan] 2026-09-21 13:52:16,641 - torchtitan.config.configurable - WARNING - Config field value of type dtype may not be JSON serializable
[rank0]:[titan] 2026-09-21 13:52:16,642 - torchtitan.config.configurable - WARNING - Config field value of type dtype may not be JSON serializable
[rank0]:[titan] 2026-09-21 13:52:16,643 - torchtitan.config.configurable - WARNING - Config field value of type dtype may not be JSON serializable
[rank0]:[titan] 2026-09-21 13:52:16,644 - torchtitan.config.configurable - WARNING - Config field value of type dtype may not be JSON serializable
[rank0]:[titan] 2026-09-21 13:52:16,644 - torchtitan.config.configurable - WARNING - Config field value of type dtype may not be JSON serializable
[rank0]:[titan] 2026-09-21 13:52:16,645 - torchtitan.config.configurable - WARNING - Config field value of type dtype may not be JSON serializable
[rank0]:[titan] 2026-09-21 13:52:16,646 - torchtitan.config.configurable - WARNING - Config field value of type dtype may not be JSON serializable
[rank0]:[titan] 2026-09-21 13:52:16,646 - torchtitan.config.configurable - WARNING - Config field value of type dtype may not be JSON serializable
[rank0]:[titan] 2026-09-21 13:52:16,647 - torchtitan.config.configurable - WARNING - Config field value of type dtype may not be JSON serializable
[rank0]:[titan] 2026-09-21 13:52:16,648 - torchtitan.config.configurable - WARNING - Config field value of type dtype may not be JSON serializable
[rank0]:[titan] 2026-09-21 13:52:16,648 - torchtitan.config.configurable - WARNING - Config field value of type dtype may not be JSON serializable
[rank0]:[titan] 2026-09-21 13:52:16,649 - torchtitan.config.configurable - WARNING - Config field value of type dtype may not be JSON serializable
[rank0]:[titan] 2026-09-21 13:52:16,650 - torchtitan.config.configurable - WARNING - Config field value of type dtype may not be JSON serializable
[rank0]:[titan] 2026-09-21 13:52:16,650 - torchtitan.config.configurable - WARNING - Config field value of type dtype may not be JSON serializable
[rank0]:[titan] 2026-09-21 13:52:16,651 - torchtitan.config.configurable - WARNING - Config field value of type dtype may not be JSON serializable
[rank0]:[titan] 2026-09-21 13:52:16,652 - torchtitan.config.configurable - WARNING - Config field value of type dtype may not be JSON serializable
[rank0]:[titan] 2026-09-21 13:52:16,652 - torchtitan.config.configurable - WARNING - Config field value of type dtype may not be JSON serializable
[rank0]:[titan] 2026-09-21 13:52:16,653 - torchtitan.config.configurable - WARNING - Config field value of type dtype may not be JSON serializable
[rank0]:[titan] 2026-09-21 13:52:16,654 - torchtitan.config.configurable - WARNING - Config field value of type dtype may not be JSON serializable
[rank0]:[titan] 2026-09-21 13:52:16,654 - torchtitan.config.configurable - WARNING - Config field value of type dtype may not be JSON serializable
[rank0]:[titan] 2026-09-21 13:52:16,655 - torchtitan.config.configurable - WARNING - Config field value of type dtype may not be JSON serializable
[rank0]:[titan] 2026-09-21 13:52:16,656 - torchtitan.config.configurable - WARNING - Config field value of type dtype may not be JSON serializable
[rank0]:[titan] 2026-09-21 13:52:16,657 - torchtitan.config.configurable - WARNING - Config field value of type dtype may not be JSON serializable
[rank0]:[titan] 2026-09-21 13:52:16,657 - torchtitan.config.configurable - WARNING - Config field value of type dtype may not be JSON serializable
[rank0]:[titan] 2026-09-21 13:52:16,658 - torchtitan.config.configurable - WARNING - Config field value of type dtype may not be JSON serializable
[rank0]:[titan] 2026-09-21 13:52:16,659 - torchtitan.config.configurable - WARNING - Config field value of type dtype may not be JSON serializable
[rank0]:[titan] 2026-09-21 13:52:16,659 - torchtitan.config.configurable - WARNING - Config field value of type dtype may not be JSON serializable
[rank0]:[titan] 2026-09-21 13:51:43,056 - __main__ - INFO - torchtitan version: 0.2.2 (0.0.0 means __version__ is not defined correctly).
[rank0]:[titan] 2026-09-21 13:51:43,102 - torchtitan.components.checkpointer.base - WARNING - initial_load_model_only=True has no effect without an initial_load_path.
[rank0]:[titan] 2026-09-21 13:51:43,201 - torchtitan.components.checkpointer.base - WARNING - initial_load_model_only=True has no effect without an initial_load_path.
[rank0]:[titan] 2026-09-21 13:51:43,205 - torchtitan.observability.structured_logger.jsonl_handler - INFO - Structured logging -> JSONL: /mnt/dgxc/chelsea/torchtitan/outputs/structured_logs/training.global_rank_108.20260921-135143-GAS4HS.jsonl
[rank0]:[titan] 2026-09-21 13:51:43,821 - torchtitan.distributed.utils - INFO - FP32 CUDA matmul precision: tf32
[rank0]:[titan] 2026-09-21 13:51:43,821 - torchtitan.distributed.utils - WARNING - ENV[TORCH_NCCL_ASYNC_ERROR_HANDLING] = 1 will be overridden to 3 based on job config
[rank0]:[titan] 2026-09-21 13:52:16,664 - torchtitan.observability.metrics - INFO - CUDA capacity: NVIDIA GB300 with 276.50GiB memory
[rank0]:[titan] 2026-09-21 13:52:16,711 - torchtitan.models.utils - INFO - Total parameter count: 284,332,230,231, active parameters: 13,270,091,351
[rank0]:[titan] 2026-09-21 13:51:43,051 - __main__ - INFO - torchtitan version: 0.2.2 (0.0.0 means __version__ is not defined correctly).
[rank0]:[titan] 2026-09-21 13:51:43,101 - torchtitan.components.checkpointer.base - WARNING - initial_load_model_only=True has no effect without an initial_load_path.
[rank0]:[titan] 2026-09-21 13:51:43,197 - torchtitan.components.checkpointer.base - WARNING - initial_load_model_only=True has no effect without an initial_load_path.
[rank0]:[titan] 2026-09-21 13:51:43,201 - torchtitan.observability.structured_logger.jsonl_handler - INFO - Structured logging -> JSONL: /mnt/dgxc/chelsea/torchtitan/outputs/structured_logs/training.global_rank_52.20260921-135143-47MYBY.jsonl
[rank0]:[titan] 2026-09-21 13:51:43,895 - torchtitan.distributed.utils - INFO - FP32 CUDA matmul precision: tf32
[rank0]:[titan] 2026-09-21 13:51:43,895 - torchtitan.distributed.utils - WARNING - ENV[TORCH_NCCL_ASYNC_ERROR_HANDLING] = 1 will be overridden to 3 based on job config
[rank0]:[titan] 2026-09-21 13:51:55,525 - torchtitan.distributed.parallel_dims - INFO - Building device mesh with parallelism: pp=1, dp_replicate=4, dp_shard=32, cp=1, tp=1, ep=2
[rank0]:[titan] 2026-09-21 13:52:15,156 - torchtitan.distributed.parallel_dims - INFO - Successfully created meshes with active dimensions: ['batch', 'loss', 'dp_replicate', 'ep', 'efsdp', 'dp', 'dp_shard']
[rank0]:[titan] 2026-09-21 13:52:15,156 - torchtitan.tools.utils - INFO - [GC] Initial GC collection took 0.00 seconds
[rank0]:[titan] 2026-09-21 13:52:16,119 - torchtitan.trainer - INFO - Building deepseek_v4 deepseek_v4_flash
[rank0]:[titan] 2026-09-21 13:52:16,658 - torchtitan.config.configurable - WARNING - Config field value of type dtype may not be JSON serializable
[rank0]:[titan] 2026-09-21 13:52:16,659 - torchtitan.config.configurable - WARNING - Config field value of type dtype may not be JSON serializable
[rank0]:[titan] 2026-09-21 13:52:16,659 - torchtitan.config.configurable - WARNING - Config field value of type dtype may not be JSON serializable
[rank0]:[titan] 2026-09-21 13:52:16,660 - torchtitan.config.configurable - WARNING - Config field value of type dtype may not be JSON serializable
[rank0]:[titan] 2026-09-21 13:52:16,661 - torchtitan.config.configurable - WARNING - Config field value of type dtype may not be JSON serializable
[rank0]:[titan] 2026-09-21 13:52:16,661 - torchtitan.config.configurable - WARNING - Config field value of type dtype may not be JSON serializable
[rank0]:[titan] 2026-09-21 13:52:16,662 - torchtitan.config.configurable - WARNING - Config field value of type dtype may not be JSON serializable
[rank0]:[titan] 2026-09-21 13:52:16,663 - torchtitan.config.configurable - WARNING - Config field value of type dtype may not be JSON serializable
[rank0]:[titan] 2026-09-21 13:52:16,664 - torchtitan.config.configurable - WARNING - Config field value of type dtype may not be JSON serializable
[rank0]:[titan] 2026-09-21 13:52:16,664 - torchtitan.config.configurable - WARNING - Config field value of type dtype may not be JSON serializable
[rank0]:[titan] 2026-09-21 13:52:16,665 - torchtitan.config.configurable - WARNING - Config field value of type dtype may not be JSON serializable
[rank0]:[titan] 2026-09-21 13:52:16,666 - torchtitan.config.configurable - WARNING - Config field value of type dtype may not be JSON serializable
[rank0]:[titan] 2026-09-21 13:52:16,666 - torchtitan.config.configurable - WARNING - Config field value of type dtype may not be JSON serializable
[rank0]:[titan] 2026-09-21 13:52:16,667 - torchtitan.config.configurable - WARNING - Config field value of type dtype may not be JSON serializable
[rank0]:[titan] 2026-09-21 13:51:55,546 - torchtitan.distributed.parallel_dims - INFO - Building device mesh with parallelism: pp=1, dp_replicate=4, dp_shard=32, cp=1, tp=1, ep=2
[rank0]:[titan] 2026-09-21 13:52:15,461 - torchtitan.distributed.parallel_dims - INFO - Successfully created meshes with active dimensions: ['batch', 'loss', 'dp_replicate', 'ep', 'efsdp', 'dp', 'dp_shard']
[rank0]:[titan] 2026-09-21 13:52:15,461 - torchtitan.tools.utils - INFO - [GC] Initial GC collection took 0.00 seconds
[rank0]:[titan] 2026-09-21 13:52:16,119 - torchtitan.trainer - INFO - Building deepseek_v4 deepseek_v4_flash
[rank0]:[titan] 2026-09-21 13:52:16,665 - torchtitan.config.configurable - WARNING - Config field value of type dtype may not be JSON serializable
[rank0]:[titan] 2026-09-21 13:52:16,666 - torchtitan.config.configurable - WARNING - Config field value of type dtype may not be JSON serializable
[rank0]:[titan] 2026-09-21 13:52:16,668 - torchtitan.config.configurable - WARNING - Config field value of type dtype may not be JSON serializable
[rank0]:[titan] 2026-09-21 13:52:16,668 - torchtitan.config.configurable - WARNING - Config field value of type dtype may not be JSON serializable
[rank0]:[titan] 2026-09-21 13:52:16,667 - torchtitan.config.configurable - WARNING - Config field value of type dtype may not be JSON serializable
[rank0]:[titan] 2026-09-21 13:52:16,667 - torchtitan.config.configurable - WARNING - Config field value of type dtype may not be JSON serializable
[rank0]:[titan] 2026-09-21 13:52:16,668 - torchtitan.config.configurable - WARNING - Config field value of type dtype may not be JSON serializable
[rank0]:[titan] 2026-09-21 13:52:16,669 - torchtitan.config.configurable - WARNING - Config field value of type dtype may not be JSON serializable
[rank0]:[titan] 2026-09-21 13:52:16,669 - torchtitan.config.configurable - WARNING - Config field value of type dtype may not be JSON serializable
[rank0]:[titan] 2026-09-21 13:52:16,670 - torchtitan.config.configurable - WARNING - Config field value of type dtype may not be JSON serializable
[rank0]:[titan] 2026-09-21 13:52:16,669 - torchtitan.config.configurable - WARNING - Config field value of type dtype may not be JSON serializable
[rank0]:[titan] 2026-09-21 13:52:16,670 - torchtitan.config.configurable - WARNING - Config field value of type dtype may not be JSON serializable
[rank0]:[titan] 2026-09-21 13:52:16,671 - torchtitan.config.configurable - WARNING - Config field value of type dtype may not be JSON serializable
[rank0]:[titan] 2026-09-21 13:52:16,671 - torchtitan.config.configurable - WARNING - Config field value of type dtype may not be JSON serializable
[rank0]:[titan] 2026-09-21 13:52:16,672 - torchtitan.config.configurable - WARNING - Config field value of type dtype may not be JSON serializable
[rank0]:[titan] 2026-09-21 13:52:16,673 - torchtitan.config.configurable - WARNING - Config field value of type dtype may not be JSON serializable
[rank0]:[titan] 2026-09-21 13:52:16,671 - torchtitan.config.configurable - WARNING - Config field value of type dtype may not be JSON serializable
[rank0]:[titan] 2026-09-21 13:52:16,672 - torchtitan.config.configurable - WARNING - Config field value of type dtype may not be JSON serializable
[rank0]:[titan] 2026-09-21 13:52:16,672 - torchtitan.config.configurable - WARNING - Config field value of type dtype may not be JSON serializable
[rank0]:[titan] 2026-09-21 13:52:16,673 - torchtitan.config.configurable - WARNING - Config field value of type dtype may not be JSON serializable
[rank0]:[titan] 2026-09-21 13:52:16,674 - torchtitan.config.configurable - WARNING - Config field value of type dtype may not be JSON serializable
[rank0]:[titan] 2026-09-21 13:52:16,674 - torchtitan.config.configurable - WARNING - Config field value of type dtype may not be JSON serializable
[rank0]:[titan] 2026-09-21 13:52:16,673 - torchtitan.config.configurable - WARNING - Config field value of type dtype may not be JSON serializable
[rank0]:[titan] 2026-09-21 13:52:16,674 - torchtitan.config.configurable - WARNING - Config field value of type dtype may not be JSON serializable
[rank0]:[titan] 2026-09-21 13:52:16,675 - torchtitan.config.configurable - WARNING - Config field value of type dtype may not be JSON serializable
[rank0]:[titan] 2026-09-21 13:52:16,675 - torchtitan.config.configurable - WARNING - Config field value of type dtype may not be JSON serializable
[rank0]:[titan] 2026-09-21 13:52:16,676 - torchtitan.config.configurable - WARNING - Config field value of type dtype may not be JSON serializable
[rank0]:[titan] 2026-09-21 13:52:16,677 - torchtitan.config.configurable - WARNING - Config field value of type dtype may not be JSON serializable
[rank0]:[titan] 2026-09-21 13:52:16,675 - torchtitan.config.configurable - WARNING - Config field value of type dtype may not be JSON serializable
[rank0]:[titan] 2026-09-21 13:52:16,676 - torchtitan.config.configurable - WARNING - Config field value of type dtype may not be JSON serializable
[rank0]:[titan] 2026-09-21 13:52:16,678 - torchtitan.config.configurable - WARNING - Config field value of type dtype may not be JSON serializable
[rank0]:[titan] 2026-09-21 13:52:16,678 - torchtitan.config.configurable - WARNING - Config field value of type dtype may not be JSON serializable
[rank0]:[titan] 2026-09-21 13:52:16,679 - torchtitan.config.configurable - WARNING - Config field value of type dtype may not be JSON serializable
[rank0]:[titan] 2026-09-21 13:52:16,680 - torchtitan.config.configurable - WARNING - Config field value of type dtype may not be JSON serializable
[rank0]:[titan] 2026-09-21 13:52:16,681 - torchtitan.config.configurable - WARNING - Config field value of type dtype may not be JSON serializable
[rank0]:[titan] 2026-09-21 13:52:16,681 - torchtitan.config.configurable - WARNING - Config field value of type dtype may not be JSON serializable
[rank0]:[titan] 2026-09-21 13:52:16,677 - torchtitan.config.configurable - WARNING - Config field value of type dtype may not be JSON serializable
[rank0]:[titan] 2026-09-21 13:52:16,677 - torchtitan.config.configurable - WARNING - Config field value of type dtype may not be JSON serializable
[rank0]:[titan] 2026-09-21 13:52:16,678 - torchtitan.config.configurable - WARNING - Config field value of type dtype may not be JSON serializable
[rank0]:[titan] 2026-09-21 13:52:16,679 - torchtitan.config.configurable - WARNING - Config field value of type dtype may not be JSON serializable
[rank0]:[titan] 2026-09-21 13:52:16,679 - torchtitan.config.configurable - WARNING - Config field value of type dtype may not be JSON serializable
[rank0]:[titan] 2026-09-21 13:52:16,680 - torchtitan.config.configurable - WARNING - Config field value of type dtype may not be JSON serializable
[rank0]:[titan] 2026-09-21 13:52:16,682 - torchtitan.config.configurable - WARNING - Config field value of type dtype may not be JSON serializable
[rank0]:[titan] 2026-09-21 13:52:16,683 - torchtitan.config.configurable - WARNING - Config field value of type dtype may not be JSON serializable
[rank0]:[titan] 2026-09-21 13:52:16,683 - torchtitan.config.configurable - WARNING - Config field value of type dtype may not be JSON serializable
[rank0]:[titan] 2026-09-21 13:52:16,684 - torchtitan.config.configurable - WARNING - Config field value of type dtype may not be JSON serializable
[rank0]:[titan] 2026-09-21 13:52:16,685 - torchtitan.config.configurable - WARNING - Config field value of type dtype may not be JSON serializable
[rank0]:[titan] 2026-09-21 13:52:16,686 - torchtitan.config.configurable - WARNING - Config field value of type dtype may not be JSON serializable
[rank0]:[titan] 2026-09-21 13:52:16,681 - torchtitan.config.configurable - WARNING - Config field value of type dtype may not be JSON serializable
[rank0]:[titan] 2026-09-21 13:52:16,681 - torchtitan.config.configurable - WARNING - Config field value of type dtype may not be JSON serializable
[rank0]:[titan] 2026-09-21 13:52:16,682 - torchtitan.config.configurable - WARNING - Config field value of type dtype may not be JSON serializable
[rank0]:[titan] 2026-09-21 13:52:16,683 - torchtitan.config.configurable - WARNING - Config field value of type dtype may not be JSON serializable
[rank0]:[titan] 2026-09-21 13:52:16,683 - torchtitan.config.configurable - WARNING - Config field value of type dtype may not be JSON serializable
[rank0]:[titan] 2026-09-21 13:52:16,684 - torchtitan.config.configurable - WARNING - Config field value of type dtype may not be JSON serializable
[rank0]:[titan] 2026-09-21 13:52:16,686 - torchtitan.config.configurable - WARNING - Config field value of type dtype may not be JSON serializable
[rank0]:[titan] 2026-09-21 13:52:16,687 - torchtitan.config.configurable - WARNING - Config field value of type dtype may not be JSON serializable
[rank0]:[titan] 2026-09-21 13:52:16,688 - torchtitan.config.configurable - WARNING - Config field value of type dtype may not be JSON serializable
[rank0]:[titan] 2026-09-21 13:52:16,685 - torchtitan.config.configurable - WARNING - Config field value of type dtype may not be JSON serializable
[rank0]:[titan] 2026-09-21 13:52:16,685 - torchtitan.config.configurable - WARNING - Config field value of type dtype may not be JSON serializable
[rank0]:[titan] 2026-09-21 13:52:16,686 - torchtitan.config.configurable - WARNING - Config field value of type dtype may not be JSON serializable
[rank0]:[titan] 2026-09-21 13:52:16,687 - torchtitan.config.configurable - WARNING - Config field value of type dtype may not be JSON serializable
[rank0]:[titan] 2026-09-21 13:52:16,688 - torchtitan.config.configurable - WARNING - Config field value of type dtype may not be JSON serializable
[rank0]:[titan] 2026-09-21 13:52:16,688 - torchtitan.config.configurable - WARNING - Config field value of type dtype may not be JSON serializable
[rank0]:[titan] 2026-09-21 13:52:16,692 - torchtitan.observability.metrics - INFO - CUDA capacity: NVIDIA GB300 with 276.50GiB memory
[rank0]:[titan] 2026-09-21 13:52:16,731 - torchtitan.models.utils - INFO - Total parameter count: 284,332,230,231, active parameters: 13,270,091,351
[rank0]:[titan] 2026-09-21 13:52:16,689 - torchtitan.config.configurable - WARNING - Config field value of type dtype may not be JSON serializable
[rank0]:[titan] 2026-09-21 13:52:16,690 - torchtitan.config.configurable - WARNING - Config field value of type dtype may not be JSON serializable
[rank0]:[titan] 2026-09-21 13:52:16,690 - torchtitan.config.configurable - WARNING - Config field value of type dtype may not be JSON serializable
[rank0]:[titan] 2026-09-21 13:52:16,691 - torchtitan.config.configurable - WARNING - Config field value of type dtype may not be JSON serializable
[rank0]:[titan] 2026-09-21 13:52:16,692 - torchtitan.config.configurable - WARNING - Config field value of type dtype may not be JSON serializable
[rank0]:[titan] 2026-09-21 13:52:16,692 - torchtitan.config.configurable - WARNING - Config field value of type dtype may not be JSON serializable
[rank0]:[titan] 2026-09-21 13:52:16,693 - torchtitan.config.configurable - WARNING - Config field value of type dtype may not be JSON serializable
[rank0]:[titan] 2026-09-21 13:52:16,694 - torchtitan.config.configurable - WARNING - Config field value of type dtype may not be JSON serializable
[rank0]:[titan] 2026-09-21 13:52:16,694 - torchtitan.config.configurable - WARNING - Config field value of type dtype may not be JSON serializable
[rank0]:[titan] 2026-09-21 13:52:16,699 - torchtitan.observability.metrics - INFO - CUDA capacity: NVIDIA GB300 with 276.50GiB memory
[rank0]:[titan] 2026-09-21 13:52:16,742 - torchtitan.models.utils - INFO - Total parameter count: 284,332,230,231, active parameters: 13,270,091,351
[rank0]:[titan] 2026-09-21 13:51:43,145 - __main__ - INFO - torchtitan version: 0.2.2 (0.0.0 means __version__ is not defined correctly).
[rank0]:[titan] 2026-09-21 13:51:43,191 - torchtitan.components.checkpointer.base - WARNING - initial_load_model_only=True has no effect without an initial_load_path.
[rank0]:[titan] 2026-09-21 13:51:43,285 - torchtitan.components.checkpointer.base - WARNING - initial_load_model_only=True has no effect without an initial_load_path.
[rank0]:[titan] 2026-09-21 13:51:43,290 - torchtitan.observability.structured_logger.jsonl_handler - INFO - Structured logging -> JSONL: /mnt/dgxc/chelsea/torchtitan/outputs/structured_logs/training.global_rank_116.20260921-135143-CMCY1J.jsonl
[rank0]:[titan] 2026-09-21 13:51:44,060 - torchtitan.distributed.utils - INFO - FP32 CUDA matmul precision: tf32
[rank0]:[titan] 2026-09-21 13:51:44,060 - torchtitan.distributed.utils - WARNING - ENV[TORCH_NCCL_ASYNC_ERROR_HANDLING] = 1 will be overridden to 3 based on job config
[rank0]:[titan] 2026-09-21 13:51:55,531 - torchtitan.distributed.parallel_dims - INFO - Building device mesh with parallelism: pp=1, dp_replicate=4, dp_shard=32, cp=1, tp=1, ep=2
[rank0]:[titan] 2026-09-21 13:52:15,180 - torchtitan.distributed.parallel_dims - INFO - Successfully created meshes with active dimensions: ['batch', 'loss', 'dp_replicate', 'ep', 'efsdp', 'dp', 'dp_shard']
[rank0]:[titan] 2026-09-21 13:52:15,181 - torchtitan.tools.utils - INFO - [GC] Initial GC collection took 0.00 seconds
[rank0]:[titan] 2026-09-21 13:52:16,119 - torchtitan.trainer - INFO - Building deepseek_v4 deepseek_v4_flash
[rank0]:[titan] 2026-09-21 13:52:16,650 - torchtitan.config.configurable - WARNING - Config field value of type dtype may not be JSON serializable
[rank0]:[titan] 2026-09-21 13:52:16,651 - torchtitan.config.configurable - WARNING - Config field value of type dtype may not be JSON serializable
[rank0]:[titan] 2026-09-21 13:52:16,651 - torchtitan.config.configurable - WARNING - Config field value of type dtype may not be JSON serializable
[rank0]:[titan] 2026-09-21 13:52:16,652 - torchtitan.config.configurable - WARNING - Config field value of type dtype may not be JSON serializable
[rank0]:[titan] 2026-09-21 13:52:16,653 - torchtitan.config.configurable - WARNING - Config field value of type dtype may not be JSON serializable
[rank0]:[titan] 2026-09-21 13:52:16,653 - torchtitan.config.configurable - WARNING - Config field value of type dtype may not be JSON serializable
[rank0]:[titan] 2026-09-21 13:52:16,654 - torchtitan.config.configurable - WARNING - Config field value of type dtype may not be JSON serializable
[rank0]:[titan] 2026-09-21 13:52:16,655 - torchtitan.config.configurable - WARNING - Config field value of type dtype may not be JSON serializable
[rank0]:[titan] 2026-09-21 13:52:16,656 - torchtitan.config.configurable - WARNING - Config field value of type dtype may not be JSON serializable
[rank0]:[titan] 2026-09-21 13:52:16,656 - torchtitan.config.configurable - WARNING - Config field value of type dtype may not be JSON serializable
[rank0]:[titan] 2026-09-21 13:52:16,657 - torchtitan.config.configurable - WARNING - Config field value of type dtype may not be JSON serializable
[rank0]:[titan] 2026-09-21 13:52:16,658 - torchtitan.config.configurable - WARNING - Config field value of type dtype may not be JSON serializable
[rank0]:[titan] 2026-09-21 13:52:16,658 - torchtitan.config.configurable - WARNING - Config field value of type dtype may not be JSON serializable
[rank0]:[titan] 2026-09-21 13:52:16,659 - torchtitan.config.configurable - WARNING - Config field value of type dtype may not be JSON serializable
[rank0]:[titan] 2026-09-21 13:52:16,660 - torchtitan.config.configurable - WARNING - Config field value of type dtype may not be JSON serializable
[rank0]:[titan] 2026-09-21 13:52:16,660 - torchtitan.config.configurable - WARNING - Config field value of type dtype may not be JSON serializable
[rank0]:[titan] 2026-09-21 13:52:16,661 - torchtitan.config.configurable - WARNING - Config field value of type dtype may not be JSON serializable
[rank0]:[titan] 2026-09-21 13:52:16,662 - torchtitan.config.configurable - WARNING - Config field value of type dtype may not be JSON serializable
[rank0]:[titan] 2026-09-21 13:52:16,662 - torchtitan.config.configurable - WARNING - Config field value of type dtype may not be JSON serializable
[rank0]:[titan] 2026-09-21 13:52:16,663 - torchtitan.config.configurable - WARNING - Config field value of type dtype may not be JSON serializable
[rank0]:[titan] 2026-09-21 13:52:16,664 - torchtitan.config.configurable - WARNING - Config field value of type dtype may not be JSON serializable
[rank0]:[titan] 2026-09-21 13:52:16,664 - torchtitan.config.configurable - WARNING - Config field value of type dtype may not be JSON serializable
[rank0]:[titan] 2026-09-21 13:52:16,665 - torchtitan.config.configurable - WARNING - Config field value of type dtype may not be JSON serializable
[rank0]:[titan] 2026-09-21 13:52:16,666 - torchtitan.config.configurable - WARNING - Config field value of type dtype may not be JSON serializable
[rank0]:[titan] 2026-09-21 13:52:16,666 - torchtitan.config.configurable - WARNING - Config field value of type dtype may not be JSON serializable
[rank0]:[titan] 2026-09-21 13:52:16,667 - torchtitan.config.configurable - WARNING - Config field value of type dtype may not be JSON serializable
[rank0]:[titan] 2026-09-21 13:52:16,668 - torchtitan.config.configurable - WARNING - Config field value of type dtype may not be JSON serializable
[rank0]:[titan] 2026-09-21 13:52:16,668 - torchtitan.config.configurable - WARNING - Config field value of type dtype may not be JSON serializable
[rank0]:[titan] 2026-09-21 13:52:16,669 - torchtitan.config.configurable - WARNING - Config field value of type dtype may not be JSON serializable
[rank0]:[titan] 2026-09-21 13:52:16,670 - torchtitan.config.configurable - WARNING - Config field value of type dtype may not be JSON serializable
[rank0]:[titan] 2026-09-21 13:52:16,671 - torchtitan.config.configurable - WARNING - Config field value of type dtype may not be JSON serializable
[rank0]:[titan] 2026-09-21 13:52:16,671 - torchtitan.config.configurable - WARNING - Config field value of type dtype may not be JSON serializable
[rank0]:[titan] 2026-09-21 13:52:16,672 - torchtitan.config.configurable - WARNING - Config field value of type dtype may not be JSON serializable
[rank0]:[titan] 2026-09-21 13:52:16,673 - torchtitan.config.configurable - WARNING - Config field value of type dtype may not be JSON serializable
[rank0]:[titan] 2026-09-21 13:52:16,673 - torchtitan.config.configurable - WARNING - Config field value of type dtype may not be JSON serializable
[rank0]:[titan] 2026-09-21 13:52:16,674 - torchtitan.config.configurable - WARNING - Config field value of type dtype may not be JSON serializable
[rank0]:[titan] 2026-09-21 13:52:16,675 - torchtitan.config.configurable - WARNING - Config field value of type dtype may not be JSON serializable
[rank0]:[titan] 2026-09-21 13:52:16,675 - torchtitan.config.configurable - WARNING - Config field value of type dtype may not be JSON serializable
[rank0]:[titan] 2026-09-21 13:52:16,676 - torchtitan.config.configurable - WARNING - Config field value of type dtype may not be JSON serializable
[rank0]:[titan] 2026-09-21 13:52:16,677 - torchtitan.config.configurable - WARNING - Config field value of type dtype may not be JSON serializable
[rank0]:[titan] 2026-09-21 13:52:16,677 - torchtitan.config.configurable - WARNING - Config field value of type dtype may not be JSON serializable
[rank0]:[titan] 2026-09-21 13:52:16,678 - torchtitan.config.configurable - WARNING - Config field value of type dtype may not be JSON serializable
[rank0]:[titan] 2026-09-21 13:52:16,679 - torchtitan.config.configurable - WARNING - Config field value of type dtype may not be JSON serializable
[rank0]:[titan] 2026-09-21 13:52:16,683 - torchtitan.observability.metrics - INFO - CUDA capacity: NVIDIA GB300 with 276.50GiB memory
[rank0]:[titan] 2026-09-21 13:52:16,726 - torchtitan.models.utils - INFO - Total parameter count: 284,332,230,231, active parameters: 13,270,091,351
[rank0]:[titan] 2026-09-21 13:51:42,427 - __main__ - INFO - torchtitan version: 0.2.2 (0.0.0 means __version__ is not defined correctly).
[rank0]:[titan] 2026-09-21 13:51:42,472 - torchtitan.components.checkpointer.base - WARNING - initial_load_model_only=True has no effect without an initial_load_path.
[rank0]:[titan] 2026-09-21 13:51:42,565 - torchtitan.components.checkpointer.base - WARNING - initial_load_model_only=True has no effect without an initial_load_path.
[rank0]:[titan] 2026-09-21 13:51:42,570 - torchtitan.observability.structured_logger.jsonl_handler - INFO - Structured logging -> JSONL: /mnt/dgxc/chelsea/torchtitan/outputs/structured_logs/training.global_rank_20.20260921-135142-3P5B7Q.jsonl
[rank0]:[titan] 2026-09-21 13:51:43,219 - torchtitan.distributed.utils - INFO - FP32 CUDA matmul precision: tf32
[rank0]:[titan] 2026-09-21 13:51:43,219 - torchtitan.distributed.utils - WARNING - ENV[TORCH_NCCL_ASYNC_ERROR_HANDLING] = 1 will be overridden to 3 based on job config
[rank0]:[titan] 2026-09-21 13:51:55,547 - torchtitan.distributed.parallel_dims - INFO - Building device mesh with parallelism: pp=1, dp_replicate=4, dp_shard=32, cp=1, tp=1, ep=2
[rank0]:[titan] 2026-09-21 13:52:15,088 - torchtitan.distributed.parallel_dims - INFO - Successfully created meshes with active dimensions: ['batch', 'loss', 'dp_replicate', 'ep', 'efsdp', 'dp', 'dp_shard']
[rank0]:[titan] 2026-09-21 13:52:15,089 - torchtitan.tools.utils - INFO - [GC] Initial GC collection took 0.00 seconds
[rank0]:[titan] 2026-09-21 13:52:16,118 - torchtitan.trainer - INFO - Building deepseek_v4 deepseek_v4_flash
[rank0]:[titan] 2026-09-21 13:52:16,671 - torchtitan.config.configurable - WARNING - Config field value of type dtype may not be JSON serializable
[rank0]:[titan] 2026-09-21 13:52:16,672 - torchtitan.config.configurable - WARNING - Config field value of type dtype may not be JSON serializable
[rank0]:[titan] 2026-09-21 13:52:16,673 - torchtitan.config.configurable - WARNING - Config field value of type dtype may not be JSON serializable
[rank0]:[titan] 2026-09-21 13:52:16,674 - torchtitan.config.configurable - WARNING - Config field value of type dtype may not be JSON serializable
[rank0]:[titan] 2026-09-21 13:52:16,674 - torchtitan.config.configurable - WARNING - Config field value of type dtype may not be JSON serializable
[rank0]:[titan] 2026-09-21 13:52:16,675 - torchtitan.config.configurable - WARNING - Config field value of type dtype may not be JSON serializable
[rank0]:[titan] 2026-09-21 13:52:16,676 - torchtitan.config.configurable - WARNING - Config field value of type dtype may not be JSON serializable
[rank0]:[titan] 2026-09-21 13:52:16,676 - torchtitan.config.configurable - WARNING - Config field value of type dtype may not be JSON serializable
[rank0]:[titan] 2026-09-21 13:52:16,677 - torchtitan.config.configurable - WARNING - Config field value of type dtype may not be JSON serializable
[rank0]:[titan] 2026-09-21 13:52:16,678 - torchtitan.config.configurable - WARNING - Config field value of type dtype may not be JSON serializable
[rank0]:[titan] 2026-09-21 13:52:16,679 - torchtitan.config.configurable - WARNING - Config field value of type dtype may not be JSON serializable
[rank0]:[titan] 2026-09-21 13:52:16,679 - torchtitan.config.configurable - WARNING - Config field value of type dtype may not be JSON serializable
[rank0]:[titan] 2026-09-21 13:52:16,680 - torchtitan.config.configurable - WARNING - Config field value of type dtype may not be JSON serializable
[rank0]:[titan] 2026-09-21 13:52:16,681 - torchtitan.config.configurable - WARNING - Config field value of type dtype may not be JSON serializable
[rank0]:[titan] 2026-09-21 13:52:16,681 - torchtitan.config.configurable - WARNING - Config field value of type dtype may not be JSON serializable
[rank0]:[titan] 2026-09-21 13:52:16,682 - torchtitan.config.configurable - WARNING - Config field value of type dtype may not be JSON serializable
[rank0]:[titan] 2026-09-21 13:52:16,683 - torchtitan.config.configurable - WARNING - Config field value of type dtype may not be JSON serializable
[rank0]:[titan] 2026-09-21 13:52:16,684 - torchtitan.config.configurable - WARNING - Config field value of type dtype may not be JSON serializable
[rank0]:[titan] 2026-09-21 13:52:16,684 - torchtitan.config.configurable - WARNING - Config field value of type dtype may not be JSON serializable
[rank0]:[titan] 2026-09-21 13:52:16,685 - torchtitan.config.configurable - WARNING - Config field value of type dtype may not be JSON serializable
[rank0]:[titan] 2026-09-21 13:52:16,686 - torchtitan.config.configurable - WARNING - Config field value of type dtype may not be JSON serializable
[rank0]:[titan] 2026-09-21 13:52:16,686 - torchtitan.config.configurable - WARNING - Config field value of type dtype may not be JSON serializable
[rank0]:[titan] 2026-09-21 13:52:16,687 - torchtitan.config.configurable - WARNING - Config field value of type dtype may not be JSON serializable
[rank0]:[titan] 2026-09-21 13:52:16,688 - torchtitan.config.configurable - WARNING - Config field value of type dtype may not be JSON serializable
[rank0]:[titan] 2026-09-21 13:52:16,689 - torchtitan.config.configurable - WARNING - Config field value of type dtype may not be JSON serializable
[rank0]:[titan] 2026-09-21 13:52:16,689 - torchtitan.config.configurable - WARNING - Config field value of type dtype may not be JSON serializable
[rank0]:[titan] 2026-09-21 13:52:16,690 - torchtitan.config.configurable - WARNING - Config field value of type dtype may not be JSON serializable
[rank0]:[titan] 2026-09-21 13:52:16,691 - torchtitan.config.configurable - WARNING - Config field value of type dtype may not be JSON serializable
[rank0]:[titan] 2026-09-21 13:52:16,692 - torchtitan.config.configurable - WARNING - Config field value of type dtype may not be JSON serializable
[rank0]:[titan] 2026-09-21 13:52:16,692 - torchtitan.config.configurable - WARNING - Config field value of type dtype may not be JSON serializable
[rank0]:[titan] 2026-09-21 13:52:16,693 - torchtitan.config.configurable - WARNING - Config field value of type dtype may not be JSON serializable
[rank0]:[titan] 2026-09-21 13:52:16,694 - torchtitan.config.configurable - WARNING - Config field value of type dtype may not be JSON serializable
[rank0]:[titan] 2026-09-21 13:52:16,694 - torchtitan.config.configurable - WARNING - Config field value of type dtype may not be JSON serializable
[rank0]:[titan] 2026-09-21 13:52:16,695 - torchtitan.config.configurable - WARNING - Config field value of type dtype may not be JSON serializable
[rank0]:[titan] 2026-09-21 13:52:16,696 - torchtitan.config.configurable - WARNING - Config field value of type dtype may not be JSON serializable
[rank0]:[titan] 2026-09-21 13:52:16,696 - torchtitan.config.configurable - WARNING - Config field value of type dtype may not be JSON serializable
[rank0]:[titan] 2026-09-21 13:52:16,697 - torchtitan.config.configurable - WARNING - Config field value of type dtype may not be JSON serializable
[rank0]:[titan] 2026-09-21 13:52:16,698 - torchtitan.config.configurable - WARNING - Config field value of type dtype may not be JSON serializable
[rank0]:[titan] 2026-09-21 13:52:16,699 - torchtitan.config.configurable - WARNING - Config field value of type dtype may not be JSON serializable
[rank0]:[titan] 2026-09-21 13:52:16,699 - torchtitan.config.configurable - WARNING - Config field value of type dtype may not be JSON serializable
[rank0]:[titan] 2026-09-21 13:51:46,595 - __main__ - INFO - torchtitan version: 0.2.2 (0.0.0 means __version__ is not defined correctly).
[rank0]:[titan] 2026-09-21 13:51:46,635 - torchtitan.components.checkpointer.base - WARNING - initial_load_model_only=True has no effect without an initial_load_path.
[rank0]:[titan] 2026-09-21 13:51:46,731 - torchtitan.components.checkpointer.base - WARNING - initial_load_model_only=True has no effect without an initial_load_path.
[rank0]:[titan] 2026-09-21 13:51:46,734 - torchtitan.observability.structured_logger.jsonl_handler - INFO - Structured logging -> JSONL: /mnt/dgxc/chelsea/torchtitan/outputs/structured_logs/training.global_rank_104.20260921-135146-3TRUL1.jsonl
[rank0]:[titan] 2026-09-21 13:51:46,996 - torchtitan.distributed.utils - INFO - FP32 CUDA matmul precision: tf32
[rank0]:[titan] 2026-09-21 13:51:46,996 - torchtitan.distributed.utils - WARNING - ENV[TORCH_NCCL_ASYNC_ERROR_HANDLING] = 1 will be overridden to 3 based on job config
[rank0]:[titan] 2026-09-21 13:52:16,700 - torchtitan.config.configurable - WARNING - Config field value of type dtype may not be JSON serializable
[rank0]:[titan] 2026-09-21 13:52:16,701 - torchtitan.config.configurable - WARNING - Config field value of type dtype may not be JSON serializable
[rank0]:[titan] 2026-09-21 13:52:16,702 - torchtitan.config.configurable - WARNING - Config field value of type dtype may not be JSON serializable
[rank0]:[titan] 2026-09-21 13:52:16,707 - torchtitan.observability.metrics - INFO - CUDA capacity: NVIDIA GB300 with 276.50GiB memory
[rank0]:[titan] 2026-09-21 13:52:16,750 - torchtitan.models.utils - INFO - Total parameter count: 284,332,230,231, active parameters: 13,270,091,351
[rank0]:[titan] 2026-09-21 13:51:55,536 - torchtitan.distributed.parallel_dims - INFO - Building device mesh with parallelism: pp=1, dp_replicate=4, dp_shard=32, cp=1, tp=1, ep=2
[rank0]:[titan] 2026-09-21 13:52:15,249 - torchtitan.distributed.parallel_dims - INFO - Successfully created meshes with active dimensions: ['batch', 'loss', 'dp_replicate', 'ep', 'efsdp', 'dp', 'dp_shard']
[rank0]:[titan] 2026-09-21 13:52:15,249 - torchtitan.tools.utils - INFO - [GC] Initial GC collection took 0.00 seconds
[rank0]:[titan] 2026-09-21 13:52:16,118 - torchtitan.trainer - INFO - Building deepseek_v4 deepseek_v4_flash
[rank0]:[titan] 2026-09-21 13:52:16,652 - torchtitan.config.configurable - WARNING - Config field value of type dtype may not be JSON serializable
[rank0]:[titan] 2026-09-21 13:52:16,653 - torchtitan.config.configurable - WARNING - Config field value of type dtype may not be JSON serializable
[rank0]:[titan] 2026-09-21 13:52:16,654 - torchtitan.config.configurable - WARNING - Config field value of type dtype may not be JSON serializable
[rank0]:[titan] 2026-09-21 13:52:16,654 - torchtitan.config.configurable - WARNING - Config field value of type dtype may not be JSON serializable
[rank0]:[titan] 2026-09-21 13:52:16,655 - torchtitan.config.configurable - WARNING - Config field value of type dtype may not be JSON serializable
[rank0]:[titan] 2026-09-21 13:52:16,656 - torchtitan.config.configurable - WARNING - Config field value of type dtype may not be JSON serializable
[rank0]:[titan] 2026-09-21 13:52:16,656 - torchtitan.config.configurable - WARNING - Config field value of type dtype may not be JSON serializable
[rank0]:[titan] 2026-09-21 13:52:16,657 - torchtitan.config.configurable - WARNING - Config field value of type dtype may not be JSON serializable
[rank0]:[titan] 2026-09-21 13:52:16,658 - torchtitan.config.configurable - WARNING - Config field value of type dtype may not be JSON serializable
[rank0]:[titan] 2026-09-21 13:52:16,658 - torchtitan.config.configurable - WARNING - Config field value of type dtype may not be JSON serializable
[rank0]:[titan] 2026-09-21 13:52:16,659 - torchtitan.config.configurable - WARNING - Config field value of type dtype may not be JSON serializable
[rank0]:[titan] 2026-09-21 13:52:16,660 - torchtitan.config.configurable - WARNING - Config field value of type dtype may not be JSON serializable
[rank0]:[titan] 2026-09-21 13:52:16,660 - torchtitan.config.configurable - WARNING - Config field value of type dtype may not be JSON serializable
[rank0]:[titan] 2026-09-21 13:52:16,661 - torchtitan.config.configurable - WARNING - Config field value of type dtype may not be JSON serializable
[rank0]:[titan] 2026-09-21 13:52:16,662 - torchtitan.config.configurable - WARNING - Config field value of type dtype may not be JSON serializable
[rank0]:[titan] 2026-09-21 13:52:16,662 - torchtitan.config.configurable - WARNING - Config field value of type dtype may not be JSON serializable
[rank0]:[titan] 2026-09-21 13:52:16,663 - torchtitan.config.configurable - WARNING - Config field value of type dtype may not be JSON serializable
[rank0]:[titan] 2026-09-21 13:52:16,664 - torchtitan.config.configurable - WARNING - Config field value of type dtype may not be JSON serializable
[rank0]:[titan] 2026-09-21 13:52:16,664 - torchtitan.config.configurable - WARNING - Config field value of type dtype may not be JSON serializable
[rank0]:[titan] 2026-09-21 13:52:16,665 - torchtitan.config.configurable - WARNING - Config field value of type dtype may not be JSON serializable
[rank0]:[titan] 2026-09-21 13:52:16,666 - torchtitan.config.configurable - WARNING - Config field value of type dtype may not be JSON serializable
[rank0]:[titan] 2026-09-21 13:52:16,666 - torchtitan.config.configurable - WARNING - Config field value of type dtype may not be JSON serializable
[rank0]:[titan] 2026-09-21 13:52:16,667 - torchtitan.config.configurable - WARNING - Config field value of type dtype may not be JSON serializable
[rank0]:[titan] 2026-09-21 13:52:16,668 - torchtitan.config.configurable - WARNING - Config field value of type dtype may not be JSON serializable
[rank0]:[titan] 2026-09-21 13:52:16,668 - torchtitan.config.configurable - WARNING - Config field value of type dtype may not be JSON serializable
[rank0]:[titan] 2026-09-21 13:52:16,669 - torchtitan.config.configurable - WARNING - Config field value of type dtype may not be JSON serializable
[rank0]:[titan] 2026-09-21 13:52:16,670 - torchtitan.config.configurable - WARNING - Config field value of type dtype may not be JSON serializable
[rank0]:[titan] 2026-09-21 13:52:16,670 - torchtitan.config.configurable - WARNING - Config field value of type dtype may not be JSON serializable
[rank0]:[titan] 2026-09-21 13:52:16,671 - torchtitan.config.configurable - WARNING - Config field value of type dtype may not be JSON serializable
[rank0]:[titan] 2026-09-21 13:52:16,672 - torchtitan.config.configurable - WARNING - Config field value of type dtype may not be JSON serializable
[rank0]:[titan] 2026-09-21 13:52:16,672 - torchtitan.config.configurable - WARNING - Config field value of type dtype may not be JSON serializable
[rank0]:[titan] 2026-09-21 13:52:16,673 - torchtitan.config.configurable - WARNING - Config field value of type dtype may not be JSON serializable
[rank0]:[titan] 2026-09-21 13:52:16,674 - torchtitan.config.configurable - WARNING - Config field value of type dtype may not be JSON serializable
[rank0]:[titan] 2026-09-21 13:52:16,674 - torchtitan.config.configurable - WARNING - Config field value of type dtype may not be JSON serializable
[rank0]:[titan] 2026-09-21 13:52:16,675 - torchtitan.config.configurable - WARNING - Config field value of type dtype may not be JSON serializable
[rank0]:[titan] 2026-09-21 13:52:16,676 - torchtitan.config.configurable - WARNING - Config field value of type dtype may not be JSON serializable
[rank0]:[titan] 2026-09-21 13:52:16,676 - torchtitan.config.configurable - WARNING - Config field value of type dtype may not be JSON serializable
[rank0]:[titan] 2026-09-21 13:52:16,677 - torchtitan.config.configurable - WARNING - Config field value of type dtype may not be JSON serializable
[rank0]:[titan] 2026-09-21 13:52:16,678 - torchtitan.config.configurable - WARNING - Config field value of type dtype may not be JSON serializable
[rank0]:[titan] 2026-09-21 13:52:16,678 - torchtitan.config.configurable - WARNING - Config field value of type dtype may not be JSON serializable
[rank0]:[titan] 2026-09-21 13:52:16,679 - torchtitan.config.configurable - WARNING - Config field value of type dtype may not be JSON serializable
[rank0]:[titan] 2026-09-21 13:52:16,680 - torchtitan.config.configurable - WARNING - Config field value of type dtype may not be JSON serializable
[rank0]:[titan] 2026-09-21 13:52:16,680 - torchtitan.config.configurable - WARNING - Config field value of type dtype may not be JSON serializable
[rank0]:[titan] 2026-09-21 13:52:16,685 - torchtitan.observability.metrics - INFO - CUDA capacity: NVIDIA GB300 with 276.50GiB memory
[rank0]:[titan] 2026-09-21 13:52:16,733 - torchtitan.models.utils - INFO - Total parameter count: 284,332,230,231, active parameters: 13,270,091,351
[rank0]:[titan] 2026-09-21 13:51:42,904 - __main__ - INFO - torchtitan version: 0.2.2 (0.0.0 means __version__ is not defined correctly).
[rank0]:[titan] 2026-09-21 13:51:42,955 - torchtitan.components.checkpointer.base - WARNING - initial_load_model_only=True has no effect without an initial_load_path.
[rank0]:[titan] 2026-09-21 13:51:43,055 - torchtitan.components.checkpointer.base - WARNING - initial_load_model_only=True has no effect without an initial_load_path.
[rank0]:[titan] 2026-09-21 13:51:43,058 - torchtitan.observability.structured_logger.jsonl_handler - INFO - Structured logging -> JSONL: /mnt/dgxc/chelsea/torchtitan/outputs/structured_logs/training.global_rank_112.20260921-135143-RLG1AM.jsonl
[rank0]:[titan] 2026-09-21 13:51:43,832 - torchtitan.distributed.utils - INFO - FP32 CUDA matmul precision: tf32
[rank0]:[titan] 2026-09-21 13:51:43,832 - torchtitan.distributed.utils - WARNING - ENV[TORCH_NCCL_ASYNC_ERROR_HANDLING] = 1 will be overridden to 3 based on job config
[rank0]:[titan] 2026-09-21 13:51:55,528 - torchtitan.distributed.parallel_dims - INFO - Building device mesh with parallelism: pp=1, dp_replicate=4, dp_shard=32, cp=1, tp=1, ep=2
[rank0]:[titan] 2026-09-21 13:52:15,225 - torchtitan.distributed.parallel_dims - INFO - Successfully created meshes with active dimensions: ['batch', 'loss', 'dp_replicate', 'ep', 'efsdp', 'dp', 'dp_shard']
[rank0]:[titan] 2026-09-21 13:52:15,226 - torchtitan.tools.utils - INFO - [GC] Initial GC collection took 0.00 seconds
[rank0]:[titan] 2026-09-21 13:52:16,121 - torchtitan.trainer - INFO - Building deepseek_v4 deepseek_v4_flash
[rank0]:[titan] 2026-09-21 13:52:16,640 - torchtitan.config.configurable - WARNING - Config field value of type dtype may not be JSON serializable
[rank0]:[titan] 2026-09-21 13:52:16,641 - torchtitan.config.configurable - WARNING - Config field value of type dtype may not be JSON serializable
[rank0]:[titan] 2026-09-21 13:52:16,641 - torchtitan.config.configurable - WARNING - Config field value of type dtype may not be JSON serializable
[rank0]:[titan] 2026-09-21 13:52:16,642 - torchtitan.config.configurable - WARNING - Config field value of type dtype may not be JSON serializable
[rank0]:[titan] 2026-09-21 13:52:16,643 - torchtitan.config.configurable - WARNING - Config field value of type dtype may not be JSON serializable
[rank0]:[titan] 2026-09-21 13:52:16,643 - torchtitan.config.configurable - WARNING - Config field value of type dtype may not be JSON serializable
[rank0]:[titan] 2026-09-21 13:52:16,644 - torchtitan.config.configurable - WARNING - Config field value of type dtype may not be JSON serializable
[rank0]:[titan] 2026-09-21 13:52:16,645 - torchtitan.config.configurable - WARNING - Config field value of type dtype may not be JSON serializable
[rank0]:[titan] 2026-09-21 13:52:16,645 - torchtitan.config.configurable - WARNING - Config field value of type dtype may not be JSON serializable
[rank0]:[titan] 2026-09-21 13:52:16,646 - torchtitan.config.configurable - WARNING - Config field value of type dtype may not be JSON serializable
[rank0]:[titan] 2026-09-21 13:52:16,647 - torchtitan.config.configurable - WARNING - Config field value of type dtype may not be JSON serializable
[rank0]:[titan] 2026-09-21 13:52:16,647 - torchtitan.config.configurable - WARNING - Config field value of type dtype may not be JSON serializable
[rank0]:[titan] 2026-09-21 13:52:16,648 - torchtitan.config.configurable - WARNING - Config field value of type dtype may not be JSON serializable
[rank0]:[titan] 2026-09-21 13:52:16,649 - torchtitan.config.configurable - WARNING - Config field value of type dtype may not be JSON serializable
[rank0]:[titan] 2026-09-21 13:52:16,650 - torchtitan.config.configurable - WARNING - Config field value of type dtype may not be JSON serializable
[rank0]:[titan] 2026-09-21 13:52:16,650 - torchtitan.config.configurable - WARNING - Config field value of type dtype may not be JSON serializable
[rank0]:[titan] 2026-09-21 13:52:16,651 - torchtitan.config.configurable - WARNING - Config field value of type dtype may not be JSON serializable
[rank0]:[titan] 2026-09-21 13:52:16,652 - torchtitan.config.configurable - WARNING - Config field value of type dtype may not be JSON serializable
[rank0]:[titan] 2026-09-21 13:52:16,652 - torchtitan.config.configurable - WARNING - Config field value of type dtype may not be JSON serializable
[rank0]:[titan] 2026-09-21 13:52:16,653 - torchtitan.config.configurable - WARNING - Config field value of type dtype may not be JSON serializable
[rank0]:[titan] 2026-09-21 13:52:16,654 - torchtitan.config.configurable - WARNING - Config field value of type dtype may not be JSON serializable
[rank0]:[titan] 2026-09-21 13:52:16,654 - torchtitan.config.configurable - WARNING - Config field value of type dtype may not be JSON serializable
[rank0]:[titan] 2026-09-21 13:52:16,655 - torchtitan.config.configurable - WARNING - Config field value of type dtype may not be JSON serializable
[rank0]:[titan] 2026-09-21 13:52:16,656 - torchtitan.config.configurable - WARNING - Config field value of type dtype may not be JSON serializable
[rank0]:[titan] 2026-09-21 13:52:16,656 - torchtitan.config.configurable - WARNING - Config field value of type dtype may not be JSON serializable
[rank0]:[titan] 2026-09-21 13:52:16,657 - torchtitan.config.configurable - WARNING - Config field value of type dtype may not be JSON serializable
[rank0]:[titan] 2026-09-21 13:52:16,658 - torchtitan.config.configurable - WARNING - Config field value of type dtype may not be JSON serializable
[rank0]:[titan] 2026-09-21 13:52:16,659 - torchtitan.config.configurable - WARNING - Config field value of type dtype may not be JSON serializable
[rank0]:[titan] 2026-09-21 13:52:16,659 - torchtitan.config.configurable - WARNING - Config field value of type dtype may not be JSON serializable
[rank0]:[titan] 2026-09-21 13:52:16,660 - torchtitan.config.configurable - WARNING - Config field value of type dtype may not be JSON serializable
[rank0]:[titan] 2026-09-21 13:52:16,661 - torchtitan.config.configurable - WARNING - Config field value of type dtype may not be JSON serializable
[rank0]:[titan] 2026-09-21 13:52:16,661 - torchtitan.config.configurable - WARNING - Config field value of type dtype may not be JSON serializable
[rank0]:[titan] 2026-09-21 13:52:16,662 - torchtitan.config.configurable - WARNING - Config field value of type dtype may not be JSON serializable
[rank0]:[titan] 2026-09-21 13:52:16,663 - torchtitan.config.configurable - WARNING - Config field value of type dtype may not be JSON serializable
[rank0]:[titan] 2026-09-21 13:52:16,663 - torchtitan.config.configurable - WARNING - Config field value of type dtype may not be JSON serializable
[rank0]:[titan] 2026-09-21 13:52:16,664 - torchtitan.config.configurable - WARNING - Config field value of type dtype may not be JSON serializable
[rank0]:[titan] 2026-09-21 13:52:16,665 - torchtitan.config.configurable - WARNING - Config field value of type dtype may not be JSON serializable
[rank0]:[titan] 2026-09-21 13:52:16,665 - torchtitan.config.configurable - WARNING - Config field value of type dtype may not be JSON serializable
[rank0]:[titan] 2026-09-21 13:52:16,666 - torchtitan.config.configurable - WARNING - Config field value of type dtype may not be JSON serializable
[rank0]:[titan] 2026-09-21 13:52:16,667 - torchtitan.config.configurable - WARNING - Config field value of type dtype may not be JSON serializable
[rank0]:[titan] 2026-09-21 13:52:16,668 - torchtitan.config.configurable - WARNING - Config field value of type dtype may not be JSON serializable
[rank0]:[titan] 2026-09-21 13:52:16,668 - torchtitan.config.configurable - WARNING - Config field value of type dtype may not be JSON serializable
[rank0]:[titan] 2026-09-21 13:52:16,669 - torchtitan.config.configurable - WARNING - Config field value of type dtype may not be JSON serializable
[rank0]:[titan] 2026-09-21 13:52:16,673 - torchtitan.observability.metrics - INFO - CUDA capacity: NVIDIA GB300 with 276.50GiB memory
[rank0]:[titan] 2026-09-21 13:52:16,720 - torchtitan.models.utils - INFO - Total parameter count: 284,332,230,231, active parameters: 13,270,091,351
[rank0]:[titan] 2026-09-21 13:51:42,687 - __main__ - INFO - torchtitan version: 0.2.2 (0.0.0 means __version__ is not defined correctly).
[rank0]:[titan] 2026-09-21 13:51:42,728 - torchtitan.components.checkpointer.base - WARNING - initial_load_model_only=True has no effect without an initial_load_path.
[rank0]:[titan] 2026-09-21 13:51:42,822 - torchtitan.components.checkpointer.base - WARNING - initial_load_model_only=True has no effect without an initial_load_path.
[rank0]:[titan] 2026-09-21 13:51:42,826 - torchtitan.observability.structured_logger.jsonl_handler - INFO - Structured logging -> JSONL: /mnt/dgxc/chelsea/torchtitan/outputs/structured_logs/training.global_rank_48.20260921-135142-DO4LMM.jsonl
[rank0]:[titan] 2026-09-21 13:51:43,502 - torchtitan.distributed.utils - INFO - FP32 CUDA matmul precision: tf32
[rank0]:[titan] 2026-09-21 13:51:43,502 - torchtitan.distributed.utils - WARNING - ENV[TORCH_NCCL_ASYNC_ERROR_HANDLING] = 1 will be overridden to 3 based on job config
[rank0]:[titan] 2026-09-21 13:51:55,551 - torchtitan.distributed.parallel_dims - INFO - Building device mesh with parallelism: pp=1, dp_replicate=4, dp_shard=32, cp=1, tp=1, ep=2
[rank0]:[titan] 2026-09-21 13:52:15,416 - torchtitan.distributed.parallel_dims - INFO - Successfully created meshes with active dimensions: ['batch', 'loss', 'dp_replicate', 'ep', 'efsdp', 'dp', 'dp_shard']
[rank0]:[titan] 2026-09-21 13:52:15,419 - torchtitan.tools.utils - INFO - [GC] Initial GC collection took 0.00 seconds
[rank0]:[titan] 2026-09-21 13:52:16,119 - torchtitan.trainer - INFO - Building deepseek_v4 deepseek_v4_flash
[rank0]:[titan] 2026-09-21 13:52:16,669 - torchtitan.config.configurable - WARNING - Config field value of type dtype may not be JSON serializable
[rank0]:[titan] 2026-09-21 13:52:16,670 - torchtitan.config.configurable - WARNING - Config field value of type dtype may not be JSON serializable
[rank0]:[titan] 2026-09-21 13:52:16,670 - torchtitan.config.configurable - WARNING - Config field value of type dtype may not be JSON serializable
[rank0]:[titan] 2026-09-21 13:52:16,671 - torchtitan.config.configurable - WARNING - Config field value of type dtype may not be JSON serializable
[rank0]:[titan] 2026-09-21 13:52:16,672 - torchtitan.config.configurable - WARNING - Config field value of type dtype may not be JSON serializable
[rank0]:[titan] 2026-09-21 13:52:16,672 - torchtitan.config.configurable - WARNING - Config field value of type dtype may not be JSON serializable
[rank0]:[titan] 2026-09-21 13:52:16,673 - torchtitan.config.configurable - WARNING - Config field value of type dtype may not be JSON serializable
[rank0]:[titan] 2026-09-21 13:52:16,674 - torchtitan.config.configurable - WARNING - Config field value of type dtype may not be JSON serializable
[rank0]:[titan] 2026-09-21 13:52:16,675 - torchtitan.config.configurable - WARNING - Config field value of type dtype may not be JSON serializable
[rank0]:[titan] 2026-09-21 13:52:16,675 - torchtitan.config.configurable - WARNING - Config field value of type dtype may not be JSON serializable
[rank0]:[titan] 2026-09-21 13:52:16,676 - torchtitan.config.configurable - WARNING - Config field value of type dtype may not be JSON serializable
[rank0]:[titan] 2026-09-21 13:52:16,677 - torchtitan.config.configurable - WARNING - Config field value of type dtype may not be JSON serializable
[rank0]:[titan] 2026-09-21 13:52:16,677 - torchtitan.config.configurable - WARNING - Config field value of type dtype may not be JSON serializable
[rank0]:[titan] 2026-09-21 13:52:16,678 - torchtitan.config.configurable - WARNING - Config field value of type dtype may not be JSON serializable
[rank0]:[titan] 2026-09-21 13:52:16,679 - torchtitan.config.configurable - WARNING - Config field value of type dtype may not be JSON serializable
[rank0]:[titan] 2026-09-21 13:52:16,679 - torchtitan.config.configurable - WARNING - Config field value of type dtype may not be JSON serializable
[rank0]:[titan] 2026-09-21 13:52:16,680 - torchtitan.config.configurable - WARNING - Config field value of type dtype may not be JSON serializable
[rank0]:[titan] 2026-09-21 13:52:16,681 - torchtitan.config.configurable - WARNING - Config field value of type dtype may not be JSON serializable
[rank0]:[titan] 2026-09-21 13:52:16,681 - torchtitan.config.configurable - WARNING - Config field value of type dtype may not be JSON serializable
[rank0]:[titan] 2026-09-21 13:52:16,682 - torchtitan.config.configurable - WARNING - Config field value of type dtype may not be JSON serializable
[rank0]:[titan] 2026-09-21 13:52:16,683 - torchtitan.config.configurable - WARNING - Config field value of type dtype may not be JSON serializable
[rank0]:[titan] 2026-09-21 13:52:16,683 - torchtitan.config.configurable - WARNING - Config field value of type dtype may not be JSON serializable
[rank0]:[titan] 2026-09-21 13:52:16,684 - torchtitan.config.configurable - WARNING - Config field value of type dtype may not be JSON serializable
[rank0]:[titan] 2026-09-21 13:52:16,685 - torchtitan.config.configurable - WARNING - Config field value of type dtype may not be JSON serializable
[rank0]:[titan] 2026-09-21 13:52:16,686 - torchtitan.config.configurable - WARNING - Config field value of type dtype may not be JSON serializable
[rank0]:[titan] 2026-09-21 13:52:16,686 - torchtitan.config.configurable - WARNING - Config field value of type dtype may not be JSON serializable
[rank0]:[titan] 2026-09-21 13:52:16,687 - torchtitan.config.configurable - WARNING - Config field value of type dtype may not be JSON serializable
[rank0]:[titan] 2026-09-21 13:52:16,687 - torchtitan.config.configurable - WARNING - Config field value of type dtype may not be JSON serializable
[rank0]:[titan] 2026-09-21 13:52:16,688 - torchtitan.config.configurable - WARNING - Config field value of type dtype may not be JSON serializable
[rank0]:[titan] 2026-09-21 13:52:16,689 - torchtitan.config.configurable - WARNING - Config field value of type dtype may not be JSON serializable
[rank0]:[titan] 2026-09-21 13:52:16,690 - torchtitan.config.configurable - WARNING - Config field value of type dtype may not be JSON serializable
[rank0]:[titan] 2026-09-21 13:52:16,690 - torchtitan.config.configurable - WARNING - Config field value of type dtype may not be JSON serializable
[rank0]:[titan] 2026-09-21 13:52:16,691 - torchtitan.config.configurable - WARNING - Config field value of type dtype may not be JSON serializable
[rank0]:[titan] 2026-09-21 13:52:16,692 - torchtitan.config.configurable - WARNING - Config field value of type dtype may not be JSON serializable
[rank0]:[titan] 2026-09-21 13:52:16,692 - torchtitan.config.configurable - WARNING - Config field value of type dtype may not be JSON serializable
[rank0]:[titan] 2026-09-21 13:52:16,693 - torchtitan.config.configurable - WARNING - Config field value of type dtype may not be JSON serializable
[rank0]:[titan] 2026-09-21 13:52:16,694 - torchtitan.config.configurable - WARNING - Config field value of type dtype may not be JSON serializable
[rank0]:[titan] 2026-09-21 13:52:16,694 - torchtitan.config.configurable - WARNING - Config field value of type dtype may not be JSON serializable
[rank0]:[titan] 2026-09-21 13:52:16,695 - torchtitan.config.configurable - WARNING - Config field value of type dtype may not be JSON serializable
[rank0]:[titan] 2026-09-21 13:52:16,696 - torchtitan.config.configurable - WARNING - Config field value of type dtype may not be JSON serializable
[rank0]:[titan] 2026-09-21 13:52:16,696 - torchtitan.config.configurable - WARNING - Config field value of type dtype may not be JSON serializable
[rank0]:[titan] 2026-09-21 13:52:16,697 - torchtitan.config.configurable - WARNING - Config field value of type dtype may not be JSON serializable
[rank0]:[titan] 2026-09-21 13:52:16,698 - torchtitan.config.configurable - WARNING - Config field value of type dtype may not be JSON serializable
[rank0]:[titan] 2026-09-21 13:52:16,703 - torchtitan.observability.metrics - INFO - CUDA capacity: NVIDIA GB300 with 276.50GiB memory
[rank0]:[titan] 2026-09-21 13:52:16,745 - torchtitan.models.utils - INFO - Total parameter count: 284,332,230,231, active parameters: 13,270,091,351
[rank0]:wandb: [wandb.login()] Loaded credentials for https://api.wandb.ai from WANDB_API_KEY.
[rank0]:wandb: Currently logged in as: caia-costello-ll (lambdalabs) to https://api.wandb.ai. Use `wandb login --relogin` to force relogin
[rank0]:[titan] 2026-09-21 13:51:42,699 - __main__ - INFO - torchtitan version: 0.2.2 (0.0.0 means __version__ is not defined correctly).
[rank0]:[titan] 2026-09-21 13:51:42,741 - torchtitan.components.checkpointer.base - WARNING - initial_load_model_only=True has no effect without an initial_load_path.
[rank0]:[titan] 2026-09-21 13:51:42,834 - torchtitan.components.checkpointer.base - WARNING - initial_load_model_only=True has no effect without an initial_load_path.
[rank0]:[titan] 2026-09-21 13:51:42,838 - torchtitan.observability.structured_logger.jsonl_handler - INFO - Structured logging -> JSONL: /mnt/dgxc/chelsea/torchtitan/outputs/structured_logs/training.global_rank_72.20260921-135142-K3YLJX.jsonl
[rank0]:[titan] 2026-09-21 13:51:43,466 - torchtitan.distributed.utils - INFO - FP32 CUDA matmul precision: tf32
[rank0]:[titan] 2026-09-21 13:51:43,467 - torchtitan.distributed.utils - WARNING - ENV[TORCH_NCCL_ASYNC_ERROR_HANDLING] = 1 will be overridden to 3 based on job config
[rank0]:[titan] 2026-09-21 13:51:55,544 - torchtitan.distributed.parallel_dims - INFO - Building device mesh with parallelism: pp=1, dp_replicate=4, dp_shard=32, cp=1, tp=1, ep=2
[rank0]:[titan] 2026-09-21 13:52:15,454 - torchtitan.distributed.parallel_dims - INFO - Successfully created meshes with active dimensions: ['batch', 'loss', 'dp_replicate', 'ep', 'efsdp', 'dp', 'dp_shard']
[rank0]:[titan] 2026-09-21 13:52:15,456 - torchtitan.tools.utils - INFO - [GC] Initial GC collection took 0.00 seconds
[rank0]:[titan] 2026-09-21 13:52:16,133 - torchtitan.trainer - INFO - Building deepseek_v4 deepseek_v4_flash
[rank0]:[titan] 2026-09-21 13:52:16,783 - torchtitan.config.configurable - WARNING - Config field value of type dtype may not be JSON serializable
[rank0]:[titan] 2026-09-21 13:52:16,784 - torchtitan.config.configurable - WARNING - Config field value of type dtype may not be JSON serializable
[rank0]:[titan] 2026-09-21 13:52:16,784 - torchtitan.config.configurable - WARNING - Config field value of type dtype may not be JSON serializable
[rank0]:[titan] 2026-09-21 13:52:16,785 - torchtitan.config.configurable - WARNING - Config field value of type dtype may not be JSON serializable
[rank0]:[titan] 2026-09-21 13:52:16,786 - torchtitan.config.configurable - WARNING - Config field value of type dtype may not be JSON serializable
[rank0]:[titan] 2026-09-21 13:52:16,787 - torchtitan.config.configurable - WARNING - Config field value of type dtype may not be JSON serializable
[rank0]:[titan] 2026-09-21 13:52:16,788 - torchtitan.config.configurable - WARNING - Config field value of type dtype may not be JSON serializable
[rank0]:[titan] 2026-09-21 13:52:16,788 - torchtitan.config.configurable - WARNING - Config field value of type dtype may not be JSON serializable
[rank0]:[titan] 2026-09-21 13:52:16,789 - torchtitan.config.configurable - WARNING - Config field value of type dtype may not be JSON serializable
[rank0]:[titan] 2026-09-21 13:52:16,790 - torchtitan.config.configurable - WARNING - Config field value of type dtype may not be JSON serializable
[rank0]:[titan] 2026-09-21 13:52:16,791 - torchtitan.config.configurable - WARNING - Config field value of type dtype may not be JSON serializable
[rank0]:[titan] 2026-09-21 13:52:16,791 - torchtitan.config.configurable - WARNING - Config field value of type dtype may not be JSON serializable
[rank0]:[titan] 2026-09-21 13:52:16,792 - torchtitan.config.configurable - WARNING - Config field value of type dtype may not be JSON serializable
[rank0]:[titan] 2026-09-21 13:52:16,793 - torchtitan.config.configurable - WARNING - Config field value of type dtype may not be JSON serializable
[rank0]:[titan] 2026-09-21 13:52:16,794 - torchtitan.config.configurable - WARNING - Config field value of type dtype may not be JSON serializable
[rank0]:[titan] 2026-09-21 13:52:16,794 - torchtitan.config.configurable - WARNING - Config field value of type dtype may not be JSON serializable
[rank0]:[titan] 2026-09-21 13:52:16,795 - torchtitan.config.configurable - WARNING - Config field value of type dtype may not be JSON serializable
[rank0]:[titan] 2026-09-21 13:52:16,796 - torchtitan.config.configurable - WARNING - Config field value of type dtype may not be JSON serializable
[rank0]:[titan] 2026-09-21 13:52:16,797 - torchtitan.config.configurable - WARNING - Config field value of type dtype may not be JSON serializable
[rank0]:[titan] 2026-09-21 13:52:16,797 - torchtitan.config.configurable - WARNING - Config field value of type dtype may not be JSON serializable
[rank0]:[titan] 2026-09-21 13:52:16,798 - torchtitan.config.configurable - WARNING - Config field value of type dtype may not be JSON serializable
[rank0]:[titan] 2026-09-21 13:52:16,799 - torchtitan.config.configurable - WARNING - Config field value of type dtype may not be JSON serializable
[rank0]:[titan] 2026-09-21 13:52:16,800 - torchtitan.config.configurable - WARNING - Config field value of type dtype may not be JSON serializable
[rank0]:[titan] 2026-09-21 13:52:16,801 - torchtitan.config.configurable - WARNING - Config field value of type dtype may not be JSON serializable
[rank0]:[titan] 2026-09-21 13:52:16,802 - torchtitan.config.configurable - WARNING - Config field value of type dtype may not be JSON serializable
[rank0]:[titan] 2026-09-21 13:52:16,802 - torchtitan.config.configurable - WARNING - Config field value of type dtype may not be JSON serializable
[rank0]:[titan] 2026-09-21 13:52:16,803 - torchtitan.config.configurable - WARNING - Config field value of type dtype may not be JSON serializable
[rank0]:[titan] 2026-09-21 13:52:16,804 - torchtitan.config.configurable - WARNING - Config field value of type dtype may not be JSON serializable
[rank0]:[titan] 2026-09-21 13:52:16,804 - torchtitan.config.configurable - WARNING - Config field value of type dtype may not be JSON serializable
[rank0]:[titan] 2026-09-21 13:52:16,805 - torchtitan.config.configurable - WARNING - Config field value of type dtype may not be JSON serializable
[rank0]:[titan] 2026-09-21 13:52:16,806 - torchtitan.config.configurable - WARNING - Config field value of type dtype may not be JSON serializable
[rank0]:[titan] 2026-09-21 13:52:16,807 - torchtitan.config.configurable - WARNING - Config field value of type dtype may not be JSON serializable
[rank0]:[titan] 2026-09-21 13:52:16,808 - torchtitan.config.configurable - WARNING - Config field value of type dtype may not be JSON serializable
[rank0]:[titan] 2026-09-21 13:52:16,808 - torchtitan.config.configurable - WARNING - Config field value of type dtype may not be JSON serializable
[rank0]:[titan] 2026-09-21 13:52:16,809 - torchtitan.config.configurable - WARNING - Config field value of type dtype may not be JSON serializable
[rank0]:[titan] 2026-09-21 13:52:16,810 - torchtitan.config.configurable - WARNING - Config field value of type dtype may not be JSON serializable
[rank0]:[titan] 2026-09-21 13:52:16,811 - torchtitan.config.configurable - WARNING - Config field value of type dtype may not be JSON serializable
[rank0]:[titan] 2026-09-21 13:52:16,811 - torchtitan.config.configurable - WARNING - Config field value of type dtype may not be JSON serializable
[rank0]:[titan] 2026-09-21 13:52:16,812 - torchtitan.config.configurable - WARNING - Config field value of type dtype may not be JSON serializable
[rank0]:[titan] 2026-09-21 13:52:16,813 - torchtitan.config.configurable - WARNING - Config field value of type dtype may not be JSON serializable
[rank0]:[titan] 2026-09-21 13:52:16,814 - torchtitan.config.configurable - WARNING - Config field value of type dtype may not be JSON serializable
[rank0]:[titan] 2026-09-21 13:52:16,814 - torchtitan.config.configurable - WARNING - Config field value of type dtype may not be JSON serializable
[rank0]:[titan] 2026-09-21 13:52:16,815 - torchtitan.config.configurable - WARNING - Config field value of type dtype may not be JSON serializable
[rank0]:[titan] 2026-09-21 13:52:18,298 - torchtitan.observability.metrics - INFO - CUDA capacity: NVIDIA GB300 with 276.50GiB memory
[rank0]:[titan] 2026-09-21 13:52:18,356 - torchtitan.models.utils - INFO - Total parameter count: 284,332,230,231, active parameters: 13,270,091,351
[rank0]:[titan] 2026-09-21 13:51:42,685 - __main__ - INFO - torchtitan version: 0.2.2 (0.0.0 means __version__ is not defined correctly).
[rank0]:[titan] 2026-09-21 13:51:42,730 - torchtitan.components.checkpointer.base - WARNING - initial_load_model_only=True has no effect without an initial_load_path.
[rank0]:[titan] 2026-09-21 13:51:42,823 - torchtitan.components.checkpointer.base - WARNING - initial_load_model_only=True has no effect without an initial_load_path.
[rank0]:[titan] 2026-09-21 13:51:42,828 - torchtitan.observability.structured_logger.jsonl_handler - INFO - Structured logging -> JSONL: /mnt/dgxc/chelsea/torchtitan/outputs/structured_logs/training.global_rank_80.20260921-135142-MIO67A.jsonl
[rank0]:[titan] 2026-09-21 13:51:43,600 - torchtitan.distributed.utils - INFO - FP32 CUDA matmul precision: tf32
[rank0]:[titan] 2026-09-21 13:51:43,600 - torchtitan.distributed.utils - WARNING - ENV[TORCH_NCCL_ASYNC_ERROR_HANDLING] = 1 will be overridden to 3 based on job config
[rank0]:[titan] 2026-09-21 13:51:55,550 - torchtitan.distributed.parallel_dims - INFO - Building device mesh with parallelism: pp=1, dp_replicate=4, dp_shard=32, cp=1, tp=1, ep=2
[rank0]:[titan] 2026-09-21 13:52:15,433 - torchtitan.distributed.parallel_dims - INFO - Successfully created meshes with active dimensions: ['batch', 'loss', 'dp_replicate', 'ep', 'efsdp', 'dp', 'dp_shard']
[rank0]:[titan] 2026-09-21 13:52:15,436 - torchtitan.tools.utils - INFO - [GC] Initial GC collection took 0.00 seconds
[rank0]:[titan] 2026-09-21 13:52:16,124 - torchtitan.trainer - INFO - Building deepseek_v4 deepseek_v4_flash
[rank0]:[titan] 2026-09-21 13:52:16,832 - torchtitan.config.configurable - WARNING - Config field value of type dtype may not be JSON serializable
[rank0]:[titan] 2026-09-21 13:52:16,833 - torchtitan.config.configurable - WARNING - Config field value of type dtype may not be JSON serializable
[rank0]:[titan] 2026-09-21 13:52:16,834 - torchtitan.config.configurable - WARNING - Config field value of type dtype may not be JSON serializable
[rank0]:[titan] 2026-09-21 13:52:16,835 - torchtitan.config.configurable - WARNING - Config field value of type dtype may not be JSON serializable
[rank0]:[titan] 2026-09-21 13:52:16,836 - torchtitan.config.configurable - WARNING - Config field value of type dtype may not be JSON serializable
[rank0]:[titan] 2026-09-21 13:52:16,837 - torchtitan.config.configurable - WARNING - Config field value of type dtype may not be JSON serializable
[rank0]:[titan] 2026-09-21 13:52:16,837 - torchtitan.config.configurable - WARNING - Config field value of type dtype may not be JSON serializable
[rank0]:[titan] 2026-09-21 13:52:16,838 - torchtitan.config.configurable - WARNING - Config field value of type dtype may not be JSON serializable
[rank0]:[titan] 2026-09-21 13:52:16,839 - torchtitan.config.configurable - WARNING - Config field value of type dtype may not be JSON serializable
[rank0]:[titan] 2026-09-21 13:52:16,840 - torchtitan.config.configurable - WARNING - Config field value of type dtype may not be JSON serializable
[rank0]:[titan] 2026-09-21 13:52:16,841 - torchtitan.config.configurable - WARNING - Config field value of type dtype may not be JSON serializable
[rank0]:[titan] 2026-09-21 13:52:16,841 - torchtitan.config.configurable - WARNING - Config field value of type dtype may not be JSON serializable
[rank0]:[titan] 2026-09-21 13:52:16,842 - torchtitan.config.configurable - WARNING - Config field value of type dtype may not be JSON serializable
[rank0]:[titan] 2026-09-21 13:52:16,843 - torchtitan.config.configurable - WARNING - Config field value of type dtype may not be JSON serializable
[rank0]:[titan] 2026-09-21 13:52:16,844 - torchtitan.config.configurable - WARNING - Config field value of type dtype may not be JSON serializable
[rank0]:[titan] 2026-09-21 13:52:16,844 - torchtitan.config.configurable - WARNING - Config field value of type dtype may not be JSON serializable
[rank0]:[titan] 2026-09-21 13:52:16,845 - torchtitan.config.configurable - WARNING - Config field value of type dtype may not be JSON serializable
[rank0]:[titan] 2026-09-21 13:52:16,846 - torchtitan.config.configurable - WARNING - Config field value of type dtype may not be JSON serializable
[rank0]:[titan] 2026-09-21 13:52:16,847 - torchtitan.config.configurable - WARNING - Config field value of type dtype may not be JSON serializable
[rank0]:[titan] 2026-09-21 13:52:16,847 - torchtitan.config.configurable - WARNING - Config field value of type dtype may not be JSON serializable
[rank0]:[titan] 2026-09-21 13:52:16,848 - torchtitan.config.configurable - WARNING - Config field value of type dtype may not be JSON serializable
[rank0]:[titan] 2026-09-21 13:52:16,849 - torchtitan.config.configurable - WARNING - Config field value of type dtype may not be JSON serializable
[rank0]:[titan] 2026-09-21 13:52:16,850 - torchtitan.config.configurable - WARNING - Config field value of type dtype may not be JSON serializable
[rank0]:[titan] 2026-09-21 13:52:16,850 - torchtitan.config.configurable - WARNING - Config field value of type dtype may not be JSON serializable
[rank0]:[titan] 2026-09-21 13:52:16,851 - torchtitan.config.configurable - WARNING - Config field value of type dtype may not be JSON serializable
[rank0]:[titan] 2026-09-21 13:52:16,852 - torchtitan.config.configurable - WARNING - Config field value of type dtype may not be JSON serializable
[rank0]:[titan] 2026-09-21 13:52:16,853 - torchtitan.config.configurable - WARNING - Config field value of type dtype may not be JSON serializable
[rank0]:[titan] 2026-09-21 13:52:16,853 - torchtitan.config.configurable - WARNING - Config field value of type dtype may not be JSON serializable
[rank0]:[titan] 2026-09-21 13:52:16,854 - torchtitan.config.configurable - WARNING - Config field value of type dtype may not be JSON serializable
[rank0]:[titan] 2026-09-21 13:52:16,855 - torchtitan.config.configurable - WARNING - Config field value of type dtype may not be JSON serializable
[rank0]:[titan] 2026-09-21 13:52:16,856 - torchtitan.config.configurable - WARNING - Config field value of type dtype may not be JSON serializable
[rank0]:[titan] 2026-09-21 13:52:16,856 - torchtitan.config.configurable - WARNING - Config field value of type dtype may not be JSON serializable
[rank0]:[titan] 2026-09-21 13:52:16,857 - torchtitan.config.configurable - WARNING - Config field value of type dtype may not be JSON serializable
[rank0]:[titan] 2026-09-21 13:52:16,858 - torchtitan.config.configurable - WARNING - Config field value of type dtype may not be JSON serializable
[rank0]:[titan] 2026-09-21 13:52:16,859 - torchtitan.config.configurable - WARNING - Config field value of type dtype may not be JSON serializable
[rank0]:[titan] 2026-09-21 13:52:16,859 - torchtitan.config.configurable - WARNING - Config field value of type dtype may not be JSON serializable
[rank0]:[titan] 2026-09-21 13:52:16,860 - torchtitan.config.configurable - WARNING - Config field value of type dtype may not be JSON serializable
[rank0]:[titan] 2026-09-21 13:52:16,861 - torchtitan.config.configurable - WARNING - Config field value of type dtype may not be JSON serializable
[rank0]:[titan] 2026-09-21 13:52:16,862 - torchtitan.config.configurable - WARNING - Config field value of type dtype may not be JSON serializable
[rank0]:[titan] 2026-09-21 13:52:16,862 - torchtitan.config.configurable - WARNING - Config field value of type dtype may not be JSON serializable
[rank0]:[titan] 2026-09-21 13:52:16,863 - torchtitan.config.configurable - WARNING - Config field value of type dtype may not be JSON serializable
[rank0]:[titan] 2026-09-21 13:52:16,864 - torchtitan.config.configurable - WARNING - Config field value of type dtype may not be JSON serializable
[rank0]:[titan] 2026-09-21 13:52:16,865 - torchtitan.config.configurable - WARNING - Config field value of type dtype may not be JSON serializable
[rank0]:[titan] 2026-09-21 13:52:18,296 - torchtitan.observability.metrics - INFO - CUDA capacity: NVIDIA GB300 with 276.50GiB memory
[rank0]:[titan] 2026-09-21 13:52:18,355 - torchtitan.models.utils - INFO - Total parameter count: 284,332,230,231, active parameters: 13,270,091,351
[rank0]:[titan] 2026-09-21 13:51:42,746 - __main__ - INFO - torchtitan version: 0.2.2 (0.0.0 means __version__ is not defined correctly).
[rank0]:[titan] 2026-09-21 13:51:42,786 - torchtitan.components.checkpointer.base - WARNING - initial_load_model_only=True has no effect without an initial_load_path.
[rank0]:[titan] 2026-09-21 13:51:42,876 - torchtitan.components.checkpointer.base - WARNING - initial_load_model_only=True has no effect without an initial_load_path.
[rank0]:[titan] 2026-09-21 13:51:42,879 - torchtitan.observability.structured_logger.jsonl_handler - INFO - Structured logging -> JSONL: /mnt/dgxc/chelsea/torchtitan/outputs/structured_logs/training.global_rank_16.20260921-135142-ZN3GB5.jsonl
[rank0]:[titan] 2026-09-21 13:51:43,608 - torchtitan.distributed.utils - INFO - FP32 CUDA matmul precision: tf32
[rank0]:[titan] 2026-09-21 13:51:43,608 - torchtitan.distributed.utils - WARNING - ENV[TORCH_NCCL_ASYNC_ERROR_HANDLING] = 1 will be overridden to 3 based on job config
[rank0]:[titan] 2026-09-21 13:51:42,889 - __main__ - INFO - torchtitan version: 0.2.2 (0.0.0 means __version__ is not defined correctly).
[rank0]:[titan] 2026-09-21 13:51:42,928 - torchtitan.components.checkpointer.base - WARNING - initial_load_model_only=True has no effect without an initial_load_path.
[rank0]:[titan] 2026-09-21 13:51:43,026 - torchtitan.components.checkpointer.base - WARNING - initial_load_model_only=True has no effect without an initial_load_path.
[rank0]:[titan] 2026-09-21 13:51:43,029 - torchtitan.observability.structured_logger.jsonl_handler - INFO - Structured logging -> JSONL: /mnt/dgxc/chelsea/torchtitan/outputs/structured_logs/training.global_rank_64.20260921-135143-16IFSW.jsonl
[rank0]:[titan] 2026-09-21 13:51:43,775 - torchtitan.distributed.utils - INFO - FP32 CUDA matmul precision: tf32
[rank0]:[titan] 2026-09-21 13:51:43,775 - torchtitan.distributed.utils - WARNING - ENV[TORCH_NCCL_ASYNC_ERROR_HANDLING] = 1 will be overridden to 3 based on job config
[rank0]:[titan] 2026-09-21 13:51:55,569 - torchtitan.distributed.parallel_dims - INFO - Building device mesh with parallelism: pp=1, dp_replicate=4, dp_shard=32, cp=1, tp=1, ep=2
[rank0]:[titan] 2026-09-21 13:52:15,175 - torchtitan.distributed.parallel_dims - INFO - Successfully created meshes with active dimensions: ['batch', 'loss', 'dp_replicate', 'ep', 'efsdp', 'dp', 'dp_shard']
[rank0]:[titan] 2026-09-21 13:52:15,176 - torchtitan.tools.utils - INFO - [GC] Initial GC collection took 0.00 seconds
[rank0]:[titan] 2026-09-21 13:52:16,129 - torchtitan.trainer - INFO - Building deepseek_v4 deepseek_v4_flash
[rank0]:[titan] 2026-09-21 13:52:16,771 - torchtitan.config.configurable - WARNING - Config field value of type dtype may not be JSON serializable
[rank0]:[titan] 2026-09-21 13:52:16,772 - torchtitan.config.configurable - WARNING - Config field value of type dtype may not be JSON serializable
[rank0]:[titan] 2026-09-21 13:52:16,773 - torchtitan.config.configurable - WARNING - Config field value of type dtype may not be JSON serializable
[rank0]:[titan] 2026-09-21 13:52:16,774 - torchtitan.config.configurable - WARNING - Config field value of type dtype may not be JSON serializable
[rank0]:[titan] 2026-09-21 13:52:16,775 - torchtitan.config.configurable - WARNING - Config field value of type dtype may not be JSON serializable
[rank0]:[titan] 2026-09-21 13:52:16,775 - torchtitan.config.configurable - WARNING - Config field value of type dtype may not be JSON serializable
[rank0]:[titan] 2026-09-21 13:52:16,776 - torchtitan.config.configurable - WARNING - Config field value of type dtype may not be JSON serializable
[rank0]:[titan] 2026-09-21 13:52:16,777 - torchtitan.config.configurable - WARNING - Config field value of type dtype may not be JSON serializable
[rank0]:[titan] 2026-09-21 13:52:16,777 - torchtitan.config.configurable - WARNING - Config field value of type dtype may not be JSON serializable
[rank0]:[titan] 2026-09-21 13:52:16,778 - torchtitan.config.configurable - WARNING - Config field value of type dtype may not be JSON serializable
[rank0]:[titan] 2026-09-21 13:52:16,779 - torchtitan.config.configurable - WARNING - Config field value of type dtype may not be JSON serializable
[rank0]:[titan] 2026-09-21 13:52:16,780 - torchtitan.config.configurable - WARNING - Config field value of type dtype may not be JSON serializable
[rank0]:[titan] 2026-09-21 13:52:16,780 - torchtitan.config.configurable - WARNING - Config field value of type dtype may not be JSON serializable
[rank0]:[titan] 2026-09-21 13:52:16,781 - torchtitan.config.configurable - WARNING - Config field value of type dtype may not be JSON serializable
[rank0]:[titan] 2026-09-21 13:52:16,782 - torchtitan.config.configurable - WARNING - Config field value of type dtype may not be JSON serializable
[rank0]:[titan] 2026-09-21 13:52:16,782 - torchtitan.config.configurable - WARNING - Config field value of type dtype may not be JSON serializable
[rank0]:[titan] 2026-09-21 13:51:55,554 - torchtitan.distributed.parallel_dims - INFO - Building device mesh with parallelism: pp=1, dp_replicate=4, dp_shard=32, cp=1, tp=1, ep=2
[rank0]:[titan] 2026-09-21 13:52:15,450 - torchtitan.distributed.parallel_dims - INFO - Successfully created meshes with active dimensions: ['batch', 'loss', 'dp_replicate', 'ep', 'efsdp', 'dp', 'dp_shard']
[rank0]:[titan] 2026-09-21 13:52:15,451 - torchtitan.tools.utils - INFO - [GC] Initial GC collection took 0.00 seconds
[rank0]:[titan] 2026-09-21 13:52:16,121 - torchtitan.trainer - INFO - Building deepseek_v4 deepseek_v4_flash
[rank0]:[titan] 2026-09-21 13:52:16,689 - torchtitan.config.configurable - WARNING - Config field value of type dtype may not be JSON serializable
[rank0]:[titan] 2026-09-21 13:52:16,690 - torchtitan.config.configurable - WARNING - Config field value of type dtype may not be JSON serializable
[rank0]:[titan] 2026-09-21 13:52:16,783 - torchtitan.config.configurable - WARNING - Config field value of type dtype may not be JSON serializable
[rank0]:[titan] 2026-09-21 13:52:16,784 - torchtitan.config.configurable - WARNING - Config field value of type dtype may not be JSON serializable
[rank0]:[titan] 2026-09-21 13:52:16,785 - torchtitan.config.configurable - WARNING - Config field value of type dtype may not be JSON serializable
[rank0]:[titan] 2026-09-21 13:52:16,785 - torchtitan.config.configurable - WARNING - Config field value of type dtype may not be JSON serializable
[rank0]:[titan] 2026-09-21 13:52:16,786 - torchtitan.config.configurable - WARNING - Config field value of type dtype may not be JSON serializable
[rank0]:[titan] 2026-09-21 13:52:16,787 - torchtitan.config.configurable - WARNING - Config field value of type dtype may not be JSON serializable
[rank0]:[titan] 2026-09-21 13:52:16,690 - torchtitan.config.configurable - WARNING - Config field value of type dtype may not be JSON serializable
[rank0]:[titan] 2026-09-21 13:52:16,691 - torchtitan.config.configurable - WARNING - Config field value of type dtype may not be JSON serializable
[rank0]:[titan] 2026-09-21 13:52:16,692 - torchtitan.config.configurable - WARNING - Config field value of type dtype may not be JSON serializable
[rank0]:[titan] 2026-09-21 13:52:16,693 - torchtitan.config.configurable - WARNING - Config field value of type dtype may not be JSON serializable
[rank0]:[titan] 2026-09-21 13:52:16,693 - torchtitan.config.configurable - WARNING - Config field value of type dtype may not be JSON serializable
[rank0]:[titan] 2026-09-21 13:52:16,694 - torchtitan.config.configurable - WARNING - Config field value of type dtype may not be JSON serializable
[rank0]:[titan] 2026-09-21 13:52:16,788 - torchtitan.config.configurable - WARNING - Config field value of type dtype may not be JSON serializable
[rank0]:[titan] 2026-09-21 13:52:16,788 - torchtitan.config.configurable - WARNING - Config field value of type dtype may not be JSON serializable
[rank0]:[titan] 2026-09-21 13:52:16,789 - torchtitan.config.configurable - WARNING - Config field value of type dtype may not be JSON serializable
[rank0]:[titan] 2026-09-21 13:52:16,790 - torchtitan.config.configurable - WARNING - Config field value of type dtype may not be JSON serializable
[rank0]:[titan] 2026-09-21 13:52:16,790 - torchtitan.config.configurable - WARNING - Config field value of type dtype may not be JSON serializable
[rank0]:[titan] 2026-09-21 13:52:16,791 - torchtitan.config.configurable - WARNING - Config field value of type dtype may not be JSON serializable
[rank0]:[titan] 2026-09-21 13:52:16,695 - torchtitan.config.configurable - WARNING - Config field value of type dtype may not be JSON serializable
[rank0]:[titan] 2026-09-21 13:52:16,695 - torchtitan.config.configurable - WARNING - Config field value of type dtype may not be JSON serializable
[rank0]:[titan] 2026-09-21 13:52:16,696 - torchtitan.config.configurable - WARNING - Config field value of type dtype may not be JSON serializable
[rank0]:[titan] 2026-09-21 13:52:16,697 - torchtitan.config.configurable - WARNING - Config field value of type dtype may not be JSON serializable
[rank0]:[titan] 2026-09-21 13:52:16,698 - torchtitan.config.configurable - WARNING - Config field value of type dtype may not be JSON serializable
[rank0]:[titan] 2026-09-21 13:52:16,698 - torchtitan.config.configurable - WARNING - Config field value of type dtype may not be JSON serializable
[rank0]:[titan] 2026-09-21 13:52:16,792 - torchtitan.config.configurable - WARNING - Config field value of type dtype may not be JSON serializable
[rank0]:[titan] 2026-09-21 13:52:16,792 - torchtitan.config.configurable - WARNING - Config field value of type dtype may not be JSON serializable
[rank0]:[titan] 2026-09-21 13:52:16,793 - torchtitan.config.configurable - WARNING - Config field value of type dtype may not be JSON serializable
[rank0]:[titan] 2026-09-21 13:52:16,794 - torchtitan.config.configurable - WARNING - Config field value of type dtype may not be JSON serializable
[rank0]:[titan] 2026-09-21 13:52:16,795 - torchtitan.config.configurable - WARNING - Config field value of type dtype may not be JSON serializable
[rank0]:[titan] 2026-09-21 13:52:16,795 - torchtitan.config.configurable - WARNING - Config field value of type dtype may not be JSON serializable
[rank0]:[titan] 2026-09-21 13:52:16,699 - torchtitan.config.configurable - WARNING - Config field value of type dtype may not be JSON serializable
[rank0]:[titan] 2026-09-21 13:52:16,700 - torchtitan.config.configurable - WARNING - Config field value of type dtype may not be JSON serializable
[rank0]:[titan] 2026-09-21 13:52:16,796 - torchtitan.config.configurable - WARNING - Config field value of type dtype may not be JSON serializable
[rank0]:[titan] 2026-09-21 13:52:16,797 - torchtitan.config.configurable - WARNING - Config field value of type dtype may not be JSON serializable
[rank0]:[titan] 2026-09-21 13:52:16,798 - torchtitan.config.configurable - WARNING - Config field value of type dtype may not be JSON serializable
[rank0]:[titan] 2026-09-21 13:52:16,798 - torchtitan.config.configurable - WARNING - Config field value of type dtype may not be JSON serializable
[rank0]:[titan] 2026-09-21 13:52:16,799 - torchtitan.config.configurable - WARNING - Config field value of type dtype may not be JSON serializable
[rank0]:[titan] 2026-09-21 13:52:16,800 - torchtitan.config.configurable - WARNING - Config field value of type dtype may not be JSON serializable
[rank0]:[titan] 2026-09-21 13:52:16,701 - torchtitan.config.configurable - WARNING - Config field value of type dtype may not be JSON serializable
[rank0]:[titan] 2026-09-21 13:52:16,701 - torchtitan.config.configurable - WARNING - Config field value of type dtype may not be JSON serializable
[rank0]:[titan] 2026-09-21 13:52:16,702 - torchtitan.config.configurable - WARNING - Config field value of type dtype may not be JSON serializable
[rank0]:[titan] 2026-09-21 13:52:16,703 - torchtitan.config.configurable - WARNING - Config field value of type dtype may not be JSON serializable
[rank0]:[titan] 2026-09-21 13:52:16,704 - torchtitan.config.configurable - WARNING - Config field value of type dtype may not be JSON serializable
[rank0]:[titan] 2026-09-21 13:52:16,704 - torchtitan.config.configurable - WARNING - Config field value of type dtype may not be JSON serializable
[rank0]:[titan] 2026-09-21 13:52:16,800 - torchtitan.config.configurable - WARNING - Config field value of type dtype may not be JSON serializable
[rank0]:[titan] 2026-09-21 13:52:16,801 - torchtitan.config.configurable - WARNING - Config field value of type dtype may not be JSON serializable
[rank0]:[titan] 2026-09-21 13:52:16,802 - torchtitan.config.configurable - WARNING - Config field value of type dtype may not be JSON serializable
[rank0]:[titan] 2026-09-21 13:52:16,705 - torchtitan.config.configurable - WARNING - Config field value of type dtype may not be JSON serializable
[rank0]:[titan] 2026-09-21 13:52:16,706 - torchtitan.config.configurable - WARNING - Config field value of type dtype may not be JSON serializable
[rank0]:[titan] 2026-09-21 13:52:16,707 - torchtitan.config.configurable - WARNING - Config field value of type dtype may not be JSON serializable
[rank0]:[titan] 2026-09-21 13:52:16,707 - torchtitan.config.configurable - WARNING - Config field value of type dtype may not be JSON serializable
[rank0]:[titan] 2026-09-21 13:52:16,708 - torchtitan.config.configurable - WARNING - Config field value of type dtype may not be JSON serializable
[rank0]:[titan] 2026-09-21 13:52:16,709 - torchtitan.config.configurable - WARNING - Config field value of type dtype may not be JSON serializable
[rank0]:[titan] 2026-09-21 13:52:18,281 - torchtitan.observability.metrics - INFO - CUDA capacity: NVIDIA GB300 with 276.50GiB memory
[rank0]:[titan] 2026-09-21 13:52:18,338 - torchtitan.models.utils - INFO - Total parameter count: 284,332,230,231, active parameters: 13,270,091,351
[rank0]:[titan] 2026-09-21 13:52:16,709 - torchtitan.config.configurable - WARNING - Config field value of type dtype may not be JSON serializable
[rank0]:[titan] 2026-09-21 13:52:16,710 - torchtitan.config.configurable - WARNING - Config field value of type dtype may not be JSON serializable
[rank0]:[titan] 2026-09-21 13:52:16,711 - torchtitan.config.configurable - WARNING - Config field value of type dtype may not be JSON serializable
[rank0]:[titan] 2026-09-21 13:52:16,712 - torchtitan.config.configurable - WARNING - Config field value of type dtype may not be JSON serializable
[rank0]:[titan] 2026-09-21 13:52:16,712 - torchtitan.config.configurable - WARNING - Config field value of type dtype may not be JSON serializable
[rank0]:[titan] 2026-09-21 13:52:16,713 - torchtitan.config.configurable - WARNING - Config field value of type dtype may not be JSON serializable
[rank0]:[titan] 2026-09-21 13:52:16,714 - torchtitan.config.configurable - WARNING - Config field value of type dtype may not be JSON serializable
[rank0]:[titan] 2026-09-21 13:52:16,714 - torchtitan.config.configurable - WARNING - Config field value of type dtype may not be JSON serializable
[rank0]:[titan] 2026-09-21 13:52:16,715 - torchtitan.config.configurable - WARNING - Config field value of type dtype may not be JSON serializable
[rank0]:[titan] 2026-09-21 13:52:16,716 - torchtitan.config.configurable - WARNING - Config field value of type dtype may not be JSON serializable
[rank0]:[titan] 2026-09-21 13:52:16,717 - torchtitan.config.configurable - WARNING - Config field value of type dtype may not be JSON serializable
[rank0]:[titan] 2026-09-21 13:52:16,717 - torchtitan.config.configurable - WARNING - Config field value of type dtype may not be JSON serializable
[rank0]:[titan] 2026-09-21 13:52:16,718 - torchtitan.config.configurable - WARNING - Config field value of type dtype may not be JSON serializable
[rank0]:[titan] 2026-09-21 13:52:16,719 - torchtitan.config.configurable - WARNING - Config field value of type dtype may not be JSON serializable
[rank0]:[titan] 2026-09-21 13:52:16,719 - torchtitan.config.configurable - WARNING - Config field value of type dtype may not be JSON serializable
[rank0]:[titan] 2026-09-21 13:52:18,272 - torchtitan.observability.metrics - INFO - CUDA capacity: NVIDIA GB300 with 276.50GiB memory
[rank0]:[titan] 2026-09-21 13:52:18,327 - torchtitan.models.utils - INFO - Total parameter count: 284,332,230,231, active parameters: 13,270,091,351
[rank0]:[titan] 2026-09-21 13:51:42,757 - __main__ - INFO - torchtitan version: 0.2.2 (0.0.0 means __version__ is not defined correctly).
[rank0]:[titan] 2026-09-21 13:51:42,797 - torchtitan.components.checkpointer.base - WARNING - initial_load_model_only=True has no effect without an initial_load_path.
[rank0]:[titan] 2026-09-21 13:51:42,892 - torchtitan.components.checkpointer.base - WARNING - initial_load_model_only=True has no effect without an initial_load_path.
[rank0]:[titan] 2026-09-21 13:51:42,896 - torchtitan.observability.structured_logger.jsonl_handler - INFO - Structured logging -> JSONL: /mnt/dgxc/chelsea/torchtitan/outputs/structured_logs/training.global_rank_88.20260921-135142-DANSC3.jsonl
[rank0]:[titan] 2026-09-21 13:51:43,542 - torchtitan.distributed.utils - INFO - FP32 CUDA matmul precision: tf32
[rank0]:[titan] 2026-09-21 13:51:43,543 - torchtitan.distributed.utils - WARNING - ENV[TORCH_NCCL_ASYNC_ERROR_HANDLING] = 1 will be overridden to 3 based on job config
[rank0]:[titan] 2026-09-21 13:51:55,539 - torchtitan.distributed.parallel_dims - INFO - Building device mesh with parallelism: pp=1, dp_replicate=4, dp_shard=32, cp=1, tp=1, ep=2
[rank0]:[titan] 2026-09-21 13:52:15,468 - torchtitan.distributed.parallel_dims - INFO - Successfully created meshes with active dimensions: ['batch', 'loss', 'dp_replicate', 'ep', 'efsdp', 'dp', 'dp_shard']
[rank0]:[titan] 2026-09-21 13:52:15,471 - torchtitan.tools.utils - INFO - [GC] Initial GC collection took 0.00 seconds
[rank0]:[titan] 2026-09-21 13:52:16,131 - torchtitan.trainer - INFO - Building deepseek_v4 deepseek_v4_flash
[rank0]:[titan] 2026-09-21 13:52:16,778 - torchtitan.config.configurable - WARNING - Config field value of type dtype may not be JSON serializable
[rank0]:[titan] 2026-09-21 13:52:16,779 - torchtitan.config.configurable - WARNING - Config field value of type dtype may not be JSON serializable
[rank0]:[titan] 2026-09-21 13:52:16,780 - torchtitan.config.configurable - WARNING - Config field value of type dtype may not be JSON serializable
[rank0]:[titan] 2026-09-21 13:52:16,781 - torchtitan.config.configurable - WARNING - Config field value of type dtype may not be JSON serializable
[rank0]:[titan] 2026-09-21 13:52:16,782 - torchtitan.config.configurable - WARNING - Config field value of type dtype may not be JSON serializable
[rank0]:[titan] 2026-09-21 13:52:16,782 - torchtitan.config.configurable - WARNING - Config field value of type dtype may not be JSON serializable
[rank0]:[titan] 2026-09-21 13:52:16,783 - torchtitan.config.configurable - WARNING - Config field value of type dtype may not be JSON serializable
[rank0]:[titan] 2026-09-21 13:52:16,784 - torchtitan.config.configurable - WARNING - Config field value of type dtype may not be JSON serializable
[rank0]:[titan] 2026-09-21 13:52:16,785 - torchtitan.config.configurable - WARNING - Config field value of type dtype may not be JSON serializable
[rank0]:[titan] 2026-09-21 13:52:16,786 - torchtitan.config.configurable - WARNING - Config field value of type dtype may not be JSON serializable
[rank0]:[titan] 2026-09-21 13:52:16,787 - torchtitan.config.configurable - WARNING - Config field value of type dtype may not be JSON serializable
[rank0]:[titan] 2026-09-21 13:52:16,787 - torchtitan.config.configurable - WARNING - Config field value of type dtype may not be JSON serializable
[rank0]:[titan] 2026-09-21 13:52:16,788 - torchtitan.config.configurable - WARNING - Config field value of type dtype may not be JSON serializable
[rank0]:[titan] 2026-09-21 13:52:16,789 - torchtitan.config.configurable - WARNING - Config field value of type dtype may not be JSON serializable
[rank0]:[titan] 2026-09-21 13:52:16,790 - torchtitan.config.configurable - WARNING - Config field value of type dtype may not be JSON serializable
[rank0]:[titan] 2026-09-21 13:52:16,791 - torchtitan.config.configurable - WARNING - Config field value of type dtype may not be JSON serializable
[rank0]:[titan] 2026-09-21 13:52:16,792 - torchtitan.config.configurable - WARNING - Config field value of type dtype may not be JSON serializable
[rank0]:[titan] 2026-09-21 13:52:16,792 - torchtitan.config.configurable - WARNING - Config field value of type dtype may not be JSON serializable
[rank0]:[titan] 2026-09-21 13:52:16,793 - torchtitan.config.configurable - WARNING - Config field value of type dtype may not be JSON serializable
[rank0]:[titan] 2026-09-21 13:52:16,794 - torchtitan.config.configurable - WARNING - Config field value of type dtype may not be JSON serializable
[rank0]:[titan] 2026-09-21 13:52:16,795 - torchtitan.config.configurable - WARNING - Config field value of type dtype may not be JSON serializable
[rank0]:[titan] 2026-09-21 13:52:16,796 - torchtitan.config.configurable - WARNING - Config field value of type dtype may not be JSON serializable
[rank0]:[titan] 2026-09-21 13:52:16,797 - torchtitan.config.configurable - WARNING - Config field value of type dtype may not be JSON serializable
[rank0]:[titan] 2026-09-21 13:52:16,797 - torchtitan.config.configurable - WARNING - Config field value of type dtype may not be JSON serializable
[rank0]:[titan] 2026-09-21 13:52:16,798 - torchtitan.config.configurable - WARNING - Config field value of type dtype may not be JSON serializable
[rank0]:[titan] 2026-09-21 13:52:16,799 - torchtitan.config.configurable - WARNING - Config field value of type dtype may not be JSON serializable
[rank0]:[titan] 2026-09-21 13:52:16,800 - torchtitan.config.configurable - WARNING - Config field value of type dtype may not be JSON serializable
[rank0]:[titan] 2026-09-21 13:52:16,801 - torchtitan.config.configurable - WARNING - Config field value of type dtype may not be JSON serializable
[rank0]:[titan] 2026-09-21 13:52:16,801 - torchtitan.config.configurable - WARNING - Config field value of type dtype may not be JSON serializable
[rank0]:[titan] 2026-09-21 13:52:16,802 - torchtitan.config.configurable - WARNING - Config field value of type dtype may not be JSON serializable
[rank0]:[titan] 2026-09-21 13:52:16,803 - torchtitan.config.configurable - WARNING - Config field value of type dtype may not be JSON serializable
[rank0]:[titan] 2026-09-21 13:52:16,804 - torchtitan.config.configurable - WARNING - Config field value of type dtype may not be JSON serializable
[rank0]:[titan] 2026-09-21 13:52:16,804 - torchtitan.config.configurable - WARNING - Config field value of type dtype may not be JSON serializable
[rank0]:[titan] 2026-09-21 13:52:16,805 - torchtitan.config.configurable - WARNING - Config field value of type dtype may not be JSON serializable
[rank0]:[titan] 2026-09-21 13:52:16,806 - torchtitan.config.configurable - WARNING - Config field value of type dtype may not be JSON serializable
[rank0]:[titan] 2026-09-21 13:52:16,807 - torchtitan.config.configurable - WARNING - Config field value of type dtype may not be JSON serializable
[rank0]:[titan] 2026-09-21 13:52:16,807 - torchtitan.config.configurable - WARNING - Config field value of type dtype may not be JSON serializable
[rank0]:[titan] 2026-09-21 13:52:16,808 - torchtitan.config.configurable - WARNING - Config field value of type dtype may not be JSON serializable
[rank0]:[titan] 2026-09-21 13:52:16,809 - torchtitan.config.configurable - WARNING - Config field value of type dtype may not be JSON serializable
[rank0]:[titan] 2026-09-21 13:52:16,810 - torchtitan.config.configurable - WARNING - Config field value of type dtype may not be JSON serializable
[rank0]:[titan] 2026-09-21 13:52:16,811 - torchtitan.config.configurable - WARNING - Config field value of type dtype may not be JSON serializable
[rank0]:[titan] 2026-09-21 13:52:16,811 - torchtitan.config.configurable - WARNING - Config field value of type dtype may not be JSON serializable
[rank0]:[titan] 2026-09-21 13:52:16,812 - torchtitan.config.configurable - WARNING - Config field value of type dtype may not be JSON serializable
[rank0]:[titan] 2026-09-21 13:52:18,273 - torchtitan.observability.metrics - INFO - CUDA capacity: NVIDIA GB300 with 276.50GiB memory
[rank0]:[titan] 2026-09-21 13:52:18,332 - torchtitan.models.utils - INFO - Total parameter count: 284,332,230,231, active parameters: 13,270,091,351
[rank0]:[titan] 2026-09-21 13:51:40,976 - __main__ - INFO - torchtitan version: 0.2.2 (0.0.0 means __version__ is not defined correctly).
[rank0]:[titan] 2026-09-21 13:51:41,013 - torchtitan.components.checkpointer.base - WARNING - initial_load_model_only=True has no effect without an initial_load_path.
[rank0]:[titan] 2026-09-21 13:51:41,102 - torchtitan.components.checkpointer.base - WARNING - initial_load_model_only=True has no effect without an initial_load_path.
[rank0]:[titan] 2026-09-21 13:51:41,105 - torchtitan.observability.structured_logger.jsonl_handler - INFO - Structured logging -> JSONL: /mnt/dgxc/chelsea/torchtitan/outputs/structured_logs/training.global_rank_96.20260921-135141-QK9XYC.jsonl
[rank0]:[titan] 2026-09-21 13:51:41,684 - torchtitan.distributed.utils - INFO - FP32 CUDA matmul precision: tf32
[rank0]:[titan] 2026-09-21 13:51:41,684 - torchtitan.distributed.utils - WARNING - ENV[TORCH_NCCL_ASYNC_ERROR_HANDLING] = 1 will be overridden to 3 based on job config
[rank0]:[titan] 2026-09-21 13:51:55,535 - torchtitan.distributed.parallel_dims - INFO - Building device mesh with parallelism: pp=1, dp_replicate=4, dp_shard=32, cp=1, tp=1, ep=2
[rank0]:[titan] 2026-09-21 13:52:15,238 - torchtitan.distributed.parallel_dims - INFO - Successfully created meshes with active dimensions: ['batch', 'loss', 'dp_replicate', 'ep', 'efsdp', 'dp', 'dp_shard']
[rank0]:[titan] 2026-09-21 13:52:15,239 - torchtitan.tools.utils - INFO - [GC] Initial GC collection took 0.00 seconds
[rank0]:[titan] 2026-09-21 13:52:16,131 - torchtitan.trainer - INFO - Building deepseek_v4 deepseek_v4_flash
[rank0]:[titan] 2026-09-21 13:52:16,738 - torchtitan.config.configurable - WARNING - Config field value of type dtype may not be JSON serializable
[rank0]:[titan] 2026-09-21 13:52:16,739 - torchtitan.config.configurable - WARNING - Config field value of type dtype may not be JSON serializable
[rank0]:[titan] 2026-09-21 13:52:16,740 - torchtitan.config.configurable - WARNING - Config field value of type dtype may not be JSON serializable
[rank0]:[titan] 2026-09-21 13:52:16,741 - torchtitan.config.configurable - WARNING - Config field value of type dtype may not be JSON serializable
[rank0]:[titan] 2026-09-21 13:52:16,742 - torchtitan.config.configurable - WARNING - Config field value of type dtype may not be JSON serializable
[rank0]:[titan] 2026-09-21 13:52:16,742 - torchtitan.config.configurable - WARNING - Config field value of type dtype may not be JSON serializable
[rank0]:[titan] 2026-09-21 13:52:16,743 - torchtitan.config.configurable - WARNING - Config field value of type dtype may not be JSON serializable
[rank0]:[titan] 2026-09-21 13:52:16,744 - torchtitan.config.configurable - WARNING - Config field value of type dtype may not be JSON serializable
[rank0]:[titan] 2026-09-21 13:52:16,744 - torchtitan.config.configurable - WARNING - Config field value of type dtype may not be JSON serializable
[rank0]:[titan] 2026-09-21 13:52:16,745 - torchtitan.config.configurable - WARNING - Config field value of type dtype may not be JSON serializable
[rank0]:[titan] 2026-09-21 13:52:16,746 - torchtitan.config.configurable - WARNING - Config field value of type dtype may not be JSON serializable
[rank0]:[titan] 2026-09-21 13:52:16,747 - torchtitan.config.configurable - WARNING - Config field value of type dtype may not be JSON serializable
[rank0]:[titan] 2026-09-21 13:52:16,747 - torchtitan.config.configurable - WARNING - Config field value of type dtype may not be JSON serializable
[rank0]:[titan] 2026-09-21 13:52:16,748 - torchtitan.config.configurable - WARNING - Config field value of type dtype may not be JSON serializable
[rank0]:[titan] 2026-09-21 13:52:16,749 - torchtitan.config.configurable - WARNING - Config field value of type dtype may not be JSON serializable
[rank0]:[titan] 2026-09-21 13:52:16,749 - torchtitan.config.configurable - WARNING - Config field value of type dtype may not be JSON serializable
[rank0]:[titan] 2026-09-21 13:52:16,750 - torchtitan.config.configurable - WARNING - Config field value of type dtype may not be JSON serializable
[rank0]:[titan] 2026-09-21 13:52:16,751 - torchtitan.config.configurable - WARNING - Config field value of type dtype may not be JSON serializable
[rank0]:[titan] 2026-09-21 13:52:16,752 - torchtitan.config.configurable - WARNING - Config field value of type dtype may not be JSON serializable
[rank0]:[titan] 2026-09-21 13:52:16,752 - torchtitan.config.configurable - WARNING - Config field value of type dtype may not be JSON serializable
[rank0]:[titan] 2026-09-21 13:52:16,753 - torchtitan.config.configurable - WARNING - Config field value of type dtype may not be JSON serializable
[rank0]:[titan] 2026-09-21 13:52:16,754 - torchtitan.config.configurable - WARNING - Config field value of type dtype may not be JSON serializable
[rank0]:[titan] 2026-09-21 13:52:16,754 - torchtitan.config.configurable - WARNING - Config field value of type dtype may not be JSON serializable
[rank0]:[titan] 2026-09-21 13:52:16,755 - torchtitan.config.configurable - WARNING - Config field value of type dtype may not be JSON serializable
[rank0]:[titan] 2026-09-21 13:52:16,756 - torchtitan.config.configurable - WARNING - Config field value of type dtype may not be JSON serializable
[rank0]:[titan] 2026-09-21 13:52:16,756 - torchtitan.config.configurable - WARNING - Config field value of type dtype may not be JSON serializable
[rank0]:[titan] 2026-09-21 13:52:16,757 - torchtitan.config.configurable - WARNING - Config field value of type dtype may not be JSON serializable
[rank0]:[titan] 2026-09-21 13:52:16,758 - torchtitan.config.configurable - WARNING - Config field value of type dtype may not be JSON serializable
[rank0]:[titan] 2026-09-21 13:52:16,759 - torchtitan.config.configurable - WARNING - Config field value of type dtype may not be JSON serializable
[rank0]:[titan] 2026-09-21 13:52:16,759 - torchtitan.config.configurable - WARNING - Config field value of type dtype may not be JSON serializable
[rank0]:[titan] 2026-09-21 13:52:16,760 - torchtitan.config.configurable - WARNING - Config field value of type dtype may not be JSON serializable
[rank0]:[titan] 2026-09-21 13:52:16,761 - torchtitan.config.configurable - WARNING - Config field value of type dtype may not be JSON serializable
[rank0]:[titan] 2026-09-21 13:52:16,761 - torchtitan.config.configurable - WARNING - Config field value of type dtype may not be JSON serializable
[rank0]:[titan] 2026-09-21 13:52:16,762 - torchtitan.config.configurable - WARNING - Config field value of type dtype may not be JSON serializable
[rank0]:[titan] 2026-09-21 13:52:16,763 - torchtitan.config.configurable - WARNING - Config field value of type dtype may not be JSON serializable
[rank0]:[titan] 2026-09-21 13:52:16,764 - torchtitan.config.configurable - WARNING - Config field value of type dtype may not be JSON serializable
[rank0]:[titan] 2026-09-21 13:52:16,764 - torchtitan.config.configurable - WARNING - Config field value of type dtype may not be JSON serializable
[rank0]:[titan] 2026-09-21 13:52:16,765 - torchtitan.config.configurable - WARNING - Config field value of type dtype may not be JSON serializable
[rank0]:[titan] 2026-09-21 13:52:16,766 - torchtitan.config.configurable - WARNING - Config field value of type dtype may not be JSON serializable
[rank0]:[titan] 2026-09-21 13:52:16,766 - torchtitan.config.configurable - WARNING - Config field value of type dtype may not be JSON serializable
[rank0]:[titan] 2026-09-21 13:52:16,767 - torchtitan.config.configurable - WARNING - Config field value of type dtype may not be JSON serializable
[rank0]:[titan] 2026-09-21 13:52:16,768 - torchtitan.config.configurable - WARNING - Config field value of type dtype may not be JSON serializable
[rank0]:[titan] 2026-09-21 13:52:16,769 - torchtitan.config.configurable - WARNING - Config field value of type dtype may not be JSON serializable
[rank0]:[titan] 2026-09-21 13:52:18,282 - torchtitan.observability.metrics - INFO - CUDA capacity: NVIDIA GB300 with 276.50GiB memory
[rank0]:[titan] 2026-09-21 13:52:18,337 - torchtitan.models.utils - INFO - Total parameter count: 284,332,230,231, active parameters: 13,270,091,351
[rank0]:[titan] 2026-09-21 13:51:42,563 - __main__ - INFO - torchtitan version: 0.2.2 (0.0.0 means __version__ is not defined correctly).
[rank0]:[titan] 2026-09-21 13:51:42,612 - torchtitan.components.checkpointer.base - WARNING - initial_load_model_only=True has no effect without an initial_load_path.
[rank0]:[titan] 2026-09-21 13:51:42,706 - torchtitan.components.checkpointer.base - WARNING - initial_load_model_only=True has no effect without an initial_load_path.
[rank0]:[titan] 2026-09-21 13:51:42,710 - torchtitan.observability.structured_logger.jsonl_handler - INFO - Structured logging -> JSONL: /mnt/dgxc/chelsea/torchtitan/outputs/structured_logs/training.global_rank_36.20260921-135142-SNUZBH.jsonl
[rank0]:[titan] 2026-09-21 13:51:43,469 - torchtitan.distributed.utils - INFO - FP32 CUDA matmul precision: tf32
[rank0]:[titan] 2026-09-21 13:51:43,469 - torchtitan.distributed.utils - WARNING - ENV[TORCH_NCCL_ASYNC_ERROR_HANDLING] = 1 will be overridden to 3 based on job config
[rank0]:[titan] 2026-09-21 13:51:55,541 - torchtitan.distributed.parallel_dims - INFO - Building device mesh with parallelism: pp=1, dp_replicate=4, dp_shard=32, cp=1, tp=1, ep=2
[rank0]:[titan] 2026-09-21 13:52:15,427 - torchtitan.distributed.parallel_dims - INFO - Successfully created meshes with active dimensions: ['batch', 'loss', 'dp_replicate', 'ep', 'efsdp', 'dp', 'dp_shard']
[rank0]:[titan] 2026-09-21 13:52:15,430 - torchtitan.tools.utils - INFO - [GC] Initial GC collection took 0.00 seconds
[rank0]:[titan] 2026-09-21 13:52:16,127 - torchtitan.trainer - INFO - Building deepseek_v4 deepseek_v4_flash
[rank0]:[titan] 2026-09-21 13:52:16,795 - torchtitan.config.configurable - WARNING - Config field value of type dtype may not be JSON serializable
[rank0]:[titan] 2026-09-21 13:52:16,796 - torchtitan.config.configurable - WARNING - Config field value of type dtype may not be JSON serializable
[rank0]:[titan] 2026-09-21 13:52:16,797 - torchtitan.config.configurable - WARNING - Config field value of type dtype may not be JSON serializable
[rank0]:[titan] 2026-09-21 13:52:16,798 - torchtitan.config.configurable - WARNING - Config field value of type dtype may not be JSON serializable
[rank0]:[titan] 2026-09-21 13:52:16,799 - torchtitan.config.configurable - WARNING - Config field value of type dtype may not be JSON serializable
[rank0]:[titan] 2026-09-21 13:52:16,800 - torchtitan.config.configurable - WARNING - Config field value of type dtype may not be JSON serializable
[rank0]:[titan] 2026-09-21 13:52:16,801 - torchtitan.config.configurable - WARNING - Config field value of type dtype may not be JSON serializable
[rank0]:[titan] 2026-09-21 13:52:16,801 - torchtitan.config.configurable - WARNING - Config field value of type dtype may not be JSON serializable
[rank0]:[titan] 2026-09-21 13:52:16,802 - torchtitan.config.configurable - WARNING - Config field value of type dtype may not be JSON serializable
[rank0]:[titan] 2026-09-21 13:52:16,803 - torchtitan.config.configurable - WARNING - Config field value of type dtype may not be JSON serializable
[rank0]:[titan] 2026-09-21 13:52:16,804 - torchtitan.config.configurable - WARNING - Config field value of type dtype may not be JSON serializable
[rank0]:[titan] 2026-09-21 13:52:16,804 - torchtitan.config.configurable - WARNING - Config field value of type dtype may not be JSON serializable
[rank0]:[titan] 2026-09-21 13:52:16,805 - torchtitan.config.configurable - WARNING - Config field value of type dtype may not be JSON serializable
[rank0]:[titan] 2026-09-21 13:52:16,806 - torchtitan.config.configurable - WARNING - Config field value of type dtype may not be JSON serializable
[rank0]:[titan] 2026-09-21 13:52:16,807 - torchtitan.config.configurable - WARNING - Config field value of type dtype may not be JSON serializable
[rank0]:[titan] 2026-09-21 13:52:16,808 - torchtitan.config.configurable - WARNING - Config field value of type dtype may not be JSON serializable
[rank0]:[titan] 2026-09-21 13:52:16,809 - torchtitan.config.configurable - WARNING - Config field value of type dtype may not be JSON serializable
[rank0]:[titan] 2026-09-21 13:52:16,809 - torchtitan.config.configurable - WARNING - Config field value of type dtype may not be JSON serializable
[rank0]:[titan] 2026-09-21 13:52:16,810 - torchtitan.config.configurable - WARNING - Config field value of type dtype may not be JSON serializable
[rank0]:[titan] 2026-09-21 13:52:16,811 - torchtitan.config.configurable - WARNING - Config field value of type dtype may not be JSON serializable
[rank0]:[titan] 2026-09-21 13:52:16,812 - torchtitan.config.configurable - WARNING - Config field value of type dtype may not be JSON serializable
[rank0]:[titan] 2026-09-21 13:52:16,813 - torchtitan.config.configurable - WARNING - Config field value of type dtype may not be JSON serializable
[rank0]:[titan] 2026-09-21 13:52:16,814 - torchtitan.config.configurable - WARNING - Config field value of type dtype may not be JSON serializable
[rank0]:[titan] 2026-09-21 13:52:16,814 - torchtitan.config.configurable - WARNING - Config field value of type dtype may not be JSON serializable
[rank0]:[titan] 2026-09-21 13:52:16,815 - torchtitan.config.configurable - WARNING - Config field value of type dtype may not be JSON serializable
[rank0]:[titan] 2026-09-21 13:52:16,816 - torchtitan.config.configurable - WARNING - Config field value of type dtype may not be JSON serializable
[rank0]:[titan] 2026-09-21 13:52:16,817 - torchtitan.config.configurable - WARNING - Config field value of type dtype may not be JSON serializable
[rank0]:[titan] 2026-09-21 13:52:16,818 - torchtitan.config.configurable - WARNING - Config field value of type dtype may not be JSON serializable
[rank0]:[titan] 2026-09-21 13:52:16,818 - torchtitan.config.configurable - WARNING - Config field value of type dtype may not be JSON serializable
[rank0]:[titan] 2026-09-21 13:52:16,819 - torchtitan.config.configurable - WARNING - Config field value of type dtype may not be JSON serializable
[rank0]:[titan] 2026-09-21 13:52:16,820 - torchtitan.config.configurable - WARNING - Config field value of type dtype may not be JSON serializable
[rank0]:[titan] 2026-09-21 13:52:16,821 - torchtitan.config.configurable - WARNING - Config field value of type dtype may not be JSON serializable
[rank0]:[titan] 2026-09-21 13:52:16,822 - torchtitan.config.configurable - WARNING - Config field value of type dtype may not be JSON serializable
[rank0]:[titan] 2026-09-21 13:52:16,822 - torchtitan.config.configurable - WARNING - Config field value of type dtype may not be JSON serializable
[rank0]:[titan] 2026-09-21 13:52:16,823 - torchtitan.config.configurable - WARNING - Config field value of type dtype may not be JSON serializable
[rank0]:[titan] 2026-09-21 13:52:16,824 - torchtitan.config.configurable - WARNING - Config field value of type dtype may not be JSON serializable
[rank0]:[titan] 2026-09-21 13:52:16,825 - torchtitan.config.configurable - WARNING - Config field value of type dtype may not be JSON serializable
[rank0]:[titan] 2026-09-21 13:52:16,825 - torchtitan.config.configurable - WARNING - Config field value of type dtype may not be JSON serializable
[rank0]:[titan] 2026-09-21 13:52:16,826 - torchtitan.config.configurable - WARNING - Config field value of type dtype may not be JSON serializable
[rank0]:[titan] 2026-09-21 13:52:16,827 - torchtitan.config.configurable - WARNING - Config field value of type dtype may not be JSON serializable
[rank0]:[titan] 2026-09-21 13:52:16,828 - torchtitan.config.configurable - WARNING - Config field value of type dtype may not be JSON serializable
[rank0]:[titan] 2026-09-21 13:52:16,829 - torchtitan.config.configurable - WARNING - Config field value of type dtype may not be JSON serializable
[rank0]:[titan] 2026-09-21 13:52:16,829 - torchtitan.config.configurable - WARNING - Config field value of type dtype may not be JSON serializable
[rank0]:[titan] 2026-09-21 13:52:18,284 - torchtitan.observability.metrics - INFO - CUDA capacity: NVIDIA GB300 with 276.50GiB memory
[rank0]:[titan] 2026-09-21 13:52:18,339 - torchtitan.models.utils - INFO - Total parameter count: 284,332,230,231, active parameters: 13,270,091,351
[rank0]:[titan] 2026-09-21 13:51:42,366 - __main__ - INFO - torchtitan version: 0.2.2 (0.0.0 means __version__ is not defined correctly).
[rank0]:[titan] 2026-09-21 13:51:42,410 - torchtitan.components.checkpointer.base - WARNING - initial_load_model_only=True has no effect without an initial_load_path.
[rank0]:[titan] 2026-09-21 13:51:42,500 - torchtitan.components.checkpointer.base - WARNING - initial_load_model_only=True has no effect without an initial_load_path.
[rank0]:[titan] 2026-09-21 13:51:42,503 - torchtitan.observability.structured_logger.jsonl_handler - INFO - Structured logging -> JSONL: /mnt/dgxc/chelsea/torchtitan/outputs/structured_logs/training.global_rank_44.20260921-135142-0U6HAU.jsonl
[rank0]:[titan] 2026-09-21 13:51:43,124 - torchtitan.distributed.utils - INFO - FP32 CUDA matmul precision: tf32
[rank0]:[titan] 2026-09-21 13:51:43,124 - torchtitan.distributed.utils - WARNING - ENV[TORCH_NCCL_ASYNC_ERROR_HANDLING] = 1 will be overridden to 3 based on job config
[rank0]:[titan] 2026-09-21 13:51:42,573 - __main__ - INFO - torchtitan version: 0.2.2 (0.0.0 means __version__ is not defined correctly).
[rank0]:[titan] 2026-09-21 13:51:42,614 - torchtitan.components.checkpointer.base - WARNING - initial_load_model_only=True has no effect without an initial_load_path.
[rank0]:[titan] 2026-09-21 13:51:42,704 - torchtitan.components.checkpointer.base - WARNING - initial_load_model_only=True has no effect without an initial_load_path.
[rank0]:[titan] 2026-09-21 13:51:42,708 - torchtitan.observability.structured_logger.jsonl_handler - INFO - Structured logging -> JSONL: /mnt/dgxc/chelsea/torchtitan/outputs/structured_logs/training.global_rank_124.20260921-135142-T8NQDD.jsonl
[rank0]:[titan] 2026-09-21 13:51:43,439 - torchtitan.distributed.utils - INFO - FP32 CUDA matmul precision: tf32
[rank0]:[titan] 2026-09-21 13:51:43,439 - torchtitan.distributed.utils - WARNING - ENV[TORCH_NCCL_ASYNC_ERROR_HANDLING] = 1 will be overridden to 3 based on job config
[rank0]:[titan] 2026-09-21 13:51:55,547 - torchtitan.distributed.parallel_dims - INFO - Building device mesh with parallelism: pp=1, dp_replicate=4, dp_shard=32, cp=1, tp=1, ep=2
[rank0]:[titan] 2026-09-21 13:52:15,435 - torchtitan.distributed.parallel_dims - INFO - Successfully created meshes with active dimensions: ['batch', 'loss', 'dp_replicate', 'ep', 'efsdp', 'dp', 'dp_shard']
[rank0]:[titan] 2026-09-21 13:52:15,438 - torchtitan.tools.utils - INFO - [GC] Initial GC collection took 0.00 seconds
[rank0]:[titan] 2026-09-21 13:52:16,130 - torchtitan.trainer - INFO - Building deepseek_v4 deepseek_v4_flash
[rank0]:[titan] 2026-09-21 13:52:16,818 - torchtitan.config.configurable - WARNING - Config field value of type dtype may not be JSON serializable
[rank0]:[titan] 2026-09-21 13:52:16,819 - torchtitan.config.configurable - WARNING - Config field value of type dtype may not be JSON serializable
[rank0]:[titan] 2026-09-21 13:52:16,820 - torchtitan.config.configurable - WARNING - Config field value of type dtype may not be JSON serializable
[rank0]:[titan] 2026-09-21 13:52:16,821 - torchtitan.config.configurable - WARNING - Config field value of type dtype may not be JSON serializable
[rank0]:[titan] 2026-09-21 13:52:16,821 - torchtitan.config.configurable - WARNING - Config field value of type dtype may not be JSON serializable
[rank0]:[titan] 2026-09-21 13:52:16,822 - torchtitan.config.configurable - WARNING - Config field value of type dtype may not be JSON serializable
[rank0]:[titan] 2026-09-21 13:52:16,823 - torchtitan.config.configurable - WARNING - Config field value of type dtype may not be JSON serializable
[rank0]:[titan] 2026-09-21 13:52:16,824 - torchtitan.config.configurable - WARNING - Config field value of type dtype may not be JSON serializable
[rank0]:[titan] 2026-09-21 13:51:55,552 - torchtitan.distributed.parallel_dims - INFO - Building device mesh with parallelism: pp=1, dp_replicate=4, dp_shard=32, cp=1, tp=1, ep=2
[rank0]:[titan] 2026-09-21 13:52:15,080 - torchtitan.distributed.parallel_dims - INFO - Successfully created meshes with active dimensions: ['batch', 'loss', 'dp_replicate', 'ep', 'efsdp', 'dp', 'dp_shard']
[rank0]:[titan] 2026-09-21 13:52:15,082 - torchtitan.tools.utils - INFO - [GC] Initial GC collection took 0.00 seconds
[rank0]:[titan] 2026-09-21 13:52:16,125 - torchtitan.trainer - INFO - Building deepseek_v4 deepseek_v4_flash
[rank0]:[titan] 2026-09-21 13:52:16,778 - torchtitan.config.configurable - WARNING - Config field value of type dtype may not be JSON serializable
[rank0]:[titan] 2026-09-21 13:52:16,779 - torchtitan.config.configurable - WARNING - Config field value of type dtype may not be JSON serializable
[rank0]:[titan] 2026-09-21 13:52:16,825 - torchtitan.config.configurable - WARNING - Config field value of type dtype may not be JSON serializable
[rank0]:[titan] 2026-09-21 13:52:16,826 - torchtitan.config.configurable - WARNING - Config field value of type dtype may not be JSON serializable
[rank0]:[titan] 2026-09-21 13:52:16,826 - torchtitan.config.configurable - WARNING - Config field value of type dtype may not be JSON serializable
[rank0]:[titan] 2026-09-21 13:52:16,827 - torchtitan.config.configurable - WARNING - Config field value of type dtype may not be JSON serializable
[rank0]:[titan] 2026-09-21 13:52:16,828 - torchtitan.config.configurable - WARNING - Config field value of type dtype may not be JSON serializable
[rank0]:[titan] 2026-09-21 13:52:16,829 - torchtitan.config.configurable - WARNING - Config field value of type dtype may not be JSON serializable
[rank0]:[titan] 2026-09-21 13:52:16,780 - torchtitan.config.configurable - WARNING - Config field value of type dtype may not be JSON serializable
[rank0]:[titan] 2026-09-21 13:52:16,781 - torchtitan.config.configurable - WARNING - Config field value of type dtype may not be JSON serializable
[rank0]:[titan] 2026-09-21 13:52:16,781 - torchtitan.config.configurable - WARNING - Config field value of type dtype may not be JSON serializable
[rank0]:[titan] 2026-09-21 13:52:16,782 - torchtitan.config.configurable - WARNING - Config field value of type dtype may not be JSON serializable
[rank0]:[titan] 2026-09-21 13:52:16,783 - torchtitan.config.configurable - WARNING - Config field value of type dtype may not be JSON serializable
[rank0]:[titan] 2026-09-21 13:52:16,784 - torchtitan.config.configurable - WARNING - Config field value of type dtype may not be JSON serializable
[rank0]:[titan] 2026-09-21 13:52:16,830 - torchtitan.config.configurable - WARNING - Config field value of type dtype may not be JSON serializable
[rank0]:[titan] 2026-09-21 13:52:16,830 - torchtitan.config.configurable - WARNING - Config field value of type dtype may not be JSON serializable
[rank0]:[titan] 2026-09-21 13:52:16,784 - torchtitan.config.configurable - WARNING - Config field value of type dtype may not be JSON serializable
[rank0]:[titan] 2026-09-21 13:52:16,785 - torchtitan.config.configurable - WARNING - Config field value of type dtype may not be JSON serializable
[rank0]:[titan] 2026-09-21 13:52:16,786 - torchtitan.config.configurable - WARNING - Config field value of type dtype may not be JSON serializable
[rank0]:[titan] 2026-09-21 13:52:16,786 - torchtitan.config.configurable - WARNING - Config field value of type dtype may not be JSON serializable
[rank0]:[titan] 2026-09-21 13:52:16,787 - torchtitan.config.configurable - WARNING - Config field value of type dtype may not be JSON serializable
[rank0]:[titan] 2026-09-21 13:52:16,788 - torchtitan.config.configurable - WARNING - Config field value of type dtype may not be JSON serializable
[rank0]:[titan] 2026-09-21 13:52:16,831 - torchtitan.config.configurable - WARNING - Config field value of type dtype may not be JSON serializable
[rank0]:[titan] 2026-09-21 13:52:16,832 - torchtitan.config.configurable - WARNING - Config field value of type dtype may not be JSON serializable
[rank0]:[titan] 2026-09-21 13:52:16,833 - torchtitan.config.configurable - WARNING - Config field value of type dtype may not be JSON serializable
[rank0]:[titan] 2026-09-21 13:52:16,834 - torchtitan.config.configurable - WARNING - Config field value of type dtype may not be JSON serializable
[rank0]:[titan] 2026-09-21 13:52:16,834 - torchtitan.config.configurable - WARNING - Config field value of type dtype may not be JSON serializable
[rank0]:[titan] 2026-09-21 13:52:16,835 - torchtitan.config.configurable - WARNING - Config field value of type dtype may not be JSON serializable
[rank0]:[titan] 2026-09-21 13:52:16,789 - torchtitan.config.configurable - WARNING - Config field value of type dtype may not be JSON serializable
[rank0]:[titan] 2026-09-21 13:52:16,789 - torchtitan.config.configurable - WARNING - Config field value of type dtype may not be JSON serializable
[rank0]:[titan] 2026-09-21 13:52:16,836 - torchtitan.config.configurable - WARNING - Config field value of type dtype may not be JSON serializable
[rank0]:[titan] 2026-09-21 13:52:16,837 - torchtitan.config.configurable - WARNING - Config field value of type dtype may not be JSON serializable
[rank0]:[titan] 2026-09-21 13:52:16,838 - torchtitan.config.configurable - WARNING - Config field value of type dtype may not be JSON serializable
[rank0]:[titan] 2026-09-21 13:52:16,838 - torchtitan.config.configurable - WARNING - Config field value of type dtype may not be JSON serializable
[rank0]:[titan] 2026-09-21 13:52:16,839 - torchtitan.config.configurable - WARNING - Config field value of type dtype may not be JSON serializable
[rank0]:[titan] 2026-09-21 13:52:16,840 - torchtitan.config.configurable - WARNING - Config field value of type dtype may not be JSON serializable
[rank0]:[titan] 2026-09-21 13:52:16,790 - torchtitan.config.configurable - WARNING - Config field value of type dtype may not be JSON serializable
[rank0]:[titan] 2026-09-21 13:52:16,791 - torchtitan.config.configurable - WARNING - Config field value of type dtype may not be JSON serializable
[rank0]:[titan] 2026-09-21 13:52:16,792 - torchtitan.config.configurable - WARNING - Config field value of type dtype may not be JSON serializable
[rank0]:[titan] 2026-09-21 13:52:16,792 - torchtitan.config.configurable - WARNING - Config field value of type dtype may not be JSON serializable
[rank0]:[titan] 2026-09-21 13:52:16,793 - torchtitan.config.configurable - WARNING - Config field value of type dtype may not be JSON serializable
[rank0]:[titan] 2026-09-21 13:52:16,794 - torchtitan.config.configurable - WARNING - Config field value of type dtype may not be JSON serializable
[rank0]:[titan] 2026-09-21 13:52:16,841 - torchtitan.config.configurable - WARNING - Config field value of type dtype may not be JSON serializable
[rank0]:[titan] 2026-09-21 13:52:16,842 - torchtitan.config.configurable - WARNING - Config field value of type dtype may not be JSON serializable
[rank0]:[titan] 2026-09-21 13:52:16,842 - torchtitan.config.configurable - WARNING - Config field value of type dtype may not be JSON serializable
[rank0]:[titan] 2026-09-21 13:52:16,843 - torchtitan.config.configurable - WARNING - Config field value of type dtype may not be JSON serializable
[rank0]:[titan] 2026-09-21 13:52:16,844 - torchtitan.config.configurable - WARNING - Config field value of type dtype may not be JSON serializable
[rank0]:[titan] 2026-09-21 13:52:16,845 - torchtitan.config.configurable - WARNING - Config field value of type dtype may not be JSON serializable
[rank0]:[titan] 2026-09-21 13:52:16,794 - torchtitan.config.configurable - WARNING - Config field value of type dtype may not be JSON serializable
[rank0]:[titan] 2026-09-21 13:52:16,795 - torchtitan.config.configurable - WARNING - Config field value of type dtype may not be JSON serializable
[rank0]:[titan] 2026-09-21 13:52:16,796 - torchtitan.config.configurable - WARNING - Config field value of type dtype may not be JSON serializable
[rank0]:[titan] 2026-09-21 13:52:16,797 - torchtitan.config.configurable - WARNING - Config field value of type dtype may not be JSON serializable
[rank0]:[titan] 2026-09-21 13:52:16,797 - torchtitan.config.configurable - WARNING - Config field value of type dtype may not be JSON serializable
[rank0]:[titan] 2026-09-21 13:52:16,798 - torchtitan.config.configurable - WARNING - Config field value of type dtype may not be JSON serializable
[rank0]:[titan] 2026-09-21 13:52:16,846 - torchtitan.config.configurable - WARNING - Config field value of type dtype may not be JSON serializable
[rank0]:[titan] 2026-09-21 13:52:16,847 - torchtitan.config.configurable - WARNING - Config field value of type dtype may not be JSON serializable
[rank0]:[titan] 2026-09-21 13:52:16,847 - torchtitan.config.configurable - WARNING - Config field value of type dtype may not be JSON serializable
[rank0]:[titan] 2026-09-21 13:52:16,848 - torchtitan.config.configurable - WARNING - Config field value of type dtype may not be JSON serializable
[rank0]:[titan] 2026-09-21 13:52:16,849 - torchtitan.config.configurable - WARNING - Config field value of type dtype may not be JSON serializable
[rank0]:[titan] 2026-09-21 13:52:16,850 - torchtitan.config.configurable - WARNING - Config field value of type dtype may not be JSON serializable
[rank0]:[titan] 2026-09-21 13:52:16,799 - torchtitan.config.configurable - WARNING - Config field value of type dtype may not be JSON serializable
[rank0]:[titan] 2026-09-21 13:52:16,799 - torchtitan.config.configurable - WARNING - Config field value of type dtype may not be JSON serializable
[rank0]:[titan] 2026-09-21 13:52:16,800 - torchtitan.config.configurable - WARNING - Config field value of type dtype may not be JSON serializable
[rank0]:[titan] 2026-09-21 13:52:16,801 - torchtitan.config.configurable - WARNING - Config field value of type dtype may not be JSON serializable
[rank0]:[titan] 2026-09-21 13:52:16,802 - torchtitan.config.configurable - WARNING - Config field value of type dtype may not be JSON serializable
[rank0]:[titan] 2026-09-21 13:52:16,802 - torchtitan.config.configurable - WARNING - Config field value of type dtype may not be JSON serializable
[rank0]:[titan] 2026-09-21 13:52:16,851 - torchtitan.config.configurable - WARNING - Config field value of type dtype may not be JSON serializable
[rank0]:[titan] 2026-09-21 13:52:16,851 - torchtitan.config.configurable - WARNING - Config field value of type dtype may not be JSON serializable
[rank0]:[titan] 2026-09-21 13:52:16,852 - torchtitan.config.configurable - WARNING - Config field value of type dtype may not be JSON serializable
[rank0]:[titan] 2026-09-21 13:52:16,803 - torchtitan.config.configurable - WARNING - Config field value of type dtype may not be JSON serializable
[rank0]:[titan] 2026-09-21 13:52:16,804 - torchtitan.config.configurable - WARNING - Config field value of type dtype may not be JSON serializable
[rank0]:[titan] 2026-09-21 13:52:16,805 - torchtitan.config.configurable - WARNING - Config field value of type dtype may not be JSON serializable
[rank0]:[titan] 2026-09-21 13:52:16,805 - torchtitan.config.configurable - WARNING - Config field value of type dtype may not be JSON serializable
[rank0]:[titan] 2026-09-21 13:52:16,806 - torchtitan.config.configurable - WARNING - Config field value of type dtype may not be JSON serializable
[rank0]:[titan] 2026-09-21 13:52:16,807 - torchtitan.config.configurable - WARNING - Config field value of type dtype may not be JSON serializable
[rank0]:[titan] 2026-09-21 13:52:18,286 - torchtitan.observability.metrics - INFO - CUDA capacity: NVIDIA GB300 with 276.50GiB memory
[rank0]:[titan] 2026-09-21 13:52:18,344 - torchtitan.models.utils - INFO - Total parameter count: 284,332,230,231, active parameters: 13,270,091,351
[rank0]:[titan] 2026-09-21 13:52:16,807 - torchtitan.config.configurable - WARNING - Config field value of type dtype may not be JSON serializable
[rank0]:[titan] 2026-09-21 13:52:16,808 - torchtitan.config.configurable - WARNING - Config field value of type dtype may not be JSON serializable
[rank0]:[titan] 2026-09-21 13:52:16,809 - torchtitan.config.configurable - WARNING - Config field value of type dtype may not be JSON serializable
[rank0]:[titan] 2026-09-21 13:52:18,287 - torchtitan.observability.metrics - INFO - CUDA capacity: NVIDIA GB300 with 276.50GiB memory
[rank0]:[titan] 2026-09-21 13:52:18,344 - torchtitan.models.utils - INFO - Total parameter count: 284,332,230,231, active parameters: 13,270,091,351
[rank0]:[titan] 2026-09-21 13:51:42,684 - __main__ - INFO - torchtitan version: 0.2.2 (0.0.0 means __version__ is not defined correctly).
[rank0]:[titan] 2026-09-21 13:51:42,727 - torchtitan.components.checkpointer.base - WARNING - initial_load_model_only=True has no effect without an initial_load_path.
[rank0]:[titan] 2026-09-21 13:51:42,820 - torchtitan.components.checkpointer.base - WARNING - initial_load_model_only=True has no effect without an initial_load_path.
[rank0]:[titan] 2026-09-21 13:51:42,824 - torchtitan.observability.structured_logger.jsonl_handler - INFO - Structured logging -> JSONL: /mnt/dgxc/chelsea/torchtitan/outputs/structured_logs/training.global_rank_60.20260921-135142-R1UFN9.jsonl
[rank0]:[titan] 2026-09-21 13:51:43,596 - torchtitan.distributed.utils - INFO - FP32 CUDA matmul precision: tf32
[rank0]:[titan] 2026-09-21 13:51:43,597 - torchtitan.distributed.utils - WARNING - ENV[TORCH_NCCL_ASYNC_ERROR_HANDLING] = 1 will be overridden to 3 based on job config
[rank0]:[titan] 2026-09-21 13:51:55,549 - torchtitan.distributed.parallel_dims - INFO - Building device mesh with parallelism: pp=1, dp_replicate=4, dp_shard=32, cp=1, tp=1, ep=2
[rank0]:[titan] 2026-09-21 13:52:15,385 - torchtitan.distributed.parallel_dims - INFO - Successfully created meshes with active dimensions: ['batch', 'loss', 'dp_replicate', 'ep', 'efsdp', 'dp', 'dp_shard']
[rank0]:[titan] 2026-09-21 13:52:15,388 - torchtitan.tools.utils - INFO - [GC] Initial GC collection took 0.00 seconds
[rank0]:[titan] 2026-09-21 13:52:16,128 - torchtitan.trainer - INFO - Building deepseek_v4 deepseek_v4_flash
[rank0]:[titan] 2026-09-21 13:52:16,785 - torchtitan.config.configurable - WARNING - Config field value of type dtype may not be JSON serializable
[rank0]:[titan] 2026-09-21 13:52:16,786 - torchtitan.config.configurable - WARNING - Config field value of type dtype may not be JSON serializable
[rank0]:[titan] 2026-09-21 13:52:16,787 - torchtitan.config.configurable - WARNING - Config field value of type dtype may not be JSON serializable
[rank0]:[titan] 2026-09-21 13:52:16,788 - torchtitan.config.configurable - WARNING - Config field value of type dtype may not be JSON serializable
[rank0]:[titan] 2026-09-21 13:52:16,789 - torchtitan.config.configurable - WARNING - Config field value of type dtype may not be JSON serializable
[rank0]:[titan] 2026-09-21 13:52:16,789 - torchtitan.config.configurable - WARNING - Config field value of type dtype may not be JSON serializable
[rank0]:[titan] 2026-09-21 13:52:16,790 - torchtitan.config.configurable - WARNING - Config field value of type dtype may not be JSON serializable
[rank0]:[titan] 2026-09-21 13:52:16,791 - torchtitan.config.configurable - WARNING - Config field value of type dtype may not be JSON serializable
[rank0]:[titan] 2026-09-21 13:52:16,792 - torchtitan.config.configurable - WARNING - Config field value of type dtype may not be JSON serializable
[rank0]:[titan] 2026-09-21 13:52:16,793 - torchtitan.config.configurable - WARNING - Config field value of type dtype may not be JSON serializable
[rank0]:[titan] 2026-09-21 13:52:16,794 - torchtitan.config.configurable - WARNING - Config field value of type dtype may not be JSON serializable
[rank0]:[titan] 2026-09-21 13:52:16,794 - torchtitan.config.configurable - WARNING - Config field value of type dtype may not be JSON serializable
[rank0]:[titan] 2026-09-21 13:52:16,795 - torchtitan.config.configurable - WARNING - Config field value of type dtype may not be JSON serializable
[rank0]:[titan] 2026-09-21 13:52:16,796 - torchtitan.config.configurable - WARNING - Config field value of type dtype may not be JSON serializable
[rank0]:[titan] 2026-09-21 13:52:16,797 - torchtitan.config.configurable - WARNING - Config field value of type dtype may not be JSON serializable
[rank0]:[titan] 2026-09-21 13:52:16,798 - torchtitan.config.configurable - WARNING - Config field value of type dtype may not be JSON serializable
[rank0]:[titan] 2026-09-21 13:52:16,798 - torchtitan.config.configurable - WARNING - Config field value of type dtype may not be JSON serializable
[rank0]:[titan] 2026-09-21 13:52:16,799 - torchtitan.config.configurable - WARNING - Config field value of type dtype may not be JSON serializable
[rank0]:[titan] 2026-09-21 13:52:16,800 - torchtitan.config.configurable - WARNING - Config field value of type dtype may not be JSON serializable
[rank0]:[titan] 2026-09-21 13:52:16,801 - torchtitan.config.configurable - WARNING - Config field value of type dtype may not be JSON serializable
[rank0]:[titan] 2026-09-21 13:52:16,802 - torchtitan.config.configurable - WARNING - Config field value of type dtype may not be JSON serializable
[rank0]:[titan] 2026-09-21 13:52:16,803 - torchtitan.config.configurable - WARNING - Config field value of type dtype may not be JSON serializable
[rank0]:[titan] 2026-09-21 13:52:16,803 - torchtitan.config.configurable - WARNING - Config field value of type dtype may not be JSON serializable
[rank0]:[titan] 2026-09-21 13:52:16,804 - torchtitan.config.configurable - WARNING - Config field value of type dtype may not be JSON serializable
[rank0]:[titan] 2026-09-21 13:52:16,805 - torchtitan.config.configurable - WARNING - Config field value of type dtype may not be JSON serializable
[rank0]:[titan] 2026-09-21 13:52:16,806 - torchtitan.config.configurable - WARNING - Config field value of type dtype may not be JSON serializable
[rank0]:[titan] 2026-09-21 13:52:16,807 - torchtitan.config.configurable - WARNING - Config field value of type dtype may not be JSON serializable
[rank0]:[titan] 2026-09-21 13:52:16,808 - torchtitan.config.configurable - WARNING - Config field value of type dtype may not be JSON serializable
[rank0]:[titan] 2026-09-21 13:52:16,809 - torchtitan.config.configurable - WARNING - Config field value of type dtype may not be JSON serializable
[rank0]:[titan] 2026-09-21 13:52:16,809 - torchtitan.config.configurable - WARNING - Config field value of type dtype may not be JSON serializable
[rank0]:[titan] 2026-09-21 13:52:16,810 - torchtitan.config.configurable - WARNING - Config field value of type dtype may not be JSON serializable
[rank0]:[titan] 2026-09-21 13:52:16,811 - torchtitan.config.configurable - WARNING - Config field value of type dtype may not be JSON serializable
[rank0]:[titan] 2026-09-21 13:52:16,812 - torchtitan.config.configurable - WARNING - Config field value of type dtype may not be JSON serializable
[rank0]:[titan] 2026-09-21 13:52:16,813 - torchtitan.config.configurable - WARNING - Config field value of type dtype may not be JSON serializable
[rank0]:[titan] 2026-09-21 13:52:16,813 - torchtitan.config.configurable - WARNING - Config field value of type dtype may not be JSON serializable
[rank0]:[titan] 2026-09-21 13:52:16,814 - torchtitan.config.configurable - WARNING - Config field value of type dtype may not be JSON serializable
[rank0]:[titan] 2026-09-21 13:52:16,815 - torchtitan.config.configurable - WARNING - Config field value of type dtype may not be JSON serializable
[rank0]:[titan] 2026-09-21 13:52:16,816 - torchtitan.config.configurable - WARNING - Config field value of type dtype may not be JSON serializable
[rank0]:[titan] 2026-09-21 13:52:16,817 - torchtitan.config.configurable - WARNING - Config field value of type dtype may not be JSON serializable
[rank0]:[titan] 2026-09-21 13:52:16,818 - torchtitan.config.configurable - WARNING - Config field value of type dtype may not be JSON serializable
[rank0]:[titan] 2026-09-21 13:52:16,818 - torchtitan.config.configurable - WARNING - Config field value of type dtype may not be JSON serializable
[rank0]:[titan] 2026-09-21 13:52:16,819 - torchtitan.config.configurable - WARNING - Config field value of type dtype may not be JSON serializable
[rank0]:[titan] 2026-09-21 13:52:16,820 - torchtitan.config.configurable - WARNING - Config field value of type dtype may not be JSON serializable
[rank0]:[titan] 2026-09-21 13:52:19,588 - torchtitan.observability.metrics - INFO - CUDA capacity: NVIDIA GB300 with 276.50GiB memory
[rank0]:[titan] 2026-09-21 13:52:19,633 - torchtitan.models.utils - INFO - Total parameter count: 284,332,230,231, active parameters: 13,270,091,351
[rank0]:[titan] 2026-09-21 13:51:42,772 - __main__ - INFO - torchtitan version: 0.2.2 (0.0.0 means __version__ is not defined correctly).
[rank0]:[titan] 2026-09-21 13:51:42,817 - torchtitan.components.checkpointer.base - WARNING - initial_load_model_only=True has no effect without an initial_load_path.
[rank0]:[titan] 2026-09-21 13:51:42,918 - torchtitan.components.checkpointer.base - WARNING - initial_load_model_only=True has no effect without an initial_load_path.
[rank0]:[titan] 2026-09-21 13:51:42,921 - torchtitan.observability.structured_logger.jsonl_handler - INFO - Structured logging -> JSONL: /mnt/dgxc/chelsea/torchtitan/outputs/structured_logs/training.global_rank_84.20260921-135142-TFBKA5.jsonl
[rank0]:[titan] 2026-09-21 13:51:43,588 - torchtitan.distributed.utils - INFO - FP32 CUDA matmul precision: tf32
[rank0]:[titan] 2026-09-21 13:51:43,588 - torchtitan.distributed.utils - WARNING - ENV[TORCH_NCCL_ASYNC_ERROR_HANDLING] = 1 will be overridden to 3 based on job config
[rank0]:[titan] 2026-09-21 13:51:55,561 - torchtitan.distributed.parallel_dims - INFO - Building device mesh with parallelism: pp=1, dp_replicate=4, dp_shard=32, cp=1, tp=1, ep=2
[rank0]:[titan] 2026-09-21 13:52:15,467 - torchtitan.distributed.parallel_dims - INFO - Successfully created meshes with active dimensions: ['batch', 'loss', 'dp_replicate', 'ep', 'efsdp', 'dp', 'dp_shard']
[rank0]:[titan] 2026-09-21 13:52:15,470 - torchtitan.tools.utils - INFO - [GC] Initial GC collection took 0.00 seconds
[rank0]:[titan] 2026-09-21 13:52:16,127 - torchtitan.trainer - INFO - Building deepseek_v4 deepseek_v4_flash
[rank0]:[titan] 2026-09-21 13:52:16,822 - torchtitan.config.configurable - WARNING - Config field value of type dtype may not be JSON serializable
[rank0]:[titan] 2026-09-21 13:52:16,823 - torchtitan.config.configurable - WARNING - Config field value of type dtype may not be JSON serializable
[rank0]:[titan] 2026-09-21 13:52:16,824 - torchtitan.config.configurable - WARNING - Config field value of type dtype may not be JSON serializable
[rank0]:[titan] 2026-09-21 13:52:16,825 - torchtitan.config.configurable - WARNING - Config field value of type dtype may not be JSON serializable
[rank0]:[titan] 2026-09-21 13:52:16,826 - torchtitan.config.configurable - WARNING - Config field value of type dtype may not be JSON serializable
[rank0]:[titan] 2026-09-21 13:52:16,826 - torchtitan.config.configurable - WARNING - Config field value of type dtype may not be JSON serializable
[rank0]:[titan] 2026-09-21 13:52:16,827 - torchtitan.config.configurable - WARNING - Config field value of type dtype may not be JSON serializable
[rank0]:[titan] 2026-09-21 13:52:16,828 - torchtitan.config.configurable - WARNING - Config field value of type dtype may not be JSON serializable
[rank0]:[titan] 2026-09-21 13:52:16,829 - torchtitan.config.configurable - WARNING - Config field value of type dtype may not be JSON serializable
[rank0]:[titan] 2026-09-21 13:52:16,830 - torchtitan.config.configurable - WARNING - Config field value of type dtype may not be JSON serializable
[rank0]:[titan] 2026-09-21 13:52:16,831 - torchtitan.config.configurable - WARNING - Config field value of type dtype may not be JSON serializable
[rank0]:[titan] 2026-09-21 13:52:16,832 - torchtitan.config.configurable - WARNING - Config field value of type dtype may not be JSON serializable
[rank0]:[titan] 2026-09-21 13:52:16,833 - torchtitan.config.configurable - WARNING - Config field value of type dtype may not be JSON serializable
[rank0]:[titan] 2026-09-21 13:52:16,833 - torchtitan.config.configurable - WARNING - Config field value of type dtype may not be JSON serializable
[rank0]:[titan] 2026-09-21 13:52:16,834 - torchtitan.config.configurable - WARNING - Config field value of type dtype may not be JSON serializable
[rank0]:[titan] 2026-09-21 13:52:16,835 - torchtitan.config.configurable - WARNING - Config field value of type dtype may not be JSON serializable
[rank0]:[titan] 2026-09-21 13:52:16,836 - torchtitan.config.configurable - WARNING - Config field value of type dtype may not be JSON serializable
[rank0]:[titan] 2026-09-21 13:52:16,837 - torchtitan.config.configurable - WARNING - Config field value of type dtype may not be JSON serializable
[rank0]:[titan] 2026-09-21 13:52:16,838 - torchtitan.config.configurable - WARNING - Config field value of type dtype may not be JSON serializable
[rank0]:[titan] 2026-09-21 13:52:16,839 - torchtitan.config.configurable - WARNING - Config field value of type dtype may not be JSON serializable
[rank0]:[titan] 2026-09-21 13:52:16,840 - torchtitan.config.configurable - WARNING - Config field value of type dtype may not be JSON serializable
[rank0]:[titan] 2026-09-21 13:52:16,841 - torchtitan.config.configurable - WARNING - Config field value of type dtype may not be JSON serializable
[rank0]:[titan] 2026-09-21 13:52:16,842 - torchtitan.config.configurable - WARNING - Config field value of type dtype may not be JSON serializable
[rank0]:[titan] 2026-09-21 13:52:16,843 - torchtitan.config.configurable - WARNING - Config field value of type dtype may not be JSON serializable
[rank0]:[titan] 2026-09-21 13:52:16,844 - torchtitan.config.configurable - WARNING - Config field value of type dtype may not be JSON serializable
[rank0]:[titan] 2026-09-21 13:52:16,845 - torchtitan.config.configurable - WARNING - Config field value of type dtype may not be JSON serializable
[rank0]:[titan] 2026-09-21 13:52:16,846 - torchtitan.config.configurable - WARNING - Config field value of type dtype may not be JSON serializable
[rank0]:[titan] 2026-09-21 13:52:16,847 - torchtitan.config.configurable - WARNING - Config field value of type dtype may not be JSON serializable
[rank0]:[titan] 2026-09-21 13:52:16,848 - torchtitan.config.configurable - WARNING - Config field value of type dtype may not be JSON serializable
[rank0]:[titan] 2026-09-21 13:52:16,849 - torchtitan.config.configurable - WARNING - Config field value of type dtype may not be JSON serializable
[rank0]:[titan] 2026-09-21 13:52:16,850 - torchtitan.config.configurable - WARNING - Config field value of type dtype may not be JSON serializable
[rank0]:[titan] 2026-09-21 13:52:16,851 - torchtitan.config.configurable - WARNING - Config field value of type dtype may not be JSON serializable
[rank0]:[titan] 2026-09-21 13:52:16,852 - torchtitan.config.configurable - WARNING - Config field value of type dtype may not be JSON serializable
[rank0]:[titan] 2026-09-21 13:52:16,852 - torchtitan.config.configurable - WARNING - Config field value of type dtype may not be JSON serializable
[rank0]:[titan] 2026-09-21 13:52:16,853 - torchtitan.config.configurable - WARNING - Config field value of type dtype may not be JSON serializable
[rank0]:[titan] 2026-09-21 13:52:16,854 - torchtitan.config.configurable - WARNING - Config field value of type dtype may not be JSON serializable
[rank0]:[titan] 2026-09-21 13:52:16,855 - torchtitan.config.configurable - WARNING - Config field value of type dtype may not be JSON serializable
[rank0]:[titan] 2026-09-21 13:52:16,856 - torchtitan.config.configurable - WARNING - Config field value of type dtype may not be JSON serializable
[rank0]:[titan] 2026-09-21 13:52:16,857 - torchtitan.config.configurable - WARNING - Config field value of type dtype may not be JSON serializable
[rank0]:[titan] 2026-09-21 13:52:16,858 - torchtitan.config.configurable - WARNING - Config field value of type dtype may not be JSON serializable
[rank0]:[titan] 2026-09-21 13:52:16,859 - torchtitan.config.configurable - WARNING - Config field value of type dtype may not be JSON serializable
[rank0]:[titan] 2026-09-21 13:52:16,860 - torchtitan.config.configurable - WARNING - Config field value of type dtype may not be JSON serializable
[rank0]:[titan] 2026-09-21 13:52:16,861 - torchtitan.config.configurable - WARNING - Config field value of type dtype may not be JSON serializable
[rank0]:[titan] 2026-09-21 13:52:19,606 - torchtitan.observability.metrics - INFO - CUDA capacity: NVIDIA GB300 with 276.50GiB memory
[rank0]:[titan] 2026-09-21 13:52:19,648 - torchtitan.models.utils - INFO - Total parameter count: 284,332,230,231, active parameters: 13,270,091,351
[rank0]:[titan] 2026-09-21 13:51:42,782 - __main__ - INFO - torchtitan version: 0.2.2 (0.0.0 means __version__ is not defined correctly).
[rank0]:[titan] 2026-09-21 13:51:42,824 - torchtitan.components.checkpointer.base - WARNING - initial_load_model_only=True has no effect without an initial_load_path.
[rank0]:[titan] 2026-09-21 13:51:42,918 - torchtitan.components.checkpointer.base - WARNING - initial_load_model_only=True has no effect without an initial_load_path.
[rank0]:[titan] 2026-09-21 13:51:42,921 - torchtitan.observability.structured_logger.jsonl_handler - INFO - Structured logging -> JSONL: /mnt/dgxc/chelsea/torchtitan/outputs/structured_logs/training.global_rank_4.20260921-135142-W9TLCU.jsonl
[rank0]:[titan] 2026-09-21 13:51:43,588 - torchtitan.distributed.utils - INFO - FP32 CUDA matmul precision: tf32
[rank0]:[titan] 2026-09-21 13:51:43,588 - torchtitan.distributed.utils - WARNING - ENV[TORCH_NCCL_ASYNC_ERROR_HANDLING] = 1 will be overridden to 3 based on job config
[rank0]:[titan] 2026-09-21 13:51:55,556 - torchtitan.distributed.parallel_dims - INFO - Building device mesh with parallelism: pp=1, dp_replicate=4, dp_shard=32, cp=1, tp=1, ep=2
[rank0]:[titan] 2026-09-21 13:52:15,151 - torchtitan.distributed.parallel_dims - INFO - Successfully created meshes with active dimensions: ['batch', 'loss', 'dp_replicate', 'ep', 'efsdp', 'dp', 'dp_shard']
[rank0]:[titan] 2026-09-21 13:52:15,154 - torchtitan.tools.utils - INFO - [GC] Initial GC collection took 0.00 seconds
[rank0]:[titan] 2026-09-21 13:52:16,131 - torchtitan.trainer - INFO - Building deepseek_v4 deepseek_v4_flash
[rank0]:[titan] 2026-09-21 13:52:16,703 - torchtitan.config.configurable - WARNING - Config field value of type dtype may not be JSON serializable
[rank0]:[titan] 2026-09-21 13:52:16,704 - torchtitan.config.configurable - WARNING - Config field value of type dtype may not be JSON serializable
[rank0]:[titan] 2026-09-21 13:52:16,704 - torchtitan.config.configurable - WARNING - Config field value of type dtype may not be JSON serializable
[rank0]:[titan] 2026-09-21 13:52:16,705 - torchtitan.config.configurable - WARNING - Config field value of type dtype may not be JSON serializable
[rank0]:[titan] 2026-09-21 13:52:16,706 - torchtitan.config.configurable - WARNING - Config field value of type dtype may not be JSON serializable
[rank0]:[titan] 2026-09-21 13:52:16,707 - torchtitan.config.configurable - WARNING - Config field value of type dtype may not be JSON serializable
[rank0]:[titan] 2026-09-21 13:52:16,707 - torchtitan.config.configurable - WARNING - Config field value of type dtype may not be JSON serializable
[rank0]:[titan] 2026-09-21 13:52:16,708 - torchtitan.config.configurable - WARNING - Config field value of type dtype may not be JSON serializable
[rank0]:[titan] 2026-09-21 13:52:16,709 - torchtitan.config.configurable - WARNING - Config field value of type dtype may not be JSON serializable
[rank0]:[titan] 2026-09-21 13:52:16,709 - torchtitan.config.configurable - WARNING - Config field value of type dtype may not be JSON serializable
[rank0]:[titan] 2026-09-21 13:52:16,710 - torchtitan.config.configurable - WARNING - Config field value of type dtype may not be JSON serializable
[rank0]:[titan] 2026-09-21 13:52:16,711 - torchtitan.config.configurable - WARNING - Config field value of type dtype may not be JSON serializable
[rank0]:[titan] 2026-09-21 13:52:16,712 - torchtitan.config.configurable - WARNING - Config field value of type dtype may not be JSON serializable
[rank0]:[titan] 2026-09-21 13:52:16,712 - torchtitan.config.configurable - WARNING - Config field value of type dtype may not be JSON serializable
[rank0]:[titan] 2026-09-21 13:52:16,713 - torchtitan.config.configurable - WARNING - Config field value of type dtype may not be JSON serializable
[rank0]:[titan] 2026-09-21 13:52:16,714 - torchtitan.config.configurable - WARNING - Config field value of type dtype may not be JSON serializable
[rank0]:[titan] 2026-09-21 13:52:16,714 - torchtitan.config.configurable - WARNING - Config field value of type dtype may not be JSON serializable
[rank0]:[titan] 2026-09-21 13:52:16,715 - torchtitan.config.configurable - WARNING - Config field value of type dtype may not be JSON serializable
[rank0]:[titan] 2026-09-21 13:52:16,716 - torchtitan.config.configurable - WARNING - Config field value of type dtype may not be JSON serializable
[rank0]:[titan] 2026-09-21 13:52:16,717 - torchtitan.config.configurable - WARNING - Config field value of type dtype may not be JSON serializable
[rank0]:[titan] 2026-09-21 13:52:16,717 - torchtitan.config.configurable - WARNING - Config field value of type dtype may not be JSON serializable
[rank0]:[titan] 2026-09-21 13:52:16,718 - torchtitan.config.configurable - WARNING - Config field value of type dtype may not be JSON serializable
[rank0]:[titan] 2026-09-21 13:52:16,719 - torchtitan.config.configurable - WARNING - Config field value of type dtype may not be JSON serializable
[rank0]:[titan] 2026-09-21 13:52:16,720 - torchtitan.config.configurable - WARNING - Config field value of type dtype may not be JSON serializable
[rank0]:[titan] 2026-09-21 13:52:16,720 - torchtitan.config.configurable - WARNING - Config field value of type dtype may not be JSON serializable
[rank0]:[titan] 2026-09-21 13:52:16,721 - torchtitan.config.configurable - WARNING - Config field value of type dtype may not be JSON serializable
[rank0]:[titan] 2026-09-21 13:52:16,722 - torchtitan.config.configurable - WARNING - Config field value of type dtype may not be JSON serializable
[rank0]:[titan] 2026-09-21 13:52:16,723 - torchtitan.config.configurable - WARNING - Config field value of type dtype may not be JSON serializable
[rank0]:[titan] 2026-09-21 13:52:16,723 - torchtitan.config.configurable - WARNING - Config field value of type dtype may not be JSON serializable
[rank0]:[titan] 2026-09-21 13:52:16,724 - torchtitan.config.configurable - WARNING - Config field value of type dtype may not be JSON serializable
[rank0]:[titan] 2026-09-21 13:52:16,725 - torchtitan.config.configurable - WARNING - Config field value of type dtype may not be JSON serializable
[rank0]:[titan] 2026-09-21 13:52:16,726 - torchtitan.config.configurable - WARNING - Config field value of type dtype may not be JSON serializable
[rank0]:[titan] 2026-09-21 13:52:16,726 - torchtitan.config.configurable - WARNING - Config field value of type dtype may not be JSON serializable
[rank0]:[titan] 2026-09-21 13:52:16,727 - torchtitan.config.configurable - WARNING - Config field value of type dtype may not be JSON serializable
[rank0]:[titan] 2026-09-21 13:52:16,728 - torchtitan.config.configurable - WARNING - Config field value of type dtype may not be JSON serializable
[rank0]:[titan] 2026-09-21 13:52:16,729 - torchtitan.config.configurable - WARNING - Config field value of type dtype may not be JSON serializable
[rank0]:[titan] 2026-09-21 13:52:16,729 - torchtitan.config.configurable - WARNING - Config field value of type dtype may not be JSON serializable
[rank0]:[titan] 2026-09-21 13:52:16,730 - torchtitan.config.configurable - WARNING - Config field value of type dtype may not be JSON serializable
[rank0]:[titan] 2026-09-21 13:52:16,731 - torchtitan.config.configurable - WARNING - Config field value of type dtype may not be JSON serializable
[rank0]:[titan] 2026-09-21 13:52:16,731 - torchtitan.config.configurable - WARNING - Config field value of type dtype may not be JSON serializable
[rank0]:[titan] 2026-09-21 13:52:16,732 - torchtitan.config.configurable - WARNING - Config field value of type dtype may not be JSON serializable
[rank0]:[titan] 2026-09-21 13:52:16,733 - torchtitan.config.configurable - WARNING - Config field value of type dtype may not be JSON serializable
[rank0]:[titan] 2026-09-21 13:52:16,734 - torchtitan.config.configurable - WARNING - Config field value of type dtype may not be JSON serializable
[rank0]:[titan] 2026-09-21 13:52:19,585 - torchtitan.observability.metrics - INFO - CUDA capacity: NVIDIA GB300 with 276.50GiB memory
[rank0]:[titan] 2026-09-21 13:52:19,626 - torchtitan.models.utils - INFO - Total parameter count: 284,332,230,231, active parameters: 13,270,091,351
[rank0]:wandb: setting up run mmwp5x81
[rank0]:wandb: Tracking run with wandb version 0.29.0
[rank0]:wandb: Run data is saved locally in outputs/tb/20260921-1352/wandb/run-20260921_135218-mmwp5x81
[rank0]:wandb: Run `wandb offline` to turn off syncing.
[rank0]:wandb: Syncing run final_128_12x_ws_swiglu-128gpu-j970
[rank0]:wandb: ⭐️ View project at https://wandb.ai/caia-costello-lambd/dsv4-gb300-torchtitan
[rank0]:wandb: 🚀 View run at https://wandb.ai/caia-costello-lambd/dsv4-gb300-torchtitan/runs/mmwp5x81
[rank0]:wandb: Detected [openai] in use.
[rank0]:wandb: Use W&B Weave for improved LLM call tracing. Install Weave with `pip install weave` then add `import weave` to the top of your script.
[rank0]:wandb: For more information, check out the docs at: https://weave-docs.wandb.ai
[rank0]:[titan] 2026-09-21 13:51:42,973 - __main__ - INFO - torchtitan version: 0.2.2 (0.0.0 means __version__ is not defined correctly).
[rank0]:[titan] 2026-09-21 13:51:43,017 - torchtitan.components.checkpointer.base - WARNING - initial_load_model_only=True has no effect without an initial_load_path.
[rank0]:[titan] 2026-09-21 13:51:43,113 - torchtitan.components.checkpointer.base - WARNING - initial_load_model_only=True has no effect without an initial_load_path.
[rank0]:[titan] 2026-09-21 13:51:43,118 - torchtitan.observability.structured_logger.jsonl_handler - INFO - Structured logging -> JSONL: /mnt/dgxc/chelsea/torchtitan/outputs/structured_logs/training.global_rank_0.20260921-135143-4X160R.jsonl
[rank0]:[titan] 2026-09-21 13:51:43,645 - torchtitan.distributed.utils - INFO - FP32 CUDA matmul precision: tf32
[rank0]:[titan] 2026-09-21 13:51:43,646 - torchtitan.distributed.utils - WARNING - ENV[TORCH_NCCL_ASYNC_ERROR_HANDLING] = 1 will be overridden to 3 based on job config
[rank0]:NCCL version 2.30.7+cuda13.3
[rank0]:[titan] 2026-09-21 13:51:55,550 - torchtitan.distributed.parallel_dims - INFO - Building device mesh with parallelism: pp=1, dp_replicate=4, dp_shard=32, cp=1, tp=1, ep=2
[rank0]:[titan] 2026-09-21 13:52:15,171 - torchtitan.distributed.parallel_dims - INFO - Successfully created meshes with active dimensions: ['batch', 'loss', 'dp_replicate', 'ep', 'efsdp', 'dp', 'dp_shard']
[rank0]:[titan] 2026-09-21 13:52:15,171 - torchtitan.tools.utils - INFO - [GC] Initial GC collection took 0.00 seconds
[rank0]:[titan] 2026-09-21 13:52:15,999 - torchtitan.trainer - INFO - Building deepseek_v4 deepseek_v4_flash
[rank0]:[titan] 2026-09-21 13:52:16,531 - torchtitan.config.configurable - WARNING - Config field value of type dtype may not be JSON serializable
[rank0]:[titan] 2026-09-21 13:52:16,532 - torchtitan.config.configurable - WARNING - Config field value of type dtype may not be JSON serializable
[rank0]:[titan] 2026-09-21 13:52:16,533 - torchtitan.config.configurable - WARNING - Config field value of type dtype may not be JSON serializable
[rank0]:[titan] 2026-09-21 13:52:16,533 - torchtitan.config.configurable - WARNING - Config field value of type dtype may not be JSON serializable
[rank0]:[titan] 2026-09-21 13:52:16,534 - torchtitan.config.configurable - WARNING - Config field value of type dtype may not be JSON serializable
[rank0]:[titan] 2026-09-21 13:52:16,535 - torchtitan.config.configurable - WARNING - Config field value of type dtype may not be JSON serializable
[rank0]:[titan] 2026-09-21 13:52:16,535 - torchtitan.config.configurable - WARNING - Config field value of type dtype may not be JSON serializable
[rank0]:[titan] 2026-09-21 13:52:16,536 - torchtitan.config.configurable - WARNING - Config field value of type dtype may not be JSON serializable
[rank0]:[titan] 2026-09-21 13:52:16,537 - torchtitan.config.configurable - WARNING - Config field value of type dtype may not be JSON serializable
[rank0]:[titan] 2026-09-21 13:52:16,537 - torchtitan.config.configurable - WARNING - Config field value of type dtype may not be JSON serializable
[rank0]:[titan] 2026-09-21 13:52:16,538 - torchtitan.config.configurable - WARNING - Config field value of type dtype may not be JSON serializable
[rank0]:[titan] 2026-09-21 13:52:16,539 - torchtitan.config.configurable - WARNING - Config field value of type dtype may not be JSON serializable
[rank0]:[titan] 2026-09-21 13:52:16,539 - torchtitan.config.configurable - WARNING - Config field value of type dtype may not be JSON serializable
[rank0]:[titan] 2026-09-21 13:52:16,540 - torchtitan.config.configurable - WARNING - Config field value of type dtype may not be JSON serializable
[rank0]:[titan] 2026-09-21 13:52:16,541 - torchtitan.config.configurable - WARNING - Config field value of type dtype may not be JSON serializable
[rank0]:[titan] 2026-09-21 13:52:16,541 - torchtitan.config.configurable - WARNING - Config field value of type dtype may not be JSON serializable
[rank0]:[titan] 2026-09-21 13:52:16,542 - torchtitan.config.configurable - WARNING - Config field value of type dtype may not be JSON serializable
[rank0]:[titan] 2026-09-21 13:52:16,543 - torchtitan.config.configurable - WARNING - Config field value of type dtype may not be JSON serializable
[rank0]:[titan] 2026-09-21 13:52:16,543 - torchtitan.config.configurable - WARNING - Config field value of type dtype may not be JSON serializable
[rank0]:[titan] 2026-09-21 13:52:16,544 - torchtitan.config.configurable - WARNING - Config field value of type dtype may not be JSON serializable
[rank0]:[titan] 2026-09-21 13:52:16,545 - torchtitan.config.configurable - WARNING - Config field value of type dtype may not be JSON serializable
[rank0]:[titan] 2026-09-21 13:52:16,545 - torchtitan.config.configurable - WARNING - Config field value of type dtype may not be JSON serializable
[rank0]:[titan] 2026-09-21 13:52:16,546 - torchtitan.config.configurable - WARNING - Config field value of type dtype may not be JSON serializable
[rank0]:[titan] 2026-09-21 13:52:16,547 - torchtitan.config.configurable - WARNING - Config field value of type dtype may not be JSON serializable
[rank0]:[titan] 2026-09-21 13:52:16,547 - torchtitan.config.configurable - WARNING - Config field value of type dtype may not be JSON serializable
[rank0]:[titan] 2026-09-21 13:52:16,548 - torchtitan.config.configurable - WARNING - Config field value of type dtype may not be JSON serializable
[rank0]:[titan] 2026-09-21 13:52:16,549 - torchtitan.config.configurable - WARNING - Config field value of type dtype may not be JSON serializable
[rank0]:[titan] 2026-09-21 13:52:16,549 - torchtitan.config.configurable - WARNING - Config field value of type dtype may not be JSON serializable
[rank0]:[titan] 2026-09-21 13:52:16,550 - torchtitan.config.configurable - WARNING - Config field value of type dtype may not be JSON serializable
[rank0]:[titan] 2026-09-21 13:52:16,551 - torchtitan.config.configurable - WARNING - Config field value of type dtype may not be JSON serializable
[rank0]:[titan] 2026-09-21 13:52:16,551 - torchtitan.config.configurable - WARNING - Config field value of type dtype may not be JSON serializable
[rank0]:[titan] 2026-09-21 13:52:16,552 - torchtitan.config.configurable - WARNING - Config field value of type dtype may not be JSON serializable
[rank0]:[titan] 2026-09-21 13:52:16,553 - torchtitan.config.configurable - WARNING - Config field value of type dtype may not be JSON serializable
[rank0]:[titan] 2026-09-21 13:52:16,553 - torchtitan.config.configurable - WARNING - Config field value of type dtype may not be JSON serializable
[rank0]:[titan] 2026-09-21 13:52:16,554 - torchtitan.config.configurable - WARNING - Config field value of type dtype may not be JSON serializable
[rank0]:[titan] 2026-09-21 13:52:16,555 - torchtitan.config.configurable - WARNING - Config field value of type dtype may not be JSON serializable
[rank0]:[titan] 2026-09-21 13:52:16,555 - torchtitan.config.configurable - WARNING - Config field value of type dtype may not be JSON serializable
[rank0]:[titan] 2026-09-21 13:52:16,556 - torchtitan.config.configurable - WARNING - Config field value of type dtype may not be JSON serializable
[rank0]:[titan] 2026-09-21 13:52:16,557 - torchtitan.config.configurable - WARNING - Config field value of type dtype may not be JSON serializable
[rank0]:[titan] 2026-09-21 13:52:16,557 - torchtitan.config.configurable - WARNING - Config field value of type dtype may not be JSON serializable
[rank0]:[titan] 2026-09-21 13:52:16,558 - torchtitan.config.configurable - WARNING - Config field value of type dtype may not be JSON serializable
[rank0]:[titan] 2026-09-21 13:52:16,559 - torchtitan.config.configurable - WARNING - Config field value of type dtype may not be JSON serializable
[rank0]:[titan] 2026-09-21 13:52:16,559 - torchtitan.config.configurable - WARNING - Config field value of type dtype may not be JSON serializable
[rank0]:[titan] 2026-09-21 13:52:24,475 - torchtitan.observability.metrics - INFO - WandB logging enabled
[rank0]:[titan] 2026-09-21 13:52:27,695 - torchtitan.observability.metrics - INFO - CUDA capacity: NVIDIA GB300 with 276.50GiB memory
[rank0]:[titan] 2026-09-21 13:52:16,745 - torchtitan.trainer - INFO - Model deepseek_v4 deepseek_v4_flash size: 284,332,230,231 total parameters
[rank0]:[titan] 2026-09-21 13:52:16,749 - torchtitan.distributed.minimal_async_ep.api - INFO - Initializing MinimalAsyncEP buffer: hidden_dim=4096, num_max_tokens_per_rank=98304, top_k=6, num_local_experts=128, ep_size=2, max_routed_tokens=1179648
[rank0]:[titan] 2026-09-21 13:52:29,601 - torchtitan.distributed.activation_checkpoint - INFO - Applied FullAC activation checkpointing to the model
[rank0]:[titan] 2026-09-21 13:52:29,628 - torchtitan.distributed.fsdp - INFO - fsdp dense-never: layer 0 experts sharded separately (reshard=True), dense params kept unsharded (reshard=False)
[rank0]:[titan] 2026-09-21 13:52:29,849 - torchtitan.distributed.fsdp - INFO - fsdp dense-never: layer 1 experts sharded separately (reshard=True), dense params kept unsharded (reshard=False)
[rank0]:[titan] 2026-09-21 13:52:29,865 - torchtitan.distributed.fsdp - INFO - fsdp dense-never: layer 2 experts sharded separately (reshard=True), dense params kept unsharded (reshard=False)
[rank0]:[titan] 2026-09-21 13:52:29,912 - torchtitan.distributed.fsdp - INFO - fsdp dense-never: layer 3 experts sharded separately (reshard=True), dense params kept unsharded (reshard=False)
[rank0]:[titan] 2026-09-21 13:52:29,936 - torchtitan.distributed.fsdp - INFO - fsdp dense-never: layer 4 experts sharded separately (reshard=True), dense params kept unsharded (reshard=False)
[rank0]:[titan] 2026-09-21 13:52:29,958 - torchtitan.distributed.fsdp - INFO - fsdp dense-never: layer 5 experts sharded separately (reshard=True), dense params kept unsharded (reshard=False)
[rank0]:[titan] 2026-09-21 13:52:29,977 - torchtitan.distributed.fsdp - INFO - fsdp dense-never: layer 6 experts sharded separately (reshard=True), dense params kept unsharded (reshard=False)
[rank0]:[titan] 2026-09-21 13:52:29,998 - torchtitan.distributed.fsdp - INFO - fsdp dense-never: layer 7 experts sharded separately (reshard=True), dense params kept unsharded (reshard=False)
[rank0]:[titan] 2026-09-21 13:52:30,016 - torchtitan.distributed.fsdp - INFO - fsdp dense-never: layer 8 experts sharded separately (reshard=True), dense params kept unsharded (reshard=False)
[rank0]:[titan] 2026-09-21 13:52:30,038 - torchtitan.distributed.fsdp - INFO - fsdp dense-never: layer 9 experts sharded separately (reshard=True), dense params kept unsharded (reshard=False)
[rank0]:[titan] 2026-09-21 13:52:30,057 - torchtitan.distributed.fsdp - INFO - fsdp dense-never: layer 10 experts sharded separately (reshard=True), dense params kept unsharded (reshard=False)
[rank0]:[titan] 2026-09-21 13:52:30,078 - torchtitan.distributed.fsdp - INFO - fsdp dense-never: layer 11 experts sharded separately (reshard=True), dense params kept unsharded (reshard=False)
[rank0]:[titan] 2026-09-21 13:52:30,097 - torchtitan.distributed.fsdp - INFO - fsdp dense-never: layer 12 experts sharded separately (reshard=True), dense params kept unsharded (reshard=False)
[rank0]:[titan] 2026-09-21 13:52:30,118 - torchtitan.distributed.fsdp - INFO - fsdp dense-never: layer 13 experts sharded separately (reshard=True), dense params kept unsharded (reshard=False)
[rank0]:[titan] 2026-09-21 13:52:30,137 - torchtitan.distributed.fsdp - INFO - fsdp dense-never: layer 14 experts sharded separately (reshard=True), dense params kept unsharded (reshard=False)
[rank0]:[titan] 2026-09-21 13:52:30,158 - torchtitan.distributed.fsdp - INFO - fsdp dense-never: layer 15 experts sharded separately (reshard=True), dense params kept unsharded (reshard=False)
[rank0]:[titan] 2026-09-21 13:52:30,177 - torchtitan.distributed.fsdp - INFO - fsdp dense-never: layer 16 experts sharded separately (reshard=True), dense params kept unsharded (reshard=False)
[rank0]:[titan] 2026-09-21 13:52:30,198 - torchtitan.distributed.fsdp - INFO - fsdp dense-never: layer 17 experts sharded separately (reshard=True), dense params kept unsharded (reshard=False)
[rank0]:[titan] 2026-09-21 13:52:30,217 - torchtitan.distributed.fsdp - INFO - fsdp dense-never: layer 18 experts sharded separately (reshard=True), dense params kept unsharded (reshard=False)
[rank0]:[titan] 2026-09-21 13:52:30,238 - torchtitan.distributed.fsdp - INFO - fsdp dense-never: layer 19 experts sharded separately (reshard=True), dense params kept unsharded (reshard=False)
[rank0]:[titan] 2026-09-21 13:52:30,256 - torchtitan.distributed.fsdp - INFO - fsdp dense-never: layer 20 experts sharded separately (reshard=True), dense params kept unsharded (reshard=False)
[rank0]:[titan] 2026-09-21 13:52:30,278 - torchtitan.distributed.fsdp - INFO - fsdp dense-never: layer 21 experts sharded separately (reshard=True), dense params kept unsharded (reshard=False)
[rank0]:[titan] 2026-09-21 13:52:30,297 - torchtitan.distributed.fsdp - INFO - fsdp dense-never: layer 22 experts sharded separately (reshard=True), dense params kept unsharded (reshard=False)
[rank0]:[titan] 2026-09-21 13:52:30,318 - torchtitan.distributed.fsdp - INFO - fsdp dense-never: layer 23 experts sharded separately (reshard=True), dense params kept unsharded (reshard=False)
[rank0]:[titan] 2026-09-21 13:52:30,336 - torchtitan.distributed.fsdp - INFO - fsdp dense-never: layer 24 experts sharded separately (reshard=True), dense params kept unsharded (reshard=False)
[rank0]:[titan] 2026-09-21 13:52:30,358 - torchtitan.distributed.fsdp - INFO - fsdp dense-never: layer 25 experts sharded separately (reshard=True), dense params kept unsharded (reshard=False)
[rank0]:[titan] 2026-09-21 13:52:30,376 - torchtitan.distributed.fsdp - INFO - fsdp dense-never: layer 26 experts sharded separately (reshard=True), dense params kept unsharded (reshard=False)
[rank0]:[titan] 2026-09-21 13:52:30,398 - torchtitan.distributed.fsdp - INFO - fsdp dense-never: layer 27 experts sharded separately (reshard=True), dense params kept unsharded (reshard=False)
[rank0]:[titan] 2026-09-21 13:52:30,416 - torchtitan.distributed.fsdp - INFO - fsdp dense-never: layer 28 experts sharded separately (reshard=True), dense params kept unsharded (reshard=False)
[rank0]:[titan] 2026-09-21 13:52:30,438 - torchtitan.distributed.fsdp - INFO - fsdp dense-never: layer 29 experts sharded separately (reshard=True), dense params kept unsharded (reshard=False)
[rank0]:[titan] 2026-09-21 13:52:30,456 - torchtitan.distributed.fsdp - INFO - fsdp dense-never: layer 30 experts sharded separately (reshard=True), dense params kept unsharded (reshard=False)
[rank0]:[titan] 2026-09-21 13:52:30,477 - torchtitan.distributed.fsdp - INFO - fsdp dense-never: layer 31 experts sharded separately (reshard=True), dense params kept unsharded (reshard=False)
[rank0]:[titan] 2026-09-21 13:52:30,496 - torchtitan.distributed.fsdp - INFO - fsdp dense-never: layer 32 experts sharded separately (reshard=True), dense params kept unsharded (reshard=False)
[rank0]:[titan] 2026-09-21 13:52:30,518 - torchtitan.distributed.fsdp - INFO - fsdp dense-never: layer 33 experts sharded separately (reshard=True), dense params kept unsharded (reshard=False)
[rank0]:[titan] 2026-09-21 13:52:30,536 - torchtitan.distributed.fsdp - INFO - fsdp dense-never: layer 34 experts sharded separately (reshard=True), dense params kept unsharded (reshard=False)
[rank0]:[titan] 2026-09-21 13:52:30,557 - torchtitan.distributed.fsdp - INFO - fsdp dense-never: layer 35 experts sharded separately (reshard=True), dense params kept unsharded (reshard=False)
[rank0]:[titan] 2026-09-21 13:52:30,576 - torchtitan.distributed.fsdp - INFO - fsdp dense-never: layer 36 experts sharded separately (reshard=True), dense params kept unsharded (reshard=False)
[rank0]:[titan] 2026-09-21 13:52:30,598 - torchtitan.distributed.fsdp - INFO - fsdp dense-never: layer 37 experts sharded separately (reshard=True), dense params kept unsharded (reshard=False)
[rank0]:[titan] 2026-09-21 13:52:30,616 - torchtitan.distributed.fsdp - INFO - fsdp dense-never: layer 38 experts sharded separately (reshard=True), dense params kept unsharded (reshard=False)
[rank0]:[titan] 2026-09-21 13:52:30,637 - torchtitan.distributed.fsdp - INFO - fsdp dense-never: layer 39 experts sharded separately (reshard=True), dense params kept unsharded (reshard=False)
[rank0]:[titan] 2026-09-21 13:52:16,731 - torchtitan.trainer - INFO - Model deepseek_v4 deepseek_v4_flash size: 284,332,230,231 total parameters
[rank0]:[titan] 2026-09-21 13:52:16,735 - torchtitan.distributed.minimal_async_ep.api - INFO - Initializing MinimalAsyncEP buffer: hidden_dim=4096, num_max_tokens_per_rank=98304, top_k=6, num_local_experts=128, ep_size=2, max_routed_tokens=1179648
[rank0]:[titan] 2026-09-21 13:52:31,375 - torchtitan.distributed.activation_checkpoint - INFO - Applied FullAC activation checkpointing to the model
[rank0]:[titan] 2026-09-21 13:52:31,402 - torchtitan.distributed.fsdp - INFO - fsdp dense-never: layer 0 experts sharded separately (reshard=True), dense params kept unsharded (reshard=False)
[rank0]:[titan] 2026-09-21 13:52:31,619 - torchtitan.distributed.fsdp - INFO - fsdp dense-never: layer 1 experts sharded separately (reshard=True), dense params kept unsharded (reshard=False)
[rank0]:[titan] 2026-09-21 13:52:31,635 - torchtitan.distributed.fsdp - INFO - fsdp dense-never: layer 2 experts sharded separately (reshard=True), dense params kept unsharded (reshard=False)
[rank0]:[titan] 2026-09-21 13:52:31,681 - torchtitan.distributed.fsdp - INFO - fsdp dense-never: layer 3 experts sharded separately (reshard=True), dense params kept unsharded (reshard=False)
[rank0]:[titan] 2026-09-21 13:52:31,704 - torchtitan.distributed.fsdp - INFO - fsdp dense-never: layer 4 experts sharded separately (reshard=True), dense params kept unsharded (reshard=False)
[rank0]:[titan] 2026-09-21 13:52:31,726 - torchtitan.distributed.fsdp - INFO - fsdp dense-never: layer 5 experts sharded separately (reshard=True), dense params kept unsharded (reshard=False)
[rank0]:[titan] 2026-09-21 13:52:31,744 - torchtitan.distributed.fsdp - INFO - fsdp dense-never: layer 6 experts sharded separately (reshard=True), dense params kept unsharded (reshard=False)
[rank0]:[titan] 2026-09-21 13:52:31,765 - torchtitan.distributed.fsdp - INFO - fsdp dense-never: layer 7 experts sharded separately (reshard=True), dense params kept unsharded (reshard=False)
[rank0]:[titan] 2026-09-21 13:52:31,783 - torchtitan.distributed.fsdp - INFO - fsdp dense-never: layer 8 experts sharded separately (reshard=True), dense params kept unsharded (reshard=False)
[rank0]:[titan] 2026-09-21 13:52:31,804 - torchtitan.distributed.fsdp - INFO - fsdp dense-never: layer 9 experts sharded separately (reshard=True), dense params kept unsharded (reshard=False)
[rank0]:[titan] 2026-09-21 13:52:31,822 - torchtitan.distributed.fsdp - INFO - fsdp dense-never: layer 10 experts sharded separately (reshard=True), dense params kept unsharded (reshard=False)
[rank0]:[titan] 2026-09-21 13:52:31,843 - torchtitan.distributed.fsdp - INFO - fsdp dense-never: layer 11 experts sharded separately (reshard=True), dense params kept unsharded (reshard=False)
[rank0]:[titan] 2026-09-21 13:52:31,860 - torchtitan.distributed.fsdp - INFO - fsdp dense-never: layer 12 experts sharded separately (reshard=True), dense params kept unsharded (reshard=False)
[rank0]:[titan] 2026-09-21 13:52:31,881 - torchtitan.distributed.fsdp - INFO - fsdp dense-never: layer 13 experts sharded separately (reshard=True), dense params kept unsharded (reshard=False)
[rank0]:[titan] 2026-09-21 13:52:31,899 - torchtitan.distributed.fsdp - INFO - fsdp dense-never: layer 14 experts sharded separately (reshard=True), dense params kept unsharded (reshard=False)
[rank0]:[titan] 2026-09-21 13:52:31,920 - torchtitan.distributed.fsdp - INFO - fsdp dense-never: layer 15 experts sharded separately (reshard=True), dense params kept unsharded (reshard=False)
[rank0]:[titan] 2026-09-21 13:52:31,937 - torchtitan.distributed.fsdp - INFO - fsdp dense-never: layer 16 experts sharded separately (reshard=True), dense params kept unsharded (reshard=False)
[rank0]:[titan] 2026-09-21 13:52:31,958 - torchtitan.distributed.fsdp - INFO - fsdp dense-never: layer 17 experts sharded separately (reshard=True), dense params kept unsharded (reshard=False)
[rank0]:[titan] 2026-09-21 13:52:31,976 - torchtitan.distributed.fsdp - INFO - fsdp dense-never: layer 18 experts sharded separately (reshard=True), dense params kept unsharded (reshard=False)
[rank0]:[titan] 2026-09-21 13:52:31,997 - torchtitan.distributed.fsdp - INFO - fsdp dense-never: layer 19 experts sharded separately (reshard=True), dense params kept unsharded (reshard=False)
[rank0]:[titan] 2026-09-21 13:52:32,015 - torchtitan.distributed.fsdp - INFO - fsdp dense-never: layer 20 experts sharded separately (reshard=True), dense params kept unsharded (reshard=False)
[rank0]:[titan] 2026-09-21 13:52:32,036 - torchtitan.distributed.fsdp - INFO - fsdp dense-never: layer 21 experts sharded separately (reshard=True), dense params kept unsharded (reshard=False)
[rank0]:[titan] 2026-09-21 13:52:32,054 - torchtitan.distributed.fsdp - INFO - fsdp dense-never: layer 22 experts sharded separately (reshard=True), dense params kept unsharded (reshard=False)
[rank0]:[titan] 2026-09-21 13:52:32,074 - torchtitan.distributed.fsdp - INFO - fsdp dense-never: layer 23 experts sharded separately (reshard=True), dense params kept unsharded (reshard=False)
[rank0]:[titan] 2026-09-21 13:52:32,092 - torchtitan.distributed.fsdp - INFO - fsdp dense-never: layer 24 experts sharded separately (reshard=True), dense params kept unsharded (reshard=False)
[rank0]:[titan] 2026-09-21 13:52:32,113 - torchtitan.distributed.fsdp - INFO - fsdp dense-never: layer 25 experts sharded separately (reshard=True), dense params kept unsharded (reshard=False)
[rank0]:[titan] 2026-09-21 13:52:32,130 - torchtitan.distributed.fsdp - INFO - fsdp dense-never: layer 26 experts sharded separately (reshard=True), dense params kept unsharded (reshard=False)
[rank0]:[titan] 2026-09-21 13:52:32,151 - torchtitan.distributed.fsdp - INFO - fsdp dense-never: layer 27 experts sharded separately (reshard=True), dense params kept unsharded (reshard=False)
[rank0]:[titan] 2026-09-21 13:52:32,169 - torchtitan.distributed.fsdp - INFO - fsdp dense-never: layer 28 experts sharded separately (reshard=True), dense params kept unsharded (reshard=False)
[rank0]:[titan] 2026-09-21 13:52:32,190 - torchtitan.distributed.fsdp - INFO - fsdp dense-never: layer 29 experts sharded separately (reshard=True), dense params kept unsharded (reshard=False)
[rank0]:[titan] 2026-09-21 13:52:32,207 - torchtitan.distributed.fsdp - INFO - fsdp dense-never: layer 30 experts sharded separately (reshard=True), dense params kept unsharded (reshard=False)
[rank0]:[titan] 2026-09-21 13:52:32,228 - torchtitan.distributed.fsdp - INFO - fsdp dense-never: layer 31 experts sharded separately (reshard=True), dense params kept unsharded (reshard=False)
[rank0]:[titan] 2026-09-21 13:52:32,246 - torchtitan.distributed.fsdp - INFO - fsdp dense-never: layer 32 experts sharded separately (reshard=True), dense params kept unsharded (reshard=False)
[rank0]:[titan] 2026-09-21 13:52:32,267 - torchtitan.distributed.fsdp - INFO - fsdp dense-never: layer 33 experts sharded separately (reshard=True), dense params kept unsharded (reshard=False)
[rank0]:[titan] 2026-09-21 13:52:32,284 - torchtitan.distributed.fsdp - INFO - fsdp dense-never: layer 34 experts sharded separately (reshard=True), dense params kept unsharded (reshard=False)
[rank0]:[titan] 2026-09-21 13:52:32,305 - torchtitan.distributed.fsdp - INFO - fsdp dense-never: layer 35 experts sharded separately (reshard=True), dense params kept unsharded (reshard=False)
[rank0]:[titan] 2026-09-21 13:52:32,323 - torchtitan.distributed.fsdp - INFO - fsdp dense-never: layer 36 experts sharded separately (reshard=True), dense params kept unsharded (reshard=False)
[rank0]:[titan] 2026-09-21 13:52:32,344 - torchtitan.distributed.fsdp - INFO - fsdp dense-never: layer 37 experts sharded separately (reshard=True), dense params kept unsharded (reshard=False)
[rank0]:[titan] 2026-09-21 13:52:32,362 - torchtitan.distributed.fsdp - INFO - fsdp dense-never: layer 38 experts sharded separately (reshard=True), dense params kept unsharded (reshard=False)
[rank0]:[titan] 2026-09-21 13:52:32,383 - torchtitan.distributed.fsdp - INFO - fsdp dense-never: layer 39 experts sharded separately (reshard=True), dense params kept unsharded (reshard=False)
[rank0]:[titan] 2026-09-21 13:52:18,345 - torchtitan.trainer - INFO - Model deepseek_v4 deepseek_v4_flash size: 284,332,230,231 total parameters
[rank0]:[titan] 2026-09-21 13:52:18,354 - torchtitan.distributed.minimal_async_ep.api - INFO - Initializing MinimalAsyncEP buffer: hidden_dim=4096, num_max_tokens_per_rank=98304, top_k=6, num_local_experts=128, ep_size=2, max_routed_tokens=1179648
[rank0]:[titan] 2026-09-21 13:52:31,297 - torchtitan.distributed.activation_checkpoint - INFO - Applied FullAC activation checkpointing to the model
[rank0]:[titan] 2026-09-21 13:52:31,341 - torchtitan.distributed.fsdp - INFO - fsdp dense-never: layer 0 experts sharded separately (reshard=True), dense params kept unsharded (reshard=False)
[rank0]:[titan] 2026-09-21 13:52:31,590 - torchtitan.distributed.fsdp - INFO - fsdp dense-never: layer 1 experts sharded separately (reshard=True), dense params kept unsharded (reshard=False)
[rank0]:[titan] 2026-09-21 13:52:31,611 - torchtitan.distributed.fsdp - INFO - fsdp dense-never: layer 2 experts sharded separately (reshard=True), dense params kept unsharded (reshard=False)
[rank0]:[titan] 2026-09-21 13:52:31,670 - torchtitan.distributed.fsdp - INFO - fsdp dense-never: layer 3 experts sharded separately (reshard=True), dense params kept unsharded (reshard=False)
[rank0]:[titan] 2026-09-21 13:52:31,700 - torchtitan.distributed.fsdp - INFO - fsdp dense-never: layer 4 experts sharded separately (reshard=True), dense params kept unsharded (reshard=False)
[rank0]:[titan] 2026-09-21 13:52:31,729 - torchtitan.distributed.fsdp - INFO - fsdp dense-never: layer 5 experts sharded separately (reshard=True), dense params kept unsharded (reshard=False)
[rank0]:[titan] 2026-09-21 13:52:31,752 - torchtitan.distributed.fsdp - INFO - fsdp dense-never: layer 6 experts sharded separately (reshard=True), dense params kept unsharded (reshard=False)
[rank0]:[titan] 2026-09-21 13:52:31,779 - torchtitan.distributed.fsdp - INFO - fsdp dense-never: layer 7 experts sharded separately (reshard=True), dense params kept unsharded (reshard=False)
[rank0]:[titan] 2026-09-21 13:52:31,802 - torchtitan.distributed.fsdp - INFO - fsdp dense-never: layer 8 experts sharded separately (reshard=True), dense params kept unsharded (reshard=False)
[rank0]:[titan] 2026-09-21 13:52:31,830 - torchtitan.distributed.fsdp - INFO - fsdp dense-never: layer 9 experts sharded separately (reshard=True), dense params kept unsharded (reshard=False)
[rank0]:[titan] 2026-09-21 13:52:31,853 - torchtitan.distributed.fsdp - INFO - fsdp dense-never: layer 10 experts sharded separately (reshard=True), dense params kept unsharded (reshard=False)
[rank0]:[titan] 2026-09-21 13:52:31,880 - torchtitan.distributed.fsdp - INFO - fsdp dense-never: layer 11 experts sharded separately (reshard=True), dense params kept unsharded (reshard=False)
[rank0]:[titan] 2026-09-21 13:52:31,903 - torchtitan.distributed.fsdp - INFO - fsdp dense-never: layer 12 experts sharded separately (reshard=True), dense params kept unsharded (reshard=False)
[rank0]:[titan] 2026-09-21 13:52:31,930 - torchtitan.distributed.fsdp - INFO - fsdp dense-never: layer 13 experts sharded separately (reshard=True), dense params kept unsharded (reshard=False)
[rank0]:[titan] 2026-09-21 13:52:31,952 - torchtitan.distributed.fsdp - INFO - fsdp dense-never: layer 14 experts sharded separately (reshard=True), dense params kept unsharded (reshard=False)
[rank0]:[titan] 2026-09-21 13:52:31,980 - torchtitan.distributed.fsdp - INFO - fsdp dense-never: layer 15 experts sharded separately (reshard=True), dense params kept unsharded (reshard=False)
[rank0]:[titan] 2026-09-21 13:52:32,002 - torchtitan.distributed.fsdp - INFO - fsdp dense-never: layer 16 experts sharded separately (reshard=True), dense params kept unsharded (reshard=False)
[rank0]:[titan] 2026-09-21 13:52:32,029 - torchtitan.distributed.fsdp - INFO - fsdp dense-never: layer 17 experts sharded separately (reshard=True), dense params kept unsharded (reshard=False)
[rank0]:[titan] 2026-09-21 13:52:32,051 - torchtitan.distributed.fsdp - INFO - fsdp dense-never: layer 18 experts sharded separately (reshard=True), dense params kept unsharded (reshard=False)
[rank0]:[titan] 2026-09-21 13:52:32,078 - torchtitan.distributed.fsdp - INFO - fsdp dense-never: layer 19 experts sharded separately (reshard=True), dense params kept unsharded (reshard=False)
[rank0]:[titan] 2026-09-21 13:52:32,100 - torchtitan.distributed.fsdp - INFO - fsdp dense-never: layer 20 experts sharded separately (reshard=True), dense params kept unsharded (reshard=False)
[rank0]:[titan] 2026-09-21 13:52:32,127 - torchtitan.distributed.fsdp - INFO - fsdp dense-never: layer 21 experts sharded separately (reshard=True), dense params kept unsharded (reshard=False)
[rank0]:[titan] 2026-09-21 13:52:32,150 - torchtitan.distributed.fsdp - INFO - fsdp dense-never: layer 22 experts sharded separately (reshard=True), dense params kept unsharded (reshard=False)
[rank0]:[titan] 2026-09-21 13:52:32,176 - torchtitan.distributed.fsdp - INFO - fsdp dense-never: layer 23 experts sharded separately (reshard=True), dense params kept unsharded (reshard=False)
[rank0]:[titan] 2026-09-21 13:52:32,198 - torchtitan.distributed.fsdp - INFO - fsdp dense-never: layer 24 experts sharded separately (reshard=True), dense params kept unsharded (reshard=False)
[rank0]:[titan] 2026-09-21 13:52:32,225 - torchtitan.distributed.fsdp - INFO - fsdp dense-never: layer 25 experts sharded separately (reshard=True), dense params kept unsharded (reshard=False)
[rank0]:[titan] 2026-09-21 13:52:32,247 - torchtitan.distributed.fsdp - INFO - fsdp dense-never: layer 26 experts sharded separately (reshard=True), dense params kept unsharded (reshard=False)
[rank0]:[titan] 2026-09-21 13:52:32,274 - torchtitan.distributed.fsdp - INFO - fsdp dense-never: layer 27 experts sharded separately (reshard=True), dense params kept unsharded (reshard=False)
[rank0]:[titan] 2026-09-21 13:52:32,296 - torchtitan.distributed.fsdp - INFO - fsdp dense-never: layer 28 experts sharded separately (reshard=True), dense params kept unsharded (reshard=False)
[rank0]:[titan] 2026-09-21 13:52:32,323 - torchtitan.distributed.fsdp - INFO - fsdp dense-never: layer 29 experts sharded separately (reshard=True), dense params kept unsharded (reshard=False)
[rank0]:[titan] 2026-09-21 13:52:32,345 - torchtitan.distributed.fsdp - INFO - fsdp dense-never: layer 30 experts sharded separately (reshard=True), dense params kept unsharded (reshard=False)
[rank0]:[titan] 2026-09-21 13:52:32,371 - torchtitan.distributed.fsdp - INFO - fsdp dense-never: layer 31 experts sharded separately (reshard=True), dense params kept unsharded (reshard=False)
[rank0]:[titan] 2026-09-21 13:52:32,394 - torchtitan.distributed.fsdp - INFO - fsdp dense-never: layer 32 experts sharded separately (reshard=True), dense params kept unsharded (reshard=False)
[rank0]:[titan] 2026-09-21 13:52:32,420 - torchtitan.distributed.fsdp - INFO - fsdp dense-never: layer 33 experts sharded separately (reshard=True), dense params kept unsharded (reshard=False)
[rank0]:[titan] 2026-09-21 13:52:32,441 - torchtitan.distributed.fsdp - INFO - fsdp dense-never: layer 34 experts sharded separately (reshard=True), dense params kept unsharded (reshard=False)
[rank0]:[titan] 2026-09-21 13:52:32,467 - torchtitan.distributed.fsdp - INFO - fsdp dense-never: layer 35 experts sharded separately (reshard=True), dense params kept unsharded (reshard=False)
[rank0]:[titan] 2026-09-21 13:52:32,489 - torchtitan.distributed.fsdp - INFO - fsdp dense-never: layer 36 experts sharded separately (reshard=True), dense params kept unsharded (reshard=False)
[rank0]:[titan] 2026-09-21 13:52:32,516 - torchtitan.distributed.fsdp - INFO - fsdp dense-never: layer 37 experts sharded separately (reshard=True), dense params kept unsharded (reshard=False)
[rank0]:[titan] 2026-09-21 13:52:32,538 - torchtitan.distributed.fsdp - INFO - fsdp dense-never: layer 38 experts sharded separately (reshard=True), dense params kept unsharded (reshard=False)
[rank0]:[titan] 2026-09-21 13:52:32,564 - torchtitan.distributed.fsdp - INFO - fsdp dense-never: layer 39 experts sharded separately (reshard=True), dense params kept unsharded (reshard=False)
[rank0]:[titan] 2026-09-21 13:52:16,749 - torchtitan.trainer - INFO - Model deepseek_v4 deepseek_v4_flash size: 284,332,230,231 total parameters
[rank0]:[titan] 2026-09-21 13:52:16,753 - torchtitan.distributed.minimal_async_ep.api - INFO - Initializing MinimalAsyncEP buffer: hidden_dim=4096, num_max_tokens_per_rank=98304, top_k=6, num_local_experts=128, ep_size=2, max_routed_tokens=1179648
[rank0]:[titan] 2026-09-21 13:52:31,750 - torchtitan.distributed.activation_checkpoint - INFO - Applied FullAC activation checkpointing to the model
[rank0]:[titan] 2026-09-21 13:52:31,778 - torchtitan.distributed.fsdp - INFO - fsdp dense-never: layer 0 experts sharded separately (reshard=True), dense params kept unsharded (reshard=False)
[rank0]:[titan] 2026-09-21 13:52:31,996 - torchtitan.distributed.fsdp - INFO - fsdp dense-never: layer 1 experts sharded separately (reshard=True), dense params kept unsharded (reshard=False)
[rank0]:[titan] 2026-09-21 13:52:32,012 - torchtitan.distributed.fsdp - INFO - fsdp dense-never: layer 2 experts sharded separately (reshard=True), dense params kept unsharded (reshard=False)
[rank0]:[titan] 2026-09-21 13:52:32,059 - torchtitan.distributed.fsdp - INFO - fsdp dense-never: layer 3 experts sharded separately (reshard=True), dense params kept unsharded (reshard=False)
[rank0]:[titan] 2026-09-21 13:52:32,082 - torchtitan.distributed.fsdp - INFO - fsdp dense-never: layer 4 experts sharded separately (reshard=True), dense params kept unsharded (reshard=False)
[rank0]:[titan] 2026-09-21 13:52:32,104 - torchtitan.distributed.fsdp - INFO - fsdp dense-never: layer 5 experts sharded separately (reshard=True), dense params kept unsharded (reshard=False)
[rank0]:[titan] 2026-09-21 13:52:32,122 - torchtitan.distributed.fsdp - INFO - fsdp dense-never: layer 6 experts sharded separately (reshard=True), dense params kept unsharded (reshard=False)
[rank0]:[titan] 2026-09-21 13:52:32,143 - torchtitan.distributed.fsdp - INFO - fsdp dense-never: layer 7 experts sharded separately (reshard=True), dense params kept unsharded (reshard=False)
[rank0]:[titan] 2026-09-21 13:52:32,161 - torchtitan.distributed.fsdp - INFO - fsdp dense-never: layer 8 experts sharded separately (reshard=True), dense params kept unsharded (reshard=False)
[rank0]:[titan] 2026-09-21 13:52:32,182 - torchtitan.distributed.fsdp - INFO - fsdp dense-never: layer 9 experts sharded separately (reshard=True), dense params kept unsharded (reshard=False)
[rank0]:[titan] 2026-09-21 13:52:32,200 - torchtitan.distributed.fsdp - INFO - fsdp dense-never: layer 10 experts sharded separately (reshard=True), dense params kept unsharded (reshard=False)
[rank0]:[titan] 2026-09-21 13:52:32,221 - torchtitan.distributed.fsdp - INFO - fsdp dense-never: layer 11 experts sharded separately (reshard=True), dense params kept unsharded (reshard=False)
[rank0]:[titan] 2026-09-21 13:52:32,239 - torchtitan.distributed.fsdp - INFO - fsdp dense-never: layer 12 experts sharded separately (reshard=True), dense params kept unsharded (reshard=False)
[rank0]:[titan] 2026-09-21 13:52:32,260 - torchtitan.distributed.fsdp - INFO - fsdp dense-never: layer 13 experts sharded separately (reshard=True), dense params kept unsharded (reshard=False)
[rank0]:[titan] 2026-09-21 13:52:32,278 - torchtitan.distributed.fsdp - INFO - fsdp dense-never: layer 14 experts sharded separately (reshard=True), dense params kept unsharded (reshard=False)
[rank0]:[titan] 2026-09-21 13:52:32,300 - torchtitan.distributed.fsdp - INFO - fsdp dense-never: layer 15 experts sharded separately (reshard=True), dense params kept unsharded (reshard=False)
[rank0]:[titan] 2026-09-21 13:52:32,318 - torchtitan.distributed.fsdp - INFO - fsdp dense-never: layer 16 experts sharded separately (reshard=True), dense params kept unsharded (reshard=False)
[rank0]:[titan] 2026-09-21 13:52:32,339 - torchtitan.distributed.fsdp - INFO - fsdp dense-never: layer 17 experts sharded separately (reshard=True), dense params kept unsharded (reshard=False)
[rank0]:[titan] 2026-09-21 13:52:32,357 - torchtitan.distributed.fsdp - INFO - fsdp dense-never: layer 18 experts sharded separately (reshard=True), dense params kept unsharded (reshard=False)
[rank0]:[titan] 2026-09-21 13:52:32,378 - torchtitan.distributed.fsdp - INFO - fsdp dense-never: layer 19 experts sharded separately (reshard=True), dense params kept unsharded (reshard=False)
[rank0]:[titan] 2026-09-21 13:52:32,396 - torchtitan.distributed.fsdp - INFO - fsdp dense-never: layer 20 experts sharded separately (reshard=True), dense params kept unsharded (reshard=False)
[rank0]:[titan] 2026-09-21 13:52:32,417 - torchtitan.distributed.fsdp - INFO - fsdp dense-never: layer 21 experts sharded separately (reshard=True), dense params kept unsharded (reshard=False)
[rank0]:[titan] 2026-09-21 13:52:32,435 - torchtitan.distributed.fsdp - INFO - fsdp dense-never: layer 22 experts sharded separately (reshard=True), dense params kept unsharded (reshard=False)
[rank0]:[titan] 2026-09-21 13:52:32,456 - torchtitan.distributed.fsdp - INFO - fsdp dense-never: layer 23 experts sharded separately (reshard=True), dense params kept unsharded (reshard=False)
[rank0]:[titan] 2026-09-21 13:52:32,473 - torchtitan.distributed.fsdp - INFO - fsdp dense-never: layer 24 experts sharded separately (reshard=True), dense params kept unsharded (reshard=False)
[rank0]:[titan] 2026-09-21 13:52:32,495 - torchtitan.distributed.fsdp - INFO - fsdp dense-never: layer 25 experts sharded separately (reshard=True), dense params kept unsharded (reshard=False)
[rank0]:[titan] 2026-09-21 13:52:32,512 - torchtitan.distributed.fsdp - INFO - fsdp dense-never: layer 26 experts sharded separately (reshard=True), dense params kept unsharded (reshard=False)
[rank0]:[titan] 2026-09-21 13:52:32,533 - torchtitan.distributed.fsdp - INFO - fsdp dense-never: layer 27 experts sharded separately (reshard=True), dense params kept unsharded (reshard=False)
[rank0]:[titan] 2026-09-21 13:52:32,551 - torchtitan.distributed.fsdp - INFO - fsdp dense-never: layer 28 experts sharded separately (reshard=True), dense params kept unsharded (reshard=False)
[rank0]:[titan] 2026-09-21 13:52:32,572 - torchtitan.distributed.fsdp - INFO - fsdp dense-never: layer 29 experts sharded separately (reshard=True), dense params kept unsharded (reshard=False)
[rank0]:[titan] 2026-09-21 13:52:32,590 - torchtitan.distributed.fsdp - INFO - fsdp dense-never: layer 30 experts sharded separately (reshard=True), dense params kept unsharded (reshard=False)
[rank0]:[titan] 2026-09-21 13:52:32,611 - torchtitan.distributed.fsdp - INFO - fsdp dense-never: layer 31 experts sharded separately (reshard=True), dense params kept unsharded (reshard=False)
[rank0]:[titan] 2026-09-21 13:52:32,628 - torchtitan.distributed.fsdp - INFO - fsdp dense-never: layer 32 experts sharded separately (reshard=True), dense params kept unsharded (reshard=False)
[rank0]:[titan] 2026-09-21 13:52:32,649 - torchtitan.distributed.fsdp - INFO - fsdp dense-never: layer 33 experts sharded separately (reshard=True), dense params kept unsharded (reshard=False)
[rank0]:[titan] 2026-09-21 13:52:32,667 - torchtitan.distributed.fsdp - INFO - fsdp dense-never: layer 34 experts sharded separately (reshard=True), dense params kept unsharded (reshard=False)
[rank0]:[titan] 2026-09-21 13:52:32,688 - torchtitan.distributed.fsdp - INFO - fsdp dense-never: layer 35 experts sharded separately (reshard=True), dense params kept unsharded (reshard=False)
[rank0]:[titan] 2026-09-21 13:52:32,706 - torchtitan.distributed.fsdp - INFO - fsdp dense-never: layer 36 experts sharded separately (reshard=True), dense params kept unsharded (reshard=False)
[rank0]:[titan] 2026-09-21 13:52:32,727 - torchtitan.distributed.fsdp - INFO - fsdp dense-never: layer 37 experts sharded separately (reshard=True), dense params kept unsharded (reshard=False)
[rank0]:[titan] 2026-09-21 13:52:32,745 - torchtitan.distributed.fsdp - INFO - fsdp dense-never: layer 38 experts sharded separately (reshard=True), dense params kept unsharded (reshard=False)
[rank0]:[titan] 2026-09-21 13:52:32,766 - torchtitan.distributed.fsdp - INFO - fsdp dense-never: layer 39 experts sharded separately (reshard=True), dense params kept unsharded (reshard=False)
[rank0]:[titan] 2026-09-21 13:52:16,726 - torchtitan.trainer - INFO - Model deepseek_v4 deepseek_v4_flash size: 284,332,230,231 total parameters
[rank0]:[titan] 2026-09-21 13:52:16,730 - torchtitan.distributed.minimal_async_ep.api - INFO - Initializing MinimalAsyncEP buffer: hidden_dim=4096, num_max_tokens_per_rank=98304, top_k=6, num_local_experts=128, ep_size=2, max_routed_tokens=1179648
[rank0]:[titan] 2026-09-21 13:52:31,887 - torchtitan.distributed.activation_checkpoint - INFO - Applied FullAC activation checkpointing to the model
[rank0]:[titan] 2026-09-21 13:52:31,911 - torchtitan.distributed.fsdp - INFO - fsdp dense-never: layer 0 experts sharded separately (reshard=True), dense params kept unsharded (reshard=False)
[rank0]:[titan] 2026-09-21 13:52:32,126 - torchtitan.distributed.fsdp - INFO - fsdp dense-never: layer 1 experts sharded separately (reshard=True), dense params kept unsharded (reshard=False)
[rank0]:[titan] 2026-09-21 13:52:32,142 - torchtitan.distributed.fsdp - INFO - fsdp dense-never: layer 2 experts sharded separately (reshard=True), dense params kept unsharded (reshard=False)
[rank0]:[titan] 2026-09-21 13:52:32,187 - torchtitan.distributed.fsdp - INFO - fsdp dense-never: layer 3 experts sharded separately (reshard=True), dense params kept unsharded (reshard=False)
[rank0]:[titan] 2026-09-21 13:52:32,211 - torchtitan.distributed.fsdp - INFO - fsdp dense-never: layer 4 experts sharded separately (reshard=True), dense params kept unsharded (reshard=False)
[rank0]:[titan] 2026-09-21 13:52:32,233 - torchtitan.distributed.fsdp - INFO - fsdp dense-never: layer 5 experts sharded separately (reshard=True), dense params kept unsharded (reshard=False)
[rank0]:[titan] 2026-09-21 13:52:32,251 - torchtitan.distributed.fsdp - INFO - fsdp dense-never: layer 6 experts sharded separately (reshard=True), dense params kept unsharded (reshard=False)
[rank0]:[titan] 2026-09-21 13:52:32,272 - torchtitan.distributed.fsdp - INFO - fsdp dense-never: layer 7 experts sharded separately (reshard=True), dense params kept unsharded (reshard=False)
[rank0]:[titan] 2026-09-21 13:52:32,290 - torchtitan.distributed.fsdp - INFO - fsdp dense-never: layer 8 experts sharded separately (reshard=True), dense params kept unsharded (reshard=False)
[rank0]:[titan] 2026-09-21 13:52:32,311 - torchtitan.distributed.fsdp - INFO - fsdp dense-never: layer 9 experts sharded separately (reshard=True), dense params kept unsharded (reshard=False)
[rank0]:[titan] 2026-09-21 13:52:32,329 - torchtitan.distributed.fsdp - INFO - fsdp dense-never: layer 10 experts sharded separately (reshard=True), dense params kept unsharded (reshard=False)
[rank0]:[titan] 2026-09-21 13:52:32,350 - torchtitan.distributed.fsdp - INFO - fsdp dense-never: layer 11 experts sharded separately (reshard=True), dense params kept unsharded (reshard=False)
[rank0]:[titan] 2026-09-21 13:52:32,367 - torchtitan.distributed.fsdp - INFO - fsdp dense-never: layer 12 experts sharded separately (reshard=True), dense params kept unsharded (reshard=False)
[rank0]:[titan] 2026-09-21 13:52:32,388 - torchtitan.distributed.fsdp - INFO - fsdp dense-never: layer 13 experts sharded separately (reshard=True), dense params kept unsharded (reshard=False)
[rank0]:[titan] 2026-09-21 13:52:32,406 - torchtitan.distributed.fsdp - INFO - fsdp dense-never: layer 14 experts sharded separately (reshard=True), dense params kept unsharded (reshard=False)
[rank0]:[titan] 2026-09-21 13:52:32,427 - torchtitan.distributed.fsdp - INFO - fsdp dense-never: layer 15 experts sharded separately (reshard=True), dense params kept unsharded (reshard=False)
[rank0]:[titan] 2026-09-21 13:52:32,445 - torchtitan.distributed.fsdp - INFO - fsdp dense-never: layer 16 experts sharded separately (reshard=True), dense params kept unsharded (reshard=False)
[rank0]:[titan] 2026-09-21 13:52:32,466 - torchtitan.distributed.fsdp - INFO - fsdp dense-never: layer 17 experts sharded separately (reshard=True), dense params kept unsharded (reshard=False)
[rank0]:[titan] 2026-09-21 13:52:32,484 - torchtitan.distributed.fsdp - INFO - fsdp dense-never: layer 18 experts sharded separately (reshard=True), dense params kept unsharded (reshard=False)
[rank0]:[titan] 2026-09-21 13:52:32,505 - torchtitan.distributed.fsdp - INFO - fsdp dense-never: layer 19 experts sharded separately (reshard=True), dense params kept unsharded (reshard=False)
[rank0]:[titan] 2026-09-21 13:52:32,522 - torchtitan.distributed.fsdp - INFO - fsdp dense-never: layer 20 experts sharded separately (reshard=True), dense params kept unsharded (reshard=False)
[rank0]:[titan] 2026-09-21 13:52:32,543 - torchtitan.distributed.fsdp - INFO - fsdp dense-never: layer 21 experts sharded separately (reshard=True), dense params kept unsharded (reshard=False)
[rank0]:[titan] 2026-09-21 13:52:32,561 - torchtitan.distributed.fsdp - INFO - fsdp dense-never: layer 22 experts sharded separately (reshard=True), dense params kept unsharded (reshard=False)
[rank0]:[titan] 2026-09-21 13:52:32,582 - torchtitan.distributed.fsdp - INFO - fsdp dense-never: layer 23 experts sharded separately (reshard=True), dense params kept unsharded (reshard=False)
[rank0]:[titan] 2026-09-21 13:52:32,600 - torchtitan.distributed.fsdp - INFO - fsdp dense-never: layer 24 experts sharded separately (reshard=True), dense params kept unsharded (reshard=False)
[rank0]:[titan] 2026-09-21 13:52:32,621 - torchtitan.distributed.fsdp - INFO - fsdp dense-never: layer 25 experts sharded separately (reshard=True), dense params kept unsharded (reshard=False)
[rank0]:[titan] 2026-09-21 13:52:32,640 - torchtitan.distributed.fsdp - INFO - fsdp dense-never: layer 26 experts sharded separately (reshard=True), dense params kept unsharded (reshard=False)
[rank0]:[titan] 2026-09-21 13:52:32,661 - torchtitan.distributed.fsdp - INFO - fsdp dense-never: layer 27 experts sharded separately (reshard=True), dense params kept unsharded (reshard=False)
[rank0]:[titan] 2026-09-21 13:52:32,679 - torchtitan.distributed.fsdp - INFO - fsdp dense-never: layer 28 experts sharded separately (reshard=True), dense params kept unsharded (reshard=False)
[rank0]:[titan] 2026-09-21 13:52:32,700 - torchtitan.distributed.fsdp - INFO - fsdp dense-never: layer 29 experts sharded separately (reshard=True), dense params kept unsharded (reshard=False)
[rank0]:[titan] 2026-09-21 13:52:32,718 - torchtitan.distributed.fsdp - INFO - fsdp dense-never: layer 30 experts sharded separately (reshard=True), dense params kept unsharded (reshard=False)
[rank0]:[titan] 2026-09-21 13:52:32,739 - torchtitan.distributed.fsdp - INFO - fsdp dense-never: layer 31 experts sharded separately (reshard=True), dense params kept unsharded (reshard=False)
[rank0]:[titan] 2026-09-21 13:52:32,756 - torchtitan.distributed.fsdp - INFO - fsdp dense-never: layer 32 experts sharded separately (reshard=True), dense params kept unsharded (reshard=False)
[rank0]:[titan] 2026-09-21 13:52:32,778 - torchtitan.distributed.fsdp - INFO - fsdp dense-never: layer 33 experts sharded separately (reshard=True), dense params kept unsharded (reshard=False)
[rank0]:[titan] 2026-09-21 13:52:32,795 - torchtitan.distributed.fsdp - INFO - fsdp dense-never: layer 34 experts sharded separately (reshard=True), dense params kept unsharded (reshard=False)
[rank0]:[titan] 2026-09-21 13:52:32,816 - torchtitan.distributed.fsdp - INFO - fsdp dense-never: layer 35 experts sharded separately (reshard=True), dense params kept unsharded (reshard=False)
[rank0]:[titan] 2026-09-21 13:52:32,834 - torchtitan.distributed.fsdp - INFO - fsdp dense-never: layer 36 experts sharded separately (reshard=True), dense params kept unsharded (reshard=False)
[rank0]:[titan] 2026-09-21 13:52:32,855 - torchtitan.distributed.fsdp - INFO - fsdp dense-never: layer 37 experts sharded separately (reshard=True), dense params kept unsharded (reshard=False)
[rank0]:[titan] 2026-09-21 13:52:32,873 - torchtitan.distributed.fsdp - INFO - fsdp dense-never: layer 38 experts sharded separately (reshard=True), dense params kept unsharded (reshard=False)
[rank0]:[titan] 2026-09-21 13:52:32,894 - torchtitan.distributed.fsdp - INFO - fsdp dense-never: layer 39 experts sharded separately (reshard=True), dense params kept unsharded (reshard=False)
[rank0]:[titan] 2026-09-21 13:52:16,736 - torchtitan.trainer - INFO - Model deepseek_v4 deepseek_v4_flash size: 284,332,230,231 total parameters
[rank0]:[titan] 2026-09-21 13:52:16,740 - torchtitan.distributed.minimal_async_ep.api - INFO - Initializing MinimalAsyncEP buffer: hidden_dim=4096, num_max_tokens_per_rank=98304, top_k=6, num_local_experts=128, ep_size=2, max_routed_tokens=1179648
[rank0]:[titan] 2026-09-21 13:52:31,932 - torchtitan.distributed.activation_checkpoint - INFO - Applied FullAC activation checkpointing to the model
[rank0]:[titan] 2026-09-21 13:52:31,958 - torchtitan.distributed.fsdp - INFO - fsdp dense-never: layer 0 experts sharded separately (reshard=True), dense params kept unsharded (reshard=False)
[rank0]:[titan] 2026-09-21 13:52:32,175 - torchtitan.distributed.fsdp - INFO - fsdp dense-never: layer 1 experts sharded separately (reshard=True), dense params kept unsharded (reshard=False)
[rank0]:[titan] 2026-09-21 13:52:32,191 - torchtitan.distributed.fsdp - INFO - fsdp dense-never: layer 2 experts sharded separately (reshard=True), dense params kept unsharded (reshard=False)
[rank0]:[titan] 2026-09-21 13:52:32,238 - torchtitan.distributed.fsdp - INFO - fsdp dense-never: layer 3 experts sharded separately (reshard=True), dense params kept unsharded (reshard=False)
[rank0]:[titan] 2026-09-21 13:52:32,262 - torchtitan.distributed.fsdp - INFO - fsdp dense-never: layer 4 experts sharded separately (reshard=True), dense params kept unsharded (reshard=False)
[rank0]:[titan] 2026-09-21 13:52:32,285 - torchtitan.distributed.fsdp - INFO - fsdp dense-never: layer 5 experts sharded separately (reshard=True), dense params kept unsharded (reshard=False)
[rank0]:[titan] 2026-09-21 13:52:32,303 - torchtitan.distributed.fsdp - INFO - fsdp dense-never: layer 6 experts sharded separately (reshard=True), dense params kept unsharded (reshard=False)
[rank0]:[titan] 2026-09-21 13:52:32,324 - torchtitan.distributed.fsdp - INFO - fsdp dense-never: layer 7 experts sharded separately (reshard=True), dense params kept unsharded (reshard=False)
[rank0]:[titan] 2026-09-21 13:52:32,342 - torchtitan.distributed.fsdp - INFO - fsdp dense-never: layer 8 experts sharded separately (reshard=True), dense params kept unsharded (reshard=False)
[rank0]:[titan] 2026-09-21 13:52:32,364 - torchtitan.distributed.fsdp - INFO - fsdp dense-never: layer 9 experts sharded separately (reshard=True), dense params kept unsharded (reshard=False)
[rank0]:[titan] 2026-09-21 13:52:32,382 - torchtitan.distributed.fsdp - INFO - fsdp dense-never: layer 10 experts sharded separately (reshard=True), dense params kept unsharded (reshard=False)
[rank0]:[titan] 2026-09-21 13:52:32,403 - torchtitan.distributed.fsdp - INFO - fsdp dense-never: layer 11 experts sharded separately (reshard=True), dense params kept unsharded (reshard=False)
[rank0]:[titan] 2026-09-21 13:52:32,421 - torchtitan.distributed.fsdp - INFO - fsdp dense-never: layer 12 experts sharded separately (reshard=True), dense params kept unsharded (reshard=False)
[rank0]:[titan] 2026-09-21 13:52:32,443 - torchtitan.distributed.fsdp - INFO - fsdp dense-never: layer 13 experts sharded separately (reshard=True), dense params kept unsharded (reshard=False)
[rank0]:[titan] 2026-09-21 13:52:32,461 - torchtitan.distributed.fsdp - INFO - fsdp dense-never: layer 14 experts sharded separately (reshard=True), dense params kept unsharded (reshard=False)
[rank0]:[titan] 2026-09-21 13:52:32,482 - torchtitan.distributed.fsdp - INFO - fsdp dense-never: layer 15 experts sharded separately (reshard=True), dense params kept unsharded (reshard=False)
[rank0]:[titan] 2026-09-21 13:52:32,500 - torchtitan.distributed.fsdp - INFO - fsdp dense-never: layer 16 experts sharded separately (reshard=True), dense params kept unsharded (reshard=False)
[rank0]:[titan] 2026-09-21 13:52:32,521 - torchtitan.distributed.fsdp - INFO - fsdp dense-never: layer 17 experts sharded separately (reshard=True), dense params kept unsharded (reshard=False)
[rank0]:[titan] 2026-09-21 13:52:32,539 - torchtitan.distributed.fsdp - INFO - fsdp dense-never: layer 18 experts sharded separately (reshard=True), dense params kept unsharded (reshard=False)
[rank0]:[titan] 2026-09-21 13:52:32,561 - torchtitan.distributed.fsdp - INFO - fsdp dense-never: layer 19 experts sharded separately (reshard=True), dense params kept unsharded (reshard=False)
[rank0]:[titan] 2026-09-21 13:52:32,579 - torchtitan.distributed.fsdp - INFO - fsdp dense-never: layer 20 experts sharded separately (reshard=True), dense params kept unsharded (reshard=False)
[rank0]:[titan] 2026-09-21 13:52:32,600 - torchtitan.distributed.fsdp - INFO - fsdp dense-never: layer 21 experts sharded separately (reshard=True), dense params kept unsharded (reshard=False)
[rank0]:[titan] 2026-09-21 13:52:32,618 - torchtitan.distributed.fsdp - INFO - fsdp dense-never: layer 22 experts sharded separately (reshard=True), dense params kept unsharded (reshard=False)
[rank0]:[titan] 2026-09-21 13:52:32,639 - torchtitan.distributed.fsdp - INFO - fsdp dense-never: layer 23 experts sharded separately (reshard=True), dense params kept unsharded (reshard=False)
[rank0]:[titan] 2026-09-21 13:52:32,657 - torchtitan.distributed.fsdp - INFO - fsdp dense-never: layer 24 experts sharded separately (reshard=True), dense params kept unsharded (reshard=False)
[rank0]:[titan] 2026-09-21 13:52:32,678 - torchtitan.distributed.fsdp - INFO - fsdp dense-never: layer 25 experts sharded separately (reshard=True), dense params kept unsharded (reshard=False)
[rank0]:[titan] 2026-09-21 13:52:32,696 - torchtitan.distributed.fsdp - INFO - fsdp dense-never: layer 26 experts sharded separately (reshard=True), dense params kept unsharded (reshard=False)
[rank0]:[titan] 2026-09-21 13:52:32,718 - torchtitan.distributed.fsdp - INFO - fsdp dense-never: layer 27 experts sharded separately (reshard=True), dense params kept unsharded (reshard=False)
[rank0]:[titan] 2026-09-21 13:52:32,736 - torchtitan.distributed.fsdp - INFO - fsdp dense-never: layer 28 experts sharded separately (reshard=True), dense params kept unsharded (reshard=False)
[rank0]:[titan] 2026-09-21 13:52:32,757 - torchtitan.distributed.fsdp - INFO - fsdp dense-never: layer 29 experts sharded separately (reshard=True), dense params kept unsharded (reshard=False)
[rank0]:[titan] 2026-09-21 13:52:32,775 - torchtitan.distributed.fsdp - INFO - fsdp dense-never: layer 30 experts sharded separately (reshard=True), dense params kept unsharded (reshard=False)
[rank0]:[titan] 2026-09-21 13:52:32,797 - torchtitan.distributed.fsdp - INFO - fsdp dense-never: layer 31 experts sharded separately (reshard=True), dense params kept unsharded (reshard=False)
[rank0]:[titan] 2026-09-21 13:52:32,815 - torchtitan.distributed.fsdp - INFO - fsdp dense-never: layer 32 experts sharded separately (reshard=True), dense params kept unsharded (reshard=False)
[rank0]:[titan] 2026-09-21 13:52:32,836 - torchtitan.distributed.fsdp - INFO - fsdp dense-never: layer 33 experts sharded separately (reshard=True), dense params kept unsharded (reshard=False)
[rank0]:[titan] 2026-09-21 13:52:32,854 - torchtitan.distributed.fsdp - INFO - fsdp dense-never: layer 34 experts sharded separately (reshard=True), dense params kept unsharded (reshard=False)
[rank0]:[titan] 2026-09-21 13:52:32,875 - torchtitan.distributed.fsdp - INFO - fsdp dense-never: layer 35 experts sharded separately (reshard=True), dense params kept unsharded (reshard=False)
[rank0]:[titan] 2026-09-21 13:52:32,893 - torchtitan.distributed.fsdp - INFO - fsdp dense-never: layer 36 experts sharded separately (reshard=True), dense params kept unsharded (reshard=False)
[rank0]:[titan] 2026-09-21 13:52:32,914 - torchtitan.distributed.fsdp - INFO - fsdp dense-never: layer 37 experts sharded separately (reshard=True), dense params kept unsharded (reshard=False)
[rank0]:[titan] 2026-09-21 13:52:32,932 - torchtitan.distributed.fsdp - INFO - fsdp dense-never: layer 38 experts sharded separately (reshard=True), dense params kept unsharded (reshard=False)
[rank0]:[titan] 2026-09-21 13:52:32,953 - torchtitan.distributed.fsdp - INFO - fsdp dense-never: layer 39 experts sharded separately (reshard=True), dense params kept unsharded (reshard=False)
[rank0]:[titan] 2026-09-21 13:52:18,337 - torchtitan.trainer - INFO - Model deepseek_v4 deepseek_v4_flash size: 284,332,230,231 total parameters
[rank0]:[titan] 2026-09-21 13:52:18,347 - torchtitan.distributed.minimal_async_ep.api - INFO - Initializing MinimalAsyncEP buffer: hidden_dim=4096, num_max_tokens_per_rank=98304, top_k=6, num_local_experts=128, ep_size=2, max_routed_tokens=1179648
[rank0]:[titan] 2026-09-21 13:52:31,803 - torchtitan.distributed.activation_checkpoint - INFO - Applied FullAC activation checkpointing to the model
[rank0]:[titan] 2026-09-21 13:52:31,845 - torchtitan.distributed.fsdp - INFO - fsdp dense-never: layer 0 experts sharded separately (reshard=True), dense params kept unsharded (reshard=False)
[rank0]:[titan] 2026-09-21 13:52:32,084 - torchtitan.distributed.fsdp - INFO - fsdp dense-never: layer 1 experts sharded separately (reshard=True), dense params kept unsharded (reshard=False)
[rank0]:[titan] 2026-09-21 13:52:32,103 - torchtitan.distributed.fsdp - INFO - fsdp dense-never: layer 2 experts sharded separately (reshard=True), dense params kept unsharded (reshard=False)
[rank0]:[titan] 2026-09-21 13:52:32,154 - torchtitan.distributed.fsdp - INFO - fsdp dense-never: layer 3 experts sharded separately (reshard=True), dense params kept unsharded (reshard=False)
[rank0]:[titan] 2026-09-21 13:52:32,181 - torchtitan.distributed.fsdp - INFO - fsdp dense-never: layer 4 experts sharded separately (reshard=True), dense params kept unsharded (reshard=False)
[rank0]:[titan] 2026-09-21 13:52:32,206 - torchtitan.distributed.fsdp - INFO - fsdp dense-never: layer 5 experts sharded separately (reshard=True), dense params kept unsharded (reshard=False)
[rank0]:[titan] 2026-09-21 13:52:32,226 - torchtitan.distributed.fsdp - INFO - fsdp dense-never: layer 6 experts sharded separately (reshard=True), dense params kept unsharded (reshard=False)
[rank0]:[titan] 2026-09-21 13:52:32,251 - torchtitan.distributed.fsdp - INFO - fsdp dense-never: layer 7 experts sharded separately (reshard=True), dense params kept unsharded (reshard=False)
[rank0]:[titan] 2026-09-21 13:52:32,271 - torchtitan.distributed.fsdp - INFO - fsdp dense-never: layer 8 experts sharded separately (reshard=True), dense params kept unsharded (reshard=False)
[rank0]:[titan] 2026-09-21 13:52:32,296 - torchtitan.distributed.fsdp - INFO - fsdp dense-never: layer 9 experts sharded separately (reshard=True), dense params kept unsharded (reshard=False)
[rank0]:[titan] 2026-09-21 13:52:32,316 - torchtitan.distributed.fsdp - INFO - fsdp dense-never: layer 10 experts sharded separately (reshard=True), dense params kept unsharded (reshard=False)
[rank0]:[titan] 2026-09-21 13:52:32,339 - torchtitan.distributed.fsdp - INFO - fsdp dense-never: layer 11 experts sharded separately (reshard=True), dense params kept unsharded (reshard=False)
[rank0]:[titan] 2026-09-21 13:52:32,359 - torchtitan.distributed.fsdp - INFO - fsdp dense-never: layer 12 experts sharded separately (reshard=True), dense params kept unsharded (reshard=False)
[rank0]:[titan] 2026-09-21 13:52:32,383 - torchtitan.distributed.fsdp - INFO - fsdp dense-never: layer 13 experts sharded separately (reshard=True), dense params kept unsharded (reshard=False)
[rank0]:[titan] 2026-09-21 13:52:32,403 - torchtitan.distributed.fsdp - INFO - fsdp dense-never: layer 14 experts sharded separately (reshard=True), dense params kept unsharded (reshard=False)
[rank0]:[titan] 2026-09-21 13:52:32,427 - torchtitan.distributed.fsdp - INFO - fsdp dense-never: layer 15 experts sharded separately (reshard=True), dense params kept unsharded (reshard=False)
[rank0]:[titan] 2026-09-21 13:52:32,447 - torchtitan.distributed.fsdp - INFO - fsdp dense-never: layer 16 experts sharded separately (reshard=True), dense params kept unsharded (reshard=False)
[rank0]:[titan] 2026-09-21 13:52:32,471 - torchtitan.distributed.fsdp - INFO - fsdp dense-never: layer 17 experts sharded separately (reshard=True), dense params kept unsharded (reshard=False)
[rank0]:[titan] 2026-09-21 13:52:32,491 - torchtitan.distributed.fsdp - INFO - fsdp dense-never: layer 18 experts sharded separately (reshard=True), dense params kept unsharded (reshard=False)
[rank0]:[titan] 2026-09-21 13:52:32,514 - torchtitan.distributed.fsdp - INFO - fsdp dense-never: layer 19 experts sharded separately (reshard=True), dense params kept unsharded (reshard=False)
[rank0]:[titan] 2026-09-21 13:52:32,535 - torchtitan.distributed.fsdp - INFO - fsdp dense-never: layer 20 experts sharded separately (reshard=True), dense params kept unsharded (reshard=False)
[rank0]:[titan] 2026-09-21 13:52:32,559 - torchtitan.distributed.fsdp - INFO - fsdp dense-never: layer 21 experts sharded separately (reshard=True), dense params kept unsharded (reshard=False)
[rank0]:[titan] 2026-09-21 13:52:32,578 - torchtitan.distributed.fsdp - INFO - fsdp dense-never: layer 22 experts sharded separately (reshard=True), dense params kept unsharded (reshard=False)
[rank0]:[titan] 2026-09-21 13:52:32,602 - torchtitan.distributed.fsdp - INFO - fsdp dense-never: layer 23 experts sharded separately (reshard=True), dense params kept unsharded (reshard=False)
[rank0]:[titan] 2026-09-21 13:52:32,622 - torchtitan.distributed.fsdp - INFO - fsdp dense-never: layer 24 experts sharded separately (reshard=True), dense params kept unsharded (reshard=False)
[rank0]:[titan] 2026-09-21 13:52:32,645 - torchtitan.distributed.fsdp - INFO - fsdp dense-never: layer 25 experts sharded separately (reshard=True), dense params kept unsharded (reshard=False)
[rank0]:[titan] 2026-09-21 13:52:32,665 - torchtitan.distributed.fsdp - INFO - fsdp dense-never: layer 26 experts sharded separately (reshard=True), dense params kept unsharded (reshard=False)
[rank0]:[titan] 2026-09-21 13:52:32,688 - torchtitan.distributed.fsdp - INFO - fsdp dense-never: layer 27 experts sharded separately (reshard=True), dense params kept unsharded (reshard=False)
[rank0]:[titan] 2026-09-21 13:52:32,708 - torchtitan.distributed.fsdp - INFO - fsdp dense-never: layer 28 experts sharded separately (reshard=True), dense params kept unsharded (reshard=False)
[rank0]:[titan] 2026-09-21 13:52:32,731 - torchtitan.distributed.fsdp - INFO - fsdp dense-never: layer 29 experts sharded separately (reshard=True), dense params kept unsharded (reshard=False)
[rank0]:[titan] 2026-09-21 13:52:32,751 - torchtitan.distributed.fsdp - INFO - fsdp dense-never: layer 30 experts sharded separately (reshard=True), dense params kept unsharded (reshard=False)
[rank0]:[titan] 2026-09-21 13:52:32,775 - torchtitan.distributed.fsdp - INFO - fsdp dense-never: layer 31 experts sharded separately (reshard=True), dense params kept unsharded (reshard=False)
[rank0]:[titan] 2026-09-21 13:52:32,794 - torchtitan.distributed.fsdp - INFO - fsdp dense-never: layer 32 experts sharded separately (reshard=True), dense params kept unsharded (reshard=False)
[rank0]:[titan] 2026-09-21 13:52:32,818 - torchtitan.distributed.fsdp - INFO - fsdp dense-never: layer 33 experts sharded separately (reshard=True), dense params kept unsharded (reshard=False)
[rank0]:[titan] 2026-09-21 13:52:32,837 - torchtitan.distributed.fsdp - INFO - fsdp dense-never: layer 34 experts sharded separately (reshard=True), dense params kept unsharded (reshard=False)
[rank0]:[titan] 2026-09-21 13:52:32,861 - torchtitan.distributed.fsdp - INFO - fsdp dense-never: layer 35 experts sharded separately (reshard=True), dense params kept unsharded (reshard=False)
[rank0]:[titan] 2026-09-21 13:52:32,881 - torchtitan.distributed.fsdp - INFO - fsdp dense-never: layer 36 experts sharded separately (reshard=True), dense params kept unsharded (reshard=False)
[rank0]:[titan] 2026-09-21 13:52:32,904 - torchtitan.distributed.fsdp - INFO - fsdp dense-never: layer 37 experts sharded separately (reshard=True), dense params kept unsharded (reshard=False)
[rank0]:[titan] 2026-09-21 13:52:32,924 - torchtitan.distributed.fsdp - INFO - fsdp dense-never: layer 38 experts sharded separately (reshard=True), dense params kept unsharded (reshard=False)
[rank0]:[titan] 2026-09-21 13:52:32,947 - torchtitan.distributed.fsdp - INFO - fsdp dense-never: layer 39 experts sharded separately (reshard=True), dense params kept unsharded (reshard=False)
[rank0]:[titan] 2026-09-21 13:52:18,333 - torchtitan.trainer - INFO - Model deepseek_v4 deepseek_v4_flash size: 284,332,230,231 total parameters
[rank0]:[titan] 2026-09-21 13:52:18,342 - torchtitan.distributed.minimal_async_ep.api - INFO - Initializing MinimalAsyncEP buffer: hidden_dim=4096, num_max_tokens_per_rank=98304, top_k=6, num_local_experts=128, ep_size=2, max_routed_tokens=1179648
[rank0]:[titan] 2026-09-21 13:52:31,918 - torchtitan.distributed.activation_checkpoint - INFO - Applied FullAC activation checkpointing to the model
[rank0]:[titan] 2026-09-21 13:52:31,962 - torchtitan.distributed.fsdp - INFO - fsdp dense-never: layer 0 experts sharded separately (reshard=True), dense params kept unsharded (reshard=False)
[rank0]:[titan] 2026-09-21 13:52:32,198 - torchtitan.distributed.fsdp - INFO - fsdp dense-never: layer 1 experts sharded separately (reshard=True), dense params kept unsharded (reshard=False)
[rank0]:[titan] 2026-09-21 13:52:32,217 - torchtitan.distributed.fsdp - INFO - fsdp dense-never: layer 2 experts sharded separately (reshard=True), dense params kept unsharded (reshard=False)
[rank0]:[titan] 2026-09-21 13:52:32,269 - torchtitan.distributed.fsdp - INFO - fsdp dense-never: layer 3 experts sharded separately (reshard=True), dense params kept unsharded (reshard=False)
[rank0]:[titan] 2026-09-21 13:52:32,296 - torchtitan.distributed.fsdp - INFO - fsdp dense-never: layer 4 experts sharded separately (reshard=True), dense params kept unsharded (reshard=False)
[rank0]:[titan] 2026-09-21 13:52:32,321 - torchtitan.distributed.fsdp - INFO - fsdp dense-never: layer 5 experts sharded separately (reshard=True), dense params kept unsharded (reshard=False)
[rank0]:[titan] 2026-09-21 13:52:32,341 - torchtitan.distributed.fsdp - INFO - fsdp dense-never: layer 6 experts sharded separately (reshard=True), dense params kept unsharded (reshard=False)
[rank0]:[titan] 2026-09-21 13:52:32,366 - torchtitan.distributed.fsdp - INFO - fsdp dense-never: layer 7 experts sharded separately (reshard=True), dense params kept unsharded (reshard=False)
[rank0]:[titan] 2026-09-21 13:52:32,386 - torchtitan.distributed.fsdp - INFO - fsdp dense-never: layer 8 experts sharded separately (reshard=True), dense params kept unsharded (reshard=False)
[rank0]:[titan] 2026-09-21 13:52:32,410 - torchtitan.distributed.fsdp - INFO - fsdp dense-never: layer 9 experts sharded separately (reshard=True), dense params kept unsharded (reshard=False)
[rank0]:[titan] 2026-09-21 13:52:32,430 - torchtitan.distributed.fsdp - INFO - fsdp dense-never: layer 10 experts sharded separately (reshard=True), dense params kept unsharded (reshard=False)
[rank0]:[titan] 2026-09-21 13:52:32,455 - torchtitan.distributed.fsdp - INFO - fsdp dense-never: layer 11 experts sharded separately (reshard=True), dense params kept unsharded (reshard=False)
[rank0]:[titan] 2026-09-21 13:52:32,475 - torchtitan.distributed.fsdp - INFO - fsdp dense-never: layer 12 experts sharded separately (reshard=True), dense params kept unsharded (reshard=False)
[rank0]:[titan] 2026-09-21 13:52:32,499 - torchtitan.distributed.fsdp - INFO - fsdp dense-never: layer 13 experts sharded separately (reshard=True), dense params kept unsharded (reshard=False)
[rank0]:[titan] 2026-09-21 13:52:32,519 - torchtitan.distributed.fsdp - INFO - fsdp dense-never: layer 14 experts sharded separately (reshard=True), dense params kept unsharded (reshard=False)
[rank0]:[titan] 2026-09-21 13:52:32,543 - torchtitan.distributed.fsdp - INFO - fsdp dense-never: layer 15 experts sharded separately (reshard=True), dense params kept unsharded (reshard=False)
[rank0]:[titan] 2026-09-21 13:52:32,563 - torchtitan.distributed.fsdp - INFO - fsdp dense-never: layer 16 experts sharded separately (reshard=True), dense params kept unsharded (reshard=False)
[rank0]:[titan] 2026-09-21 13:52:32,587 - torchtitan.distributed.fsdp - INFO - fsdp dense-never: layer 17 experts sharded separately (reshard=True), dense params kept unsharded (reshard=False)
[rank0]:[titan] 2026-09-21 13:52:32,606 - torchtitan.distributed.fsdp - INFO - fsdp dense-never: layer 18 experts sharded separately (reshard=True), dense params kept unsharded (reshard=False)
[rank0]:[titan] 2026-09-21 13:52:32,630 - torchtitan.distributed.fsdp - INFO - fsdp dense-never: layer 19 experts sharded separately (reshard=True), dense params kept unsharded (reshard=False)
[rank0]:[titan] 2026-09-21 13:52:32,650 - torchtitan.distributed.fsdp - INFO - fsdp dense-never: layer 20 experts sharded separately (reshard=True), dense params kept unsharded (reshard=False)
[rank0]:[titan] 2026-09-21 13:52:32,673 - torchtitan.distributed.fsdp - INFO - fsdp dense-never: layer 21 experts sharded separately (reshard=True), dense params kept unsharded (reshard=False)
[rank0]:[titan] 2026-09-21 13:52:32,693 - torchtitan.distributed.fsdp - INFO - fsdp dense-never: layer 22 experts sharded separately (reshard=True), dense params kept unsharded (reshard=False)
[rank0]:[titan] 2026-09-21 13:52:32,717 - torchtitan.distributed.fsdp - INFO - fsdp dense-never: layer 23 experts sharded separately (reshard=True), dense params kept unsharded (reshard=False)
[rank0]:[titan] 2026-09-21 13:52:32,737 - torchtitan.distributed.fsdp - INFO - fsdp dense-never: layer 24 experts sharded separately (reshard=True), dense params kept unsharded (reshard=False)
[rank0]:[titan] 2026-09-21 13:52:32,761 - torchtitan.distributed.fsdp - INFO - fsdp dense-never: layer 25 experts sharded separately (reshard=True), dense params kept unsharded (reshard=False)
[rank0]:[titan] 2026-09-21 13:52:32,781 - torchtitan.distributed.fsdp - INFO - fsdp dense-never: layer 26 experts sharded separately (reshard=True), dense params kept unsharded (reshard=False)
[rank0]:[titan] 2026-09-21 13:52:32,805 - torchtitan.distributed.fsdp - INFO - fsdp dense-never: layer 27 experts sharded separately (reshard=True), dense params kept unsharded (reshard=False)
[rank0]:[titan] 2026-09-21 13:52:32,824 - torchtitan.distributed.fsdp - INFO - fsdp dense-never: layer 28 experts sharded separately (reshard=True), dense params kept unsharded (reshard=False)
[rank0]:[titan] 2026-09-21 13:52:32,848 - torchtitan.distributed.fsdp - INFO - fsdp dense-never: layer 29 experts sharded separately (reshard=True), dense params kept unsharded (reshard=False)
[rank0]:[titan] 2026-09-21 13:52:32,868 - torchtitan.distributed.fsdp - INFO - fsdp dense-never: layer 30 experts sharded separately (reshard=True), dense params kept unsharded (reshard=False)
[rank0]:[titan] 2026-09-21 13:52:32,891 - torchtitan.distributed.fsdp - INFO - fsdp dense-never: layer 31 experts sharded separately (reshard=True), dense params kept unsharded (reshard=False)
[rank0]:[titan] 2026-09-21 13:52:32,911 - torchtitan.distributed.fsdp - INFO - fsdp dense-never: layer 32 experts sharded separately (reshard=True), dense params kept unsharded (reshard=False)
[rank0]:[titan] 2026-09-21 13:52:32,934 - torchtitan.distributed.fsdp - INFO - fsdp dense-never: layer 33 experts sharded separately (reshard=True), dense params kept unsharded (reshard=False)
[rank0]:[titan] 2026-09-21 13:52:32,954 - torchtitan.distributed.fsdp - INFO - fsdp dense-never: layer 34 experts sharded separately (reshard=True), dense params kept unsharded (reshard=False)
[rank0]:[titan] 2026-09-21 13:52:32,977 - torchtitan.distributed.fsdp - INFO - fsdp dense-never: layer 35 experts sharded separately (reshard=True), dense params kept unsharded (reshard=False)
[rank0]:[titan] 2026-09-21 13:52:32,997 - torchtitan.distributed.fsdp - INFO - fsdp dense-never: layer 36 experts sharded separately (reshard=True), dense params kept unsharded (reshard=False)
[rank0]:[titan] 2026-09-21 13:52:33,020 - torchtitan.distributed.fsdp - INFO - fsdp dense-never: layer 37 experts sharded separately (reshard=True), dense params kept unsharded (reshard=False)
[rank0]:[titan] 2026-09-21 13:52:33,040 - torchtitan.distributed.fsdp - INFO - fsdp dense-never: layer 38 experts sharded separately (reshard=True), dense params kept unsharded (reshard=False)
[rank0]:[titan] 2026-09-21 13:52:33,063 - torchtitan.distributed.fsdp - INFO - fsdp dense-never: layer 39 experts sharded separately (reshard=True), dense params kept unsharded (reshard=False)
[rank0]:[titan] 2026-09-21 13:52:18,355 - torchtitan.trainer - INFO - Model deepseek_v4 deepseek_v4_flash size: 284,332,230,231 total parameters
[rank0]:[titan] 2026-09-21 13:52:18,360 - torchtitan.distributed.minimal_async_ep.api - INFO - Initializing MinimalAsyncEP buffer: hidden_dim=4096, num_max_tokens_per_rank=98304, top_k=6, num_local_experts=128, ep_size=2, max_routed_tokens=1179648
[rank0]:[titan] 2026-09-21 13:52:31,958 - torchtitan.distributed.activation_checkpoint - INFO - Applied FullAC activation checkpointing to the model
[rank0]:[titan] 2026-09-21 13:52:31,991 - torchtitan.distributed.fsdp - INFO - fsdp dense-never: layer 0 experts sharded separately (reshard=True), dense params kept unsharded (reshard=False)
[rank0]:[titan] 2026-09-21 13:52:32,226 - torchtitan.distributed.fsdp - INFO - fsdp dense-never: layer 1 experts sharded separately (reshard=True), dense params kept unsharded (reshard=False)
[rank0]:[titan] 2026-09-21 13:52:32,245 - torchtitan.distributed.fsdp - INFO - fsdp dense-never: layer 2 experts sharded separately (reshard=True), dense params kept unsharded (reshard=False)
[rank0]:[titan] 2026-09-21 13:52:32,298 - torchtitan.distributed.fsdp - INFO - fsdp dense-never: layer 3 experts sharded separately (reshard=True), dense params kept unsharded (reshard=False)
[rank0]:[titan] 2026-09-21 13:52:32,325 - torchtitan.distributed.fsdp - INFO - fsdp dense-never: layer 4 experts sharded separately (reshard=True), dense params kept unsharded (reshard=False)
[rank0]:[titan] 2026-09-21 13:52:32,350 - torchtitan.distributed.fsdp - INFO - fsdp dense-never: layer 5 experts sharded separately (reshard=True), dense params kept unsharded (reshard=False)
[rank0]:[titan] 2026-09-21 13:52:32,371 - torchtitan.distributed.fsdp - INFO - fsdp dense-never: layer 6 experts sharded separately (reshard=True), dense params kept unsharded (reshard=False)
[rank0]:[titan] 2026-09-21 13:52:32,395 - torchtitan.distributed.fsdp - INFO - fsdp dense-never: layer 7 experts sharded separately (reshard=True), dense params kept unsharded (reshard=False)
[rank0]:[titan] 2026-09-21 13:52:32,416 - torchtitan.distributed.fsdp - INFO - fsdp dense-never: layer 8 experts sharded separately (reshard=True), dense params kept unsharded (reshard=False)
[rank0]:[titan] 2026-09-21 13:52:32,440 - torchtitan.distributed.fsdp - INFO - fsdp dense-never: layer 9 experts sharded separately (reshard=True), dense params kept unsharded (reshard=False)
[rank0]:[titan] 2026-09-21 13:52:32,461 - torchtitan.distributed.fsdp - INFO - fsdp dense-never: layer 10 experts sharded separately (reshard=True), dense params kept unsharded (reshard=False)
[rank0]:[titan] 2026-09-21 13:52:32,485 - torchtitan.distributed.fsdp - INFO - fsdp dense-never: layer 11 experts sharded separately (reshard=True), dense params kept unsharded (reshard=False)
[rank0]:[titan] 2026-09-21 13:52:32,506 - torchtitan.distributed.fsdp - INFO - fsdp dense-never: layer 12 experts sharded separately (reshard=True), dense params kept unsharded (reshard=False)
[rank0]:[titan] 2026-09-21 13:52:32,530 - torchtitan.distributed.fsdp - INFO - fsdp dense-never: layer 13 experts sharded separately (reshard=True), dense params kept unsharded (reshard=False)
[rank0]:[titan] 2026-09-21 13:52:32,551 - torchtitan.distributed.fsdp - INFO - fsdp dense-never: layer 14 experts sharded separately (reshard=True), dense params kept unsharded (reshard=False)
[rank0]:[titan] 2026-09-21 13:52:32,576 - torchtitan.distributed.fsdp - INFO - fsdp dense-never: layer 15 experts sharded separately (reshard=True), dense params kept unsharded (reshard=False)
[rank0]:[titan] 2026-09-21 13:52:32,596 - torchtitan.distributed.fsdp - INFO - fsdp dense-never: layer 16 experts sharded separately (reshard=True), dense params kept unsharded (reshard=False)
[rank0]:[titan] 2026-09-21 13:52:32,621 - torchtitan.distributed.fsdp - INFO - fsdp dense-never: layer 17 experts sharded separately (reshard=True), dense params kept unsharded (reshard=False)
[rank0]:[titan] 2026-09-21 13:52:32,642 - torchtitan.distributed.fsdp - INFO - fsdp dense-never: layer 18 experts sharded separately (reshard=True), dense params kept unsharded (reshard=False)
[rank0]:[titan] 2026-09-21 13:52:32,667 - torchtitan.distributed.fsdp - INFO - fsdp dense-never: layer 19 experts sharded separately (reshard=True), dense params kept unsharded (reshard=False)
[rank0]:[titan] 2026-09-21 13:52:32,688 - torchtitan.distributed.fsdp - INFO - fsdp dense-never: layer 20 experts sharded separately (reshard=True), dense params kept unsharded (reshard=False)
[rank0]:[titan] 2026-09-21 13:52:32,713 - torchtitan.distributed.fsdp - INFO - fsdp dense-never: layer 21 experts sharded separately (reshard=True), dense params kept unsharded (reshard=False)
[rank0]:[titan] 2026-09-21 13:52:32,734 - torchtitan.distributed.fsdp - INFO - fsdp dense-never: layer 22 experts sharded separately (reshard=True), dense params kept unsharded (reshard=False)
[rank0]:[titan] 2026-09-21 13:52:32,758 - torchtitan.distributed.fsdp - INFO - fsdp dense-never: layer 23 experts sharded separately (reshard=True), dense params kept unsharded (reshard=False)
[rank0]:[titan] 2026-09-21 13:52:32,779 - torchtitan.distributed.fsdp - INFO - fsdp dense-never: layer 24 experts sharded separately (reshard=True), dense params kept unsharded (reshard=False)
[rank0]:[titan] 2026-09-21 13:52:32,804 - torchtitan.distributed.fsdp - INFO - fsdp dense-never: layer 25 experts sharded separately (reshard=True), dense params kept unsharded (reshard=False)
[rank0]:[titan] 2026-09-21 13:52:32,825 - torchtitan.distributed.fsdp - INFO - fsdp dense-never: layer 26 experts sharded separately (reshard=True), dense params kept unsharded (reshard=False)
[rank0]:[titan] 2026-09-21 13:52:32,850 - torchtitan.distributed.fsdp - INFO - fsdp dense-never: layer 27 experts sharded separately (reshard=True), dense params kept unsharded (reshard=False)
[rank0]:[titan] 2026-09-21 13:52:32,870 - torchtitan.distributed.fsdp - INFO - fsdp dense-never: layer 28 experts sharded separately (reshard=True), dense params kept unsharded (reshard=False)
[rank0]:[titan] 2026-09-21 13:52:32,895 - torchtitan.distributed.fsdp - INFO - fsdp dense-never: layer 29 experts sharded separately (reshard=True), dense params kept unsharded (reshard=False)
[rank0]:[titan] 2026-09-21 13:52:32,916 - torchtitan.distributed.fsdp - INFO - fsdp dense-never: layer 30 experts sharded separately (reshard=True), dense params kept unsharded (reshard=False)
[rank0]:[titan] 2026-09-21 13:52:32,941 - torchtitan.distributed.fsdp - INFO - fsdp dense-never: layer 31 experts sharded separately (reshard=True), dense params kept unsharded (reshard=False)
[rank0]:[titan] 2026-09-21 13:52:32,962 - torchtitan.distributed.fsdp - INFO - fsdp dense-never: layer 32 experts sharded separately (reshard=True), dense params kept unsharded (reshard=False)
[rank0]:[titan] 2026-09-21 13:52:32,986 - torchtitan.distributed.fsdp - INFO - fsdp dense-never: layer 33 experts sharded separately (reshard=True), dense params kept unsharded (reshard=False)
[rank0]:[titan] 2026-09-21 13:52:33,007 - torchtitan.distributed.fsdp - INFO - fsdp dense-never: layer 34 experts sharded separately (reshard=True), dense params kept unsharded (reshard=False)
[rank0]:[titan] 2026-09-21 13:52:33,032 - torchtitan.distributed.fsdp - INFO - fsdp dense-never: layer 35 experts sharded separately (reshard=True), dense params kept unsharded (reshard=False)
[rank0]:[titan] 2026-09-21 13:52:33,052 - torchtitan.distributed.fsdp - INFO - fsdp dense-never: layer 36 experts sharded separately (reshard=True), dense params kept unsharded (reshard=False)
[rank0]:[titan] 2026-09-21 13:52:33,077 - torchtitan.distributed.fsdp - INFO - fsdp dense-never: layer 37 experts sharded separately (reshard=True), dense params kept unsharded (reshard=False)
[rank0]:[titan] 2026-09-21 13:52:33,097 - torchtitan.distributed.fsdp - INFO - fsdp dense-never: layer 38 experts sharded separately (reshard=True), dense params kept unsharded (reshard=False)
[rank0]:[titan] 2026-09-21 13:52:33,122 - torchtitan.distributed.fsdp - INFO - fsdp dense-never: layer 39 experts sharded separately (reshard=True), dense params kept unsharded (reshard=False)
[rank0]:[titan] 2026-09-21 13:52:18,344 - torchtitan.trainer - INFO - Model deepseek_v4 deepseek_v4_flash size: 284,332,230,231 total parameters
[rank0]:[titan] 2026-09-21 13:52:18,353 - torchtitan.distributed.minimal_async_ep.api - INFO - Initializing MinimalAsyncEP buffer: hidden_dim=4096, num_max_tokens_per_rank=98304, top_k=6, num_local_experts=128, ep_size=2, max_routed_tokens=1179648
[rank0]:[titan] 2026-09-21 13:52:32,355 - torchtitan.distributed.activation_checkpoint - INFO - Applied FullAC activation checkpointing to the model
[rank0]:[titan] 2026-09-21 13:52:32,397 - torchtitan.distributed.fsdp - INFO - fsdp dense-never: layer 0 experts sharded separately (reshard=True), dense params kept unsharded (reshard=False)
[rank0]:[titan] 2026-09-21 13:52:32,642 - torchtitan.distributed.fsdp - INFO - fsdp dense-never: layer 1 experts sharded separately (reshard=True), dense params kept unsharded (reshard=False)
[rank0]:[titan] 2026-09-21 13:52:32,663 - torchtitan.distributed.fsdp - INFO - fsdp dense-never: layer 2 experts sharded separately (reshard=True), dense params kept unsharded (reshard=False)
[rank0]:[titan] 2026-09-21 13:52:32,720 - torchtitan.distributed.fsdp - INFO - fsdp dense-never: layer 3 experts sharded separately (reshard=True), dense params kept unsharded (reshard=False)
[rank0]:[titan] 2026-09-21 13:52:32,750 - torchtitan.distributed.fsdp - INFO - fsdp dense-never: layer 4 experts sharded separately (reshard=True), dense params kept unsharded (reshard=False)
[rank0]:[titan] 2026-09-21 13:52:32,777 - torchtitan.distributed.fsdp - INFO - fsdp dense-never: layer 5 experts sharded separately (reshard=True), dense params kept unsharded (reshard=False)
[rank0]:[titan] 2026-09-21 13:52:32,800 - torchtitan.distributed.fsdp - INFO - fsdp dense-never: layer 6 experts sharded separately (reshard=True), dense params kept unsharded (reshard=False)
[rank0]:[titan] 2026-09-21 13:52:32,827 - torchtitan.distributed.fsdp - INFO - fsdp dense-never: layer 7 experts sharded separately (reshard=True), dense params kept unsharded (reshard=False)
[rank0]:[titan] 2026-09-21 13:52:32,849 - torchtitan.distributed.fsdp - INFO - fsdp dense-never: layer 8 experts sharded separately (reshard=True), dense params kept unsharded (reshard=False)
[rank0]:[titan] 2026-09-21 13:52:32,875 - torchtitan.distributed.fsdp - INFO - fsdp dense-never: layer 9 experts sharded separately (reshard=True), dense params kept unsharded (reshard=False)
[rank0]:[titan] 2026-09-21 13:52:32,898 - torchtitan.distributed.fsdp - INFO - fsdp dense-never: layer 10 experts sharded separately (reshard=True), dense params kept unsharded (reshard=False)
[rank0]:[titan] 2026-09-21 13:52:32,924 - torchtitan.distributed.fsdp - INFO - fsdp dense-never: layer 11 experts sharded separately (reshard=True), dense params kept unsharded (reshard=False)
[rank0]:[titan] 2026-09-21 13:52:32,946 - torchtitan.distributed.fsdp - INFO - fsdp dense-never: layer 12 experts sharded separately (reshard=True), dense params kept unsharded (reshard=False)
[rank0]:[titan] 2026-09-21 13:52:32,972 - torchtitan.distributed.fsdp - INFO - fsdp dense-never: layer 13 experts sharded separately (reshard=True), dense params kept unsharded (reshard=False)
[rank0]:[titan] 2026-09-21 13:52:32,994 - torchtitan.distributed.fsdp - INFO - fsdp dense-never: layer 14 experts sharded separately (reshard=True), dense params kept unsharded (reshard=False)
[rank0]:[titan] 2026-09-21 13:52:33,020 - torchtitan.distributed.fsdp - INFO - fsdp dense-never: layer 15 experts sharded separately (reshard=True), dense params kept unsharded (reshard=False)
[rank0]:[titan] 2026-09-21 13:52:33,042 - torchtitan.distributed.fsdp - INFO - fsdp dense-never: layer 16 experts sharded separately (reshard=True), dense params kept unsharded (reshard=False)
[rank0]:[titan] 2026-09-21 13:52:33,068 - torchtitan.distributed.fsdp - INFO - fsdp dense-never: layer 17 experts sharded separately (reshard=True), dense params kept unsharded (reshard=False)
[rank0]:[titan] 2026-09-21 13:52:33,090 - torchtitan.distributed.fsdp - INFO - fsdp dense-never: layer 18 experts sharded separately (reshard=True), dense params kept unsharded (reshard=False)
[rank0]:[titan] 2026-09-21 13:52:33,117 - torchtitan.distributed.fsdp - INFO - fsdp dense-never: layer 19 experts sharded separately (reshard=True), dense params kept unsharded (reshard=False)
[rank0]:[titan] 2026-09-21 13:52:33,139 - torchtitan.distributed.fsdp - INFO - fsdp dense-never: layer 20 experts sharded separately (reshard=True), dense params kept unsharded (reshard=False)
[rank0]:[titan] 2026-09-21 13:52:33,166 - torchtitan.distributed.fsdp - INFO - fsdp dense-never: layer 21 experts sharded separately (reshard=True), dense params kept unsharded (reshard=False)
[rank0]:[titan] 2026-09-21 13:52:33,188 - torchtitan.distributed.fsdp - INFO - fsdp dense-never: layer 22 experts sharded separately (reshard=True), dense params kept unsharded (reshard=False)
[rank0]:[titan] 2026-09-21 13:52:33,214 - torchtitan.distributed.fsdp - INFO - fsdp dense-never: layer 23 experts sharded separately (reshard=True), dense params kept unsharded (reshard=False)
[rank0]:[titan] 2026-09-21 13:52:33,237 - torchtitan.distributed.fsdp - INFO - fsdp dense-never: layer 24 experts sharded separately (reshard=True), dense params kept unsharded (reshard=False)
[rank0]:[titan] 2026-09-21 13:52:33,263 - torchtitan.distributed.fsdp - INFO - fsdp dense-never: layer 25 experts sharded separately (reshard=True), dense params kept unsharded (reshard=False)
[rank0]:[titan] 2026-09-21 13:52:33,285 - torchtitan.distributed.fsdp - INFO - fsdp dense-never: layer 26 experts sharded separately (reshard=True), dense params kept unsharded (reshard=False)
[rank0]:[titan] 2026-09-21 13:52:33,312 - torchtitan.distributed.fsdp - INFO - fsdp dense-never: layer 27 experts sharded separately (reshard=True), dense params kept unsharded (reshard=False)
[rank0]:[titan] 2026-09-21 13:52:33,334 - torchtitan.distributed.fsdp - INFO - fsdp dense-never: layer 28 experts sharded separately (reshard=True), dense params kept unsharded (reshard=False)
[rank0]:[titan] 2026-09-21 13:52:33,360 - torchtitan.distributed.fsdp - INFO - fsdp dense-never: layer 29 experts sharded separately (reshard=True), dense params kept unsharded (reshard=False)
[rank0]:[titan] 2026-09-21 13:52:33,382 - torchtitan.distributed.fsdp - INFO - fsdp dense-never: layer 30 experts sharded separately (reshard=True), dense params kept unsharded (reshard=False)
[rank0]:[titan] 2026-09-21 13:52:33,409 - torchtitan.distributed.fsdp - INFO - fsdp dense-never: layer 31 experts sharded separately (reshard=True), dense params kept unsharded (reshard=False)
[rank0]:[titan] 2026-09-21 13:52:33,431 - torchtitan.distributed.fsdp - INFO - fsdp dense-never: layer 32 experts sharded separately (reshard=True), dense params kept unsharded (reshard=False)
[rank0]:[titan] 2026-09-21 13:52:33,457 - torchtitan.distributed.fsdp - INFO - fsdp dense-never: layer 33 experts sharded separately (reshard=True), dense params kept unsharded (reshard=False)
[rank0]:[titan] 2026-09-21 13:52:33,479 - torchtitan.distributed.fsdp - INFO - fsdp dense-never: layer 34 experts sharded separately (reshard=True), dense params kept unsharded (reshard=False)
[rank0]:[titan] 2026-09-21 13:52:33,506 - torchtitan.distributed.fsdp - INFO - fsdp dense-never: layer 35 experts sharded separately (reshard=True), dense params kept unsharded (reshard=False)
[rank0]:[titan] 2026-09-21 13:52:33,528 - torchtitan.distributed.fsdp - INFO - fsdp dense-never: layer 36 experts sharded separately (reshard=True), dense params kept unsharded (reshard=False)
[rank0]:[titan] 2026-09-21 13:52:33,554 - torchtitan.distributed.fsdp - INFO - fsdp dense-never: layer 37 experts sharded separately (reshard=True), dense params kept unsharded (reshard=False)
[rank0]:[titan] 2026-09-21 13:52:33,576 - torchtitan.distributed.fsdp - INFO - fsdp dense-never: layer 38 experts sharded separately (reshard=True), dense params kept unsharded (reshard=False)
[rank0]:[titan] 2026-09-21 13:52:33,601 - torchtitan.distributed.fsdp - INFO - fsdp dense-never: layer 39 experts sharded separately (reshard=True), dense params kept unsharded (reshard=False)
[rank0]:[titan] 2026-09-21 13:52:18,356 - torchtitan.trainer - INFO - Model deepseek_v4 deepseek_v4_flash size: 284,332,230,231 total parameters
[rank0]:[titan] 2026-09-21 13:52:18,366 - torchtitan.distributed.minimal_async_ep.api - INFO - Initializing MinimalAsyncEP buffer: hidden_dim=4096, num_max_tokens_per_rank=98304, top_k=6, num_local_experts=128, ep_size=2, max_routed_tokens=1179648
[rank0]:[titan] 2026-09-21 13:52:32,464 - torchtitan.distributed.activation_checkpoint - INFO - Applied FullAC activation checkpointing to the model
[rank0]:[titan] 2026-09-21 13:52:32,507 - torchtitan.distributed.fsdp - INFO - fsdp dense-never: layer 0 experts sharded separately (reshard=True), dense params kept unsharded (reshard=False)
[rank0]:[titan] 2026-09-21 13:52:32,750 - torchtitan.distributed.fsdp - INFO - fsdp dense-never: layer 1 experts sharded separately (reshard=True), dense params kept unsharded (reshard=False)
[rank0]:[titan] 2026-09-21 13:52:32,769 - torchtitan.distributed.fsdp - INFO - fsdp dense-never: layer 2 experts sharded separately (reshard=True), dense params kept unsharded (reshard=False)
[rank0]:[titan] 2026-09-21 13:52:32,823 - torchtitan.distributed.fsdp - INFO - fsdp dense-never: layer 3 experts sharded separately (reshard=True), dense params kept unsharded (reshard=False)
[rank0]:[titan] 2026-09-21 13:52:32,852 - torchtitan.distributed.fsdp - INFO - fsdp dense-never: layer 4 experts sharded separately (reshard=True), dense params kept unsharded (reshard=False)
[rank0]:[titan] 2026-09-21 13:52:32,878 - torchtitan.distributed.fsdp - INFO - fsdp dense-never: layer 5 experts sharded separately (reshard=True), dense params kept unsharded (reshard=False)
[rank0]:[titan] 2026-09-21 13:52:32,899 - torchtitan.distributed.fsdp - INFO - fsdp dense-never: layer 6 experts sharded separately (reshard=True), dense params kept unsharded (reshard=False)
[rank0]:[titan] 2026-09-21 13:52:32,924 - torchtitan.distributed.fsdp - INFO - fsdp dense-never: layer 7 experts sharded separately (reshard=True), dense params kept unsharded (reshard=False)
[rank0]:[titan] 2026-09-21 13:52:32,946 - torchtitan.distributed.fsdp - INFO - fsdp dense-never: layer 8 experts sharded separately (reshard=True), dense params kept unsharded (reshard=False)
[rank0]:[titan] 2026-09-21 13:52:32,972 - torchtitan.distributed.fsdp - INFO - fsdp dense-never: layer 9 experts sharded separately (reshard=True), dense params kept unsharded (reshard=False)
[rank0]:[titan] 2026-09-21 13:52:32,993 - torchtitan.distributed.fsdp - INFO - fsdp dense-never: layer 10 experts sharded separately (reshard=True), dense params kept unsharded (reshard=False)
[rank0]:[titan] 2026-09-21 13:52:33,018 - torchtitan.distributed.fsdp - INFO - fsdp dense-never: layer 11 experts sharded separately (reshard=True), dense params kept unsharded (reshard=False)
[rank0]:[titan] 2026-09-21 13:52:33,040 - torchtitan.distributed.fsdp - INFO - fsdp dense-never: layer 12 experts sharded separately (reshard=True), dense params kept unsharded (reshard=False)
[rank0]:[titan] 2026-09-21 13:52:33,065 - torchtitan.distributed.fsdp - INFO - fsdp dense-never: layer 13 experts sharded separately (reshard=True), dense params kept unsharded (reshard=False)
[rank0]:[titan] 2026-09-21 13:52:33,086 - torchtitan.distributed.fsdp - INFO - fsdp dense-never: layer 14 experts sharded separately (reshard=True), dense params kept unsharded (reshard=False)
[rank0]:[titan] 2026-09-21 13:52:33,111 - torchtitan.distributed.fsdp - INFO - fsdp dense-never: layer 15 experts sharded separately (reshard=True), dense params kept unsharded (reshard=False)
[rank0]:[titan] 2026-09-21 13:52:33,131 - torchtitan.distributed.fsdp - INFO - fsdp dense-never: layer 16 experts sharded separately (reshard=True), dense params kept unsharded (reshard=False)
[rank0]:[titan] 2026-09-21 13:52:33,155 - torchtitan.distributed.fsdp - INFO - fsdp dense-never: layer 17 experts sharded separately (reshard=True), dense params kept unsharded (reshard=False)
[rank0]:[titan] 2026-09-21 13:52:33,176 - torchtitan.distributed.fsdp - INFO - fsdp dense-never: layer 18 experts sharded separately (reshard=True), dense params kept unsharded (reshard=False)
[rank0]:[titan] 2026-09-21 13:52:33,200 - torchtitan.distributed.fsdp - INFO - fsdp dense-never: layer 19 experts sharded separately (reshard=True), dense params kept unsharded (reshard=False)
[rank0]:[titan] 2026-09-21 13:52:33,221 - torchtitan.distributed.fsdp - INFO - fsdp dense-never: layer 20 experts sharded separately (reshard=True), dense params kept unsharded (reshard=False)
[rank0]:[titan] 2026-09-21 13:52:33,245 - torchtitan.distributed.fsdp - INFO - fsdp dense-never: layer 21 experts sharded separately (reshard=True), dense params kept unsharded (reshard=False)
[rank0]:[titan] 2026-09-21 13:52:33,266 - torchtitan.distributed.fsdp - INFO - fsdp dense-never: layer 22 experts sharded separately (reshard=True), dense params kept unsharded (reshard=False)
[rank0]:[titan] 2026-09-21 13:52:33,290 - torchtitan.distributed.fsdp - INFO - fsdp dense-never: layer 23 experts sharded separately (reshard=True), dense params kept unsharded (reshard=False)
[rank0]:[titan] 2026-09-21 13:52:33,311 - torchtitan.distributed.fsdp - INFO - fsdp dense-never: layer 24 experts sharded separately (reshard=True), dense params kept unsharded (reshard=False)
[rank0]:[titan] 2026-09-21 13:52:33,336 - torchtitan.distributed.fsdp - INFO - fsdp dense-never: layer 25 experts sharded separately (reshard=True), dense params kept unsharded (reshard=False)
[rank0]:[titan] 2026-09-21 13:52:33,356 - torchtitan.distributed.fsdp - INFO - fsdp dense-never: layer 26 experts sharded separately (reshard=True), dense params kept unsharded (reshard=False)
[rank0]:[titan] 2026-09-21 13:52:33,380 - torchtitan.distributed.fsdp - INFO - fsdp dense-never: layer 27 experts sharded separately (reshard=True), dense params kept unsharded (reshard=False)
[rank0]:[titan] 2026-09-21 13:52:33,400 - torchtitan.distributed.fsdp - INFO - fsdp dense-never: layer 28 experts sharded separately (reshard=True), dense params kept unsharded (reshard=False)
[rank0]:[titan] 2026-09-21 13:52:33,425 - torchtitan.distributed.fsdp - INFO - fsdp dense-never: layer 29 experts sharded separately (reshard=True), dense params kept unsharded (reshard=False)
[rank0]:[titan] 2026-09-21 13:52:33,445 - torchtitan.distributed.fsdp - INFO - fsdp dense-never: layer 30 experts sharded separately (reshard=True), dense params kept unsharded (reshard=False)
[rank0]:[titan] 2026-09-21 13:52:33,469 - torchtitan.distributed.fsdp - INFO - fsdp dense-never: layer 31 experts sharded separately (reshard=True), dense params kept unsharded (reshard=False)
[rank0]:[titan] 2026-09-21 13:52:33,489 - torchtitan.distributed.fsdp - INFO - fsdp dense-never: layer 32 experts sharded separately (reshard=True), dense params kept unsharded (reshard=False)
[rank0]:[titan] 2026-09-21 13:52:33,513 - torchtitan.distributed.fsdp - INFO - fsdp dense-never: layer 33 experts sharded separately (reshard=True), dense params kept unsharded (reshard=False)
[rank0]:[titan] 2026-09-21 13:52:33,533 - torchtitan.distributed.fsdp - INFO - fsdp dense-never: layer 34 experts sharded separately (reshard=True), dense params kept unsharded (reshard=False)
[rank0]:[titan] 2026-09-21 13:52:33,557 - torchtitan.distributed.fsdp - INFO - fsdp dense-never: layer 35 experts sharded separately (reshard=True), dense params kept unsharded (reshard=False)
[rank0]:[titan] 2026-09-21 13:52:33,577 - torchtitan.distributed.fsdp - INFO - fsdp dense-never: layer 36 experts sharded separately (reshard=True), dense params kept unsharded (reshard=False)
[rank0]:[titan] 2026-09-21 13:52:33,601 - torchtitan.distributed.fsdp - INFO - fsdp dense-never: layer 37 experts sharded separately (reshard=True), dense params kept unsharded (reshard=False)
[rank0]:[titan] 2026-09-21 13:52:33,621 - torchtitan.distributed.fsdp - INFO - fsdp dense-never: layer 38 experts sharded separately (reshard=True), dense params kept unsharded (reshard=False)
[rank0]:[titan] 2026-09-21 13:52:33,644 - torchtitan.distributed.fsdp - INFO - fsdp dense-never: layer 39 experts sharded separately (reshard=True), dense params kept unsharded (reshard=False)
[rank0]:[titan] 2026-09-21 13:52:16,728 - torchtitan.trainer - INFO - Model deepseek_v4 deepseek_v4_flash size: 284,332,230,231 total parameters
[rank0]:[titan] 2026-09-21 13:52:16,732 - torchtitan.distributed.minimal_async_ep.api - INFO - Initializing MinimalAsyncEP buffer: hidden_dim=4096, num_max_tokens_per_rank=98304, top_k=6, num_local_experts=128, ep_size=2, max_routed_tokens=1179648
[rank0]:[titan] 2026-09-21 13:52:32,655 - torchtitan.distributed.activation_checkpoint - INFO - Applied FullAC activation checkpointing to the model
[rank0]:[titan] 2026-09-21 13:52:32,681 - torchtitan.distributed.fsdp - INFO - fsdp dense-never: layer 0 experts sharded separately (reshard=True), dense params kept unsharded (reshard=False)
[rank0]:[titan] 2026-09-21 13:52:32,901 - torchtitan.distributed.fsdp - INFO - fsdp dense-never: layer 1 experts sharded separately (reshard=True), dense params kept unsharded (reshard=False)
[rank0]:[titan] 2026-09-21 13:52:32,918 - torchtitan.distributed.fsdp - INFO - fsdp dense-never: layer 2 experts sharded separately (reshard=True), dense params kept unsharded (reshard=False)
[rank0]:[titan] 2026-09-21 13:52:32,964 - torchtitan.distributed.fsdp - INFO - fsdp dense-never: layer 3 experts sharded separately (reshard=True), dense params kept unsharded (reshard=False)
[rank0]:[titan] 2026-09-21 13:52:32,987 - torchtitan.distributed.fsdp - INFO - fsdp dense-never: layer 4 experts sharded separately (reshard=True), dense params kept unsharded (reshard=False)
[rank0]:[titan] 2026-09-21 13:52:33,009 - torchtitan.distributed.fsdp - INFO - fsdp dense-never: layer 5 experts sharded separately (reshard=True), dense params kept unsharded (reshard=False)
[rank0]:[titan] 2026-09-21 13:52:33,026 - torchtitan.distributed.fsdp - INFO - fsdp dense-never: layer 6 experts sharded separately (reshard=True), dense params kept unsharded (reshard=False)
[rank0]:[titan] 2026-09-21 13:52:33,048 - torchtitan.distributed.fsdp - INFO - fsdp dense-never: layer 7 experts sharded separately (reshard=True), dense params kept unsharded (reshard=False)
[rank0]:[titan] 2026-09-21 13:52:33,065 - torchtitan.distributed.fsdp - INFO - fsdp dense-never: layer 8 experts sharded separately (reshard=True), dense params kept unsharded (reshard=False)
[rank0]:[titan] 2026-09-21 13:52:33,086 - torchtitan.distributed.fsdp - INFO - fsdp dense-never: layer 9 experts sharded separately (reshard=True), dense params kept unsharded (reshard=False)
[rank0]:[titan] 2026-09-21 13:52:33,103 - torchtitan.distributed.fsdp - INFO - fsdp dense-never: layer 10 experts sharded separately (reshard=True), dense params kept unsharded (reshard=False)
[rank0]:[titan] 2026-09-21 13:52:33,124 - torchtitan.distributed.fsdp - INFO - fsdp dense-never: layer 11 experts sharded separately (reshard=True), dense params kept unsharded (reshard=False)
[rank0]:[titan] 2026-09-21 13:52:33,142 - torchtitan.distributed.fsdp - INFO - fsdp dense-never: layer 12 experts sharded separately (reshard=True), dense params kept unsharded (reshard=False)
[rank0]:[titan] 2026-09-21 13:52:33,163 - torchtitan.distributed.fsdp - INFO - fsdp dense-never: layer 13 experts sharded separately (reshard=True), dense params kept unsharded (reshard=False)
[rank0]:[titan] 2026-09-21 13:52:33,180 - torchtitan.distributed.fsdp - INFO - fsdp dense-never: layer 14 experts sharded separately (reshard=True), dense params kept unsharded (reshard=False)
[rank0]:[titan] 2026-09-21 13:52:33,201 - torchtitan.distributed.fsdp - INFO - fsdp dense-never: layer 15 experts sharded separately (reshard=True), dense params kept unsharded (reshard=False)
[rank0]:[titan] 2026-09-21 13:52:33,219 - torchtitan.distributed.fsdp - INFO - fsdp dense-never: layer 16 experts sharded separately (reshard=True), dense params kept unsharded (reshard=False)
[rank0]:[titan] 2026-09-21 13:52:33,240 - torchtitan.distributed.fsdp - INFO - fsdp dense-never: layer 17 experts sharded separately (reshard=True), dense params kept unsharded (reshard=False)
[rank0]:[titan] 2026-09-21 13:52:33,257 - torchtitan.distributed.fsdp - INFO - fsdp dense-never: layer 18 experts sharded separately (reshard=True), dense params kept unsharded (reshard=False)
[rank0]:[titan] 2026-09-21 13:52:33,278 - torchtitan.distributed.fsdp - INFO - fsdp dense-never: layer 19 experts sharded separately (reshard=True), dense params kept unsharded (reshard=False)
[rank0]:[titan] 2026-09-21 13:52:33,296 - torchtitan.distributed.fsdp - INFO - fsdp dense-never: layer 20 experts sharded separately (reshard=True), dense params kept unsharded (reshard=False)
[rank0]:[titan] 2026-09-21 13:52:33,317 - torchtitan.distributed.fsdp - INFO - fsdp dense-never: layer 21 experts sharded separately (reshard=True), dense params kept unsharded (reshard=False)
[rank0]:[titan] 2026-09-21 13:52:33,335 - torchtitan.distributed.fsdp - INFO - fsdp dense-never: layer 22 experts sharded separately (reshard=True), dense params kept unsharded (reshard=False)
[rank0]:[titan] 2026-09-21 13:52:33,356 - torchtitan.distributed.fsdp - INFO - fsdp dense-never: layer 23 experts sharded separately (reshard=True), dense params kept unsharded (reshard=False)
[rank0]:[titan] 2026-09-21 13:52:33,374 - torchtitan.distributed.fsdp - INFO - fsdp dense-never: layer 24 experts sharded separately (reshard=True), dense params kept unsharded (reshard=False)
[rank0]:[titan] 2026-09-21 13:52:33,394 - torchtitan.distributed.fsdp - INFO - fsdp dense-never: layer 25 experts sharded separately (reshard=True), dense params kept unsharded (reshard=False)
[rank0]:[titan] 2026-09-21 13:52:33,412 - torchtitan.distributed.fsdp - INFO - fsdp dense-never: layer 26 experts sharded separately (reshard=True), dense params kept unsharded (reshard=False)
[rank0]:[titan] 2026-09-21 13:52:33,433 - torchtitan.distributed.fsdp - INFO - fsdp dense-never: layer 27 experts sharded separately (reshard=True), dense params kept unsharded (reshard=False)
[rank0]:[titan] 2026-09-21 13:52:33,451 - torchtitan.distributed.fsdp - INFO - fsdp dense-never: layer 28 experts sharded separately (reshard=True), dense params kept unsharded (reshard=False)
[rank0]:[titan] 2026-09-21 13:52:33,472 - torchtitan.distributed.fsdp - INFO - fsdp dense-never: layer 29 experts sharded separately (reshard=True), dense params kept unsharded (reshard=False)
[rank0]:[titan] 2026-09-21 13:52:33,490 - torchtitan.distributed.fsdp - INFO - fsdp dense-never: layer 30 experts sharded separately (reshard=True), dense params kept unsharded (reshard=False)
[rank0]:[titan] 2026-09-21 13:52:33,511 - torchtitan.distributed.fsdp - INFO - fsdp dense-never: layer 31 experts sharded separately (reshard=True), dense params kept unsharded (reshard=False)
[rank0]:[titan] 2026-09-21 13:52:33,528 - torchtitan.distributed.fsdp - INFO - fsdp dense-never: layer 32 experts sharded separately (reshard=True), dense params kept unsharded (reshard=False)
[rank0]:[titan] 2026-09-21 13:52:33,549 - torchtitan.distributed.fsdp - INFO - fsdp dense-never: layer 33 experts sharded separately (reshard=True), dense params kept unsharded (reshard=False)
[rank0]:[titan] 2026-09-21 13:52:33,567 - torchtitan.distributed.fsdp - INFO - fsdp dense-never: layer 34 experts sharded separately (reshard=True), dense params kept unsharded (reshard=False)
[rank0]:[titan] 2026-09-21 13:52:33,588 - torchtitan.distributed.fsdp - INFO - fsdp dense-never: layer 35 experts sharded separately (reshard=True), dense params kept unsharded (reshard=False)
[rank0]:[titan] 2026-09-21 13:52:33,605 - torchtitan.distributed.fsdp - INFO - fsdp dense-never: layer 36 experts sharded separately (reshard=True), dense params kept unsharded (reshard=False)
[rank0]:[titan] 2026-09-21 13:52:33,626 - torchtitan.distributed.fsdp - INFO - fsdp dense-never: layer 37 experts sharded separately (reshard=True), dense params kept unsharded (reshard=False)
[rank0]:[titan] 2026-09-21 13:52:33,644 - torchtitan.distributed.fsdp - INFO - fsdp dense-never: layer 38 experts sharded separately (reshard=True), dense params kept unsharded (reshard=False)
[rank0]:[titan] 2026-09-21 13:52:33,665 - torchtitan.distributed.fsdp - INFO - fsdp dense-never: layer 39 experts sharded separately (reshard=True), dense params kept unsharded (reshard=False)
[rank0]:[titan] 2026-09-21 13:52:18,340 - torchtitan.trainer - INFO - Model deepseek_v4 deepseek_v4_flash size: 284,332,230,231 total parameters
[rank0]:[titan] 2026-09-21 13:52:18,349 - torchtitan.distributed.minimal_async_ep.api - INFO - Initializing MinimalAsyncEP buffer: hidden_dim=4096, num_max_tokens_per_rank=98304, top_k=6, num_local_experts=128, ep_size=2, max_routed_tokens=1179648
[rank0]:[titan] 2026-09-21 13:52:32,522 - torchtitan.distributed.activation_checkpoint - INFO - Applied FullAC activation checkpointing to the model
[rank0]:[titan] 2026-09-21 13:52:32,572 - torchtitan.distributed.fsdp - INFO - fsdp dense-never: layer 0 experts sharded separately (reshard=True), dense params kept unsharded (reshard=False)
[rank0]:[titan] 2026-09-21 13:52:32,828 - torchtitan.distributed.fsdp - INFO - fsdp dense-never: layer 1 experts sharded separately (reshard=True), dense params kept unsharded (reshard=False)
[rank0]:[titan] 2026-09-21 13:52:32,849 - torchtitan.distributed.fsdp - INFO - fsdp dense-never: layer 2 experts sharded separately (reshard=True), dense params kept unsharded (reshard=False)
[rank0]:[titan] 2026-09-21 13:52:32,905 - torchtitan.distributed.fsdp - INFO - fsdp dense-never: layer 3 experts sharded separately (reshard=True), dense params kept unsharded (reshard=False)
[rank0]:[titan] 2026-09-21 13:52:32,935 - torchtitan.distributed.fsdp - INFO - fsdp dense-never: layer 4 experts sharded separately (reshard=True), dense params kept unsharded (reshard=False)
[rank0]:[titan] 2026-09-21 13:52:32,962 - torchtitan.distributed.fsdp - INFO - fsdp dense-never: layer 5 experts sharded separately (reshard=True), dense params kept unsharded (reshard=False)
[rank0]:[titan] 2026-09-21 13:52:32,984 - torchtitan.distributed.fsdp - INFO - fsdp dense-never: layer 6 experts sharded separately (reshard=True), dense params kept unsharded (reshard=False)
[rank0]:[titan] 2026-09-21 13:52:33,011 - torchtitan.distributed.fsdp - INFO - fsdp dense-never: layer 7 experts sharded separately (reshard=True), dense params kept unsharded (reshard=False)
[rank0]:[titan] 2026-09-21 13:52:33,033 - torchtitan.distributed.fsdp - INFO - fsdp dense-never: layer 8 experts sharded separately (reshard=True), dense params kept unsharded (reshard=False)
[rank0]:[titan] 2026-09-21 13:52:33,060 - torchtitan.distributed.fsdp - INFO - fsdp dense-never: layer 9 experts sharded separately (reshard=True), dense params kept unsharded (reshard=False)
[rank0]:[titan] 2026-09-21 13:52:33,082 - torchtitan.distributed.fsdp - INFO - fsdp dense-never: layer 10 experts sharded separately (reshard=True), dense params kept unsharded (reshard=False)
[rank0]:[titan] 2026-09-21 13:52:33,110 - torchtitan.distributed.fsdp - INFO - fsdp dense-never: layer 11 experts sharded separately (reshard=True), dense params kept unsharded (reshard=False)
[rank0]:[titan] 2026-09-21 13:52:33,133 - torchtitan.distributed.fsdp - INFO - fsdp dense-never: layer 12 experts sharded separately (reshard=True), dense params kept unsharded (reshard=False)
[rank0]:[titan] 2026-09-21 13:52:33,160 - torchtitan.distributed.fsdp - INFO - fsdp dense-never: layer 13 experts sharded separately (reshard=True), dense params kept unsharded (reshard=False)
[rank0]:[titan] 2026-09-21 13:52:33,183 - torchtitan.distributed.fsdp - INFO - fsdp dense-never: layer 14 experts sharded separately (reshard=True), dense params kept unsharded (reshard=False)
[rank0]:[titan] 2026-09-21 13:52:33,209 - torchtitan.distributed.fsdp - INFO - fsdp dense-never: layer 15 experts sharded separately (reshard=True), dense params kept unsharded (reshard=False)
[rank0]:[titan] 2026-09-21 13:52:33,232 - torchtitan.distributed.fsdp - INFO - fsdp dense-never: layer 16 experts sharded separately (reshard=True), dense params kept unsharded (reshard=False)
[rank0]:[titan] 2026-09-21 13:52:33,259 - torchtitan.distributed.fsdp - INFO - fsdp dense-never: layer 17 experts sharded separately (reshard=True), dense params kept unsharded (reshard=False)
[rank0]:[titan] 2026-09-21 13:52:33,282 - torchtitan.distributed.fsdp - INFO - fsdp dense-never: layer 18 experts sharded separately (reshard=True), dense params kept unsharded (reshard=False)
[rank0]:[titan] 2026-09-21 13:52:33,309 - torchtitan.distributed.fsdp - INFO - fsdp dense-never: layer 19 experts sharded separately (reshard=True), dense params kept unsharded (reshard=False)
[rank0]:[titan] 2026-09-21 13:52:33,332 - torchtitan.distributed.fsdp - INFO - fsdp dense-never: layer 20 experts sharded separately (reshard=True), dense params kept unsharded (reshard=False)
[rank0]:[titan] 2026-09-21 13:52:33,359 - torchtitan.distributed.fsdp - INFO - fsdp dense-never: layer 21 experts sharded separately (reshard=True), dense params kept unsharded (reshard=False)
[rank0]:[titan] 2026-09-21 13:52:33,382 - torchtitan.distributed.fsdp - INFO - fsdp dense-never: layer 22 experts sharded separately (reshard=True), dense params kept unsharded (reshard=False)
[rank0]:[titan] 2026-09-21 13:52:33,408 - torchtitan.distributed.fsdp - INFO - fsdp dense-never: layer 23 experts sharded separately (reshard=True), dense params kept unsharded (reshard=False)
[rank0]:[titan] 2026-09-21 13:52:33,431 - torchtitan.distributed.fsdp - INFO - fsdp dense-never: layer 24 experts sharded separately (reshard=True), dense params kept unsharded (reshard=False)
[rank0]:[titan] 2026-09-21 13:52:33,457 - torchtitan.distributed.fsdp - INFO - fsdp dense-never: layer 25 experts sharded separately (reshard=True), dense params kept unsharded (reshard=False)
[rank0]:[titan] 2026-09-21 13:52:33,479 - torchtitan.distributed.fsdp - INFO - fsdp dense-never: layer 26 experts sharded separately (reshard=True), dense params kept unsharded (reshard=False)
[rank0]:[titan] 2026-09-21 13:52:33,506 - torchtitan.distributed.fsdp - INFO - fsdp dense-never: layer 27 experts sharded separately (reshard=True), dense params kept unsharded (reshard=False)
[rank0]:[titan] 2026-09-21 13:52:33,528 - torchtitan.distributed.fsdp - INFO - fsdp dense-never: layer 28 experts sharded separately (reshard=True), dense params kept unsharded (reshard=False)
[rank0]:[titan] 2026-09-21 13:52:33,555 - torchtitan.distributed.fsdp - INFO - fsdp dense-never: layer 29 experts sharded separately (reshard=True), dense params kept unsharded (reshard=False)
[rank0]:[titan] 2026-09-21 13:52:33,577 - torchtitan.distributed.fsdp - INFO - fsdp dense-never: layer 30 experts sharded separately (reshard=True), dense params kept unsharded (reshard=False)
[rank0]:[titan] 2026-09-21 13:52:33,603 - torchtitan.distributed.fsdp - INFO - fsdp dense-never: layer 31 experts sharded separately (reshard=True), dense params kept unsharded (reshard=False)
[rank0]:[titan] 2026-09-21 13:52:33,625 - torchtitan.distributed.fsdp - INFO - fsdp dense-never: layer 32 experts sharded separately (reshard=True), dense params kept unsharded (reshard=False)
[rank0]:[titan] 2026-09-21 13:52:33,651 - torchtitan.distributed.fsdp - INFO - fsdp dense-never: layer 33 experts sharded separately (reshard=True), dense params kept unsharded (reshard=False)
[rank0]:[titan] 2026-09-21 13:52:33,673 - torchtitan.distributed.fsdp - INFO - fsdp dense-never: layer 34 experts sharded separately (reshard=True), dense params kept unsharded (reshard=False)
[rank0]:[titan] 2026-09-21 13:52:33,699 - torchtitan.distributed.fsdp - INFO - fsdp dense-never: layer 35 experts sharded separately (reshard=True), dense params kept unsharded (reshard=False)
[rank0]:[titan] 2026-09-21 13:52:33,721 - torchtitan.distributed.fsdp - INFO - fsdp dense-never: layer 36 experts sharded separately (reshard=True), dense params kept unsharded (reshard=False)
[rank0]:[titan] 2026-09-21 13:52:33,747 - torchtitan.distributed.fsdp - INFO - fsdp dense-never: layer 37 experts sharded separately (reshard=True), dense params kept unsharded (reshard=False)
[rank0]:[titan] 2026-09-21 13:52:33,768 - torchtitan.distributed.fsdp - INFO - fsdp dense-never: layer 38 experts sharded separately (reshard=True), dense params kept unsharded (reshard=False)
[rank0]:[titan] 2026-09-21 13:52:33,793 - torchtitan.distributed.fsdp - INFO - fsdp dense-never: layer 39 experts sharded separately (reshard=True), dense params kept unsharded (reshard=False)
[rank0]:[titan] 2026-09-21 13:52:16,736 - torchtitan.trainer - INFO - Model deepseek_v4 deepseek_v4_flash size: 284,332,230,231 total parameters
[rank0]:[titan] 2026-09-21 13:52:16,740 - torchtitan.distributed.minimal_async_ep.api - INFO - Initializing MinimalAsyncEP buffer: hidden_dim=4096, num_max_tokens_per_rank=98304, top_k=6, num_local_experts=128, ep_size=2, max_routed_tokens=1179648
[rank0]:[titan] 2026-09-21 13:52:32,835 - torchtitan.distributed.activation_checkpoint - INFO - Applied FullAC activation checkpointing to the model
[rank0]:[titan] 2026-09-21 13:52:32,863 - torchtitan.distributed.fsdp - INFO - fsdp dense-never: layer 0 experts sharded separately (reshard=True), dense params kept unsharded (reshard=False)
[rank0]:[titan] 2026-09-21 13:52:33,085 - torchtitan.distributed.fsdp - INFO - fsdp dense-never: layer 1 experts sharded separately (reshard=True), dense params kept unsharded (reshard=False)
[rank0]:[titan] 2026-09-21 13:52:33,102 - torchtitan.distributed.fsdp - INFO - fsdp dense-never: layer 2 experts sharded separately (reshard=True), dense params kept unsharded (reshard=False)
[rank0]:[titan] 2026-09-21 13:52:33,148 - torchtitan.distributed.fsdp - INFO - fsdp dense-never: layer 3 experts sharded separately (reshard=True), dense params kept unsharded (reshard=False)
[rank0]:[titan] 2026-09-21 13:52:33,172 - torchtitan.distributed.fsdp - INFO - fsdp dense-never: layer 4 experts sharded separately (reshard=True), dense params kept unsharded (reshard=False)
[rank0]:[titan] 2026-09-21 13:52:33,194 - torchtitan.distributed.fsdp - INFO - fsdp dense-never: layer 5 experts sharded separately (reshard=True), dense params kept unsharded (reshard=False)
[rank0]:[titan] 2026-09-21 13:52:33,213 - torchtitan.distributed.fsdp - INFO - fsdp dense-never: layer 6 experts sharded separately (reshard=True), dense params kept unsharded (reshard=False)
[rank0]:[titan] 2026-09-21 13:52:33,234 - torchtitan.distributed.fsdp - INFO - fsdp dense-never: layer 7 experts sharded separately (reshard=True), dense params kept unsharded (reshard=False)
[rank0]:[titan] 2026-09-21 13:52:33,253 - torchtitan.distributed.fsdp - INFO - fsdp dense-never: layer 8 experts sharded separately (reshard=True), dense params kept unsharded (reshard=False)
[rank0]:[titan] 2026-09-21 13:52:33,274 - torchtitan.distributed.fsdp - INFO - fsdp dense-never: layer 9 experts sharded separately (reshard=True), dense params kept unsharded (reshard=False)
[rank0]:[titan] 2026-09-21 13:52:33,292 - torchtitan.distributed.fsdp - INFO - fsdp dense-never: layer 10 experts sharded separately (reshard=True), dense params kept unsharded (reshard=False)
[rank0]:[titan] 2026-09-21 13:52:33,314 - torchtitan.distributed.fsdp - INFO - fsdp dense-never: layer 11 experts sharded separately (reshard=True), dense params kept unsharded (reshard=False)
[rank0]:[titan] 2026-09-21 13:52:33,332 - torchtitan.distributed.fsdp - INFO - fsdp dense-never: layer 12 experts sharded separately (reshard=True), dense params kept unsharded (reshard=False)
[rank0]:[titan] 2026-09-21 13:52:33,353 - torchtitan.distributed.fsdp - INFO - fsdp dense-never: layer 13 experts sharded separately (reshard=True), dense params kept unsharded (reshard=False)
[rank0]:[titan] 2026-09-21 13:52:33,371 - torchtitan.distributed.fsdp - INFO - fsdp dense-never: layer 14 experts sharded separately (reshard=True), dense params kept unsharded (reshard=False)
[rank0]:[titan] 2026-09-21 13:52:33,392 - torchtitan.distributed.fsdp - INFO - fsdp dense-never: layer 15 experts sharded separately (reshard=True), dense params kept unsharded (reshard=False)
[rank0]:[titan] 2026-09-21 13:52:33,410 - torchtitan.distributed.fsdp - INFO - fsdp dense-never: layer 16 experts sharded separately (reshard=True), dense params kept unsharded (reshard=False)
[rank0]:[titan] 2026-09-21 13:52:33,431 - torchtitan.distributed.fsdp - INFO - fsdp dense-never: layer 17 experts sharded separately (reshard=True), dense params kept unsharded (reshard=False)
[rank0]:[titan] 2026-09-21 13:52:33,449 - torchtitan.distributed.fsdp - INFO - fsdp dense-never: layer 18 experts sharded separately (reshard=True), dense params kept unsharded (reshard=False)
[rank0]:[titan] 2026-09-21 13:52:33,470 - torchtitan.distributed.fsdp - INFO - fsdp dense-never: layer 19 experts sharded separately (reshard=True), dense params kept unsharded (reshard=False)
[rank0]:[titan] 2026-09-21 13:52:33,488 - torchtitan.distributed.fsdp - INFO - fsdp dense-never: layer 20 experts sharded separately (reshard=True), dense params kept unsharded (reshard=False)
[rank0]:[titan] 2026-09-21 13:52:33,509 - torchtitan.distributed.fsdp - INFO - fsdp dense-never: layer 21 experts sharded separately (reshard=True), dense params kept unsharded (reshard=False)
[rank0]:[titan] 2026-09-21 13:52:33,527 - torchtitan.distributed.fsdp - INFO - fsdp dense-never: layer 22 experts sharded separately (reshard=True), dense params kept unsharded (reshard=False)
[rank0]:[titan] 2026-09-21 13:52:33,548 - torchtitan.distributed.fsdp - INFO - fsdp dense-never: layer 23 experts sharded separately (reshard=True), dense params kept unsharded (reshard=False)
[rank0]:[titan] 2026-09-21 13:52:33,566 - torchtitan.distributed.fsdp - INFO - fsdp dense-never: layer 24 experts sharded separately (reshard=True), dense params kept unsharded (reshard=False)
[rank0]:[titan] 2026-09-21 13:52:33,588 - torchtitan.distributed.fsdp - INFO - fsdp dense-never: layer 25 experts sharded separately (reshard=True), dense params kept unsharded (reshard=False)
[rank0]:[titan] 2026-09-21 13:52:33,605 - torchtitan.distributed.fsdp - INFO - fsdp dense-never: layer 26 experts sharded separately (reshard=True), dense params kept unsharded (reshard=False)
[rank0]:[titan] 2026-09-21 13:52:33,627 - torchtitan.distributed.fsdp - INFO - fsdp dense-never: layer 27 experts sharded separately (reshard=True), dense params kept unsharded (reshard=False)
[rank0]:[titan] 2026-09-21 13:52:33,645 - torchtitan.distributed.fsdp - INFO - fsdp dense-never: layer 28 experts sharded separately (reshard=True), dense params kept unsharded (reshard=False)
[rank0]:[titan] 2026-09-21 13:52:33,666 - torchtitan.distributed.fsdp - INFO - fsdp dense-never: layer 29 experts sharded separately (reshard=True), dense params kept unsharded (reshard=False)
[rank0]:[titan] 2026-09-21 13:52:33,684 - torchtitan.distributed.fsdp - INFO - fsdp dense-never: layer 30 experts sharded separately (reshard=True), dense params kept unsharded (reshard=False)
[rank0]:[titan] 2026-09-21 13:52:33,705 - torchtitan.distributed.fsdp - INFO - fsdp dense-never: layer 31 experts sharded separately (reshard=True), dense params kept unsharded (reshard=False)
[rank0]:[titan] 2026-09-21 13:52:33,723 - torchtitan.distributed.fsdp - INFO - fsdp dense-never: layer 32 experts sharded separately (reshard=True), dense params kept unsharded (reshard=False)
[rank0]:[titan] 2026-09-21 13:52:33,744 - torchtitan.distributed.fsdp - INFO - fsdp dense-never: layer 33 experts sharded separately (reshard=True), dense params kept unsharded (reshard=False)
[rank0]:[titan] 2026-09-21 13:52:33,762 - torchtitan.distributed.fsdp - INFO - fsdp dense-never: layer 34 experts sharded separately (reshard=True), dense params kept unsharded (reshard=False)
[rank0]:[titan] 2026-09-21 13:52:33,784 - torchtitan.distributed.fsdp - INFO - fsdp dense-never: layer 35 experts sharded separately (reshard=True), dense params kept unsharded (reshard=False)
[rank0]:[titan] 2026-09-21 13:52:33,801 - torchtitan.distributed.fsdp - INFO - fsdp dense-never: layer 36 experts sharded separately (reshard=True), dense params kept unsharded (reshard=False)
[rank0]:[titan] 2026-09-21 13:52:33,822 - torchtitan.distributed.fsdp - INFO - fsdp dense-never: layer 37 experts sharded separately (reshard=True), dense params kept unsharded (reshard=False)
[rank0]:[titan] 2026-09-21 13:52:33,840 - torchtitan.distributed.fsdp - INFO - fsdp dense-never: layer 38 experts sharded separately (reshard=True), dense params kept unsharded (reshard=False)
[rank0]:[titan] 2026-09-21 13:52:33,862 - torchtitan.distributed.fsdp - INFO - fsdp dense-never: layer 39 experts sharded separately (reshard=True), dense params kept unsharded (reshard=False)
[rank0]:[titan] 2026-09-21 13:52:16,720 - torchtitan.trainer - INFO - Model deepseek_v4 deepseek_v4_flash size: 284,332,230,231 total parameters
[rank0]:[titan] 2026-09-21 13:52:16,723 - torchtitan.distributed.minimal_async_ep.api - INFO - Initializing MinimalAsyncEP buffer: hidden_dim=4096, num_max_tokens_per_rank=98304, top_k=6, num_local_experts=128, ep_size=2, max_routed_tokens=1179648
[rank0]:[titan] 2026-09-21 13:52:32,866 - torchtitan.distributed.activation_checkpoint - INFO - Applied FullAC activation checkpointing to the model
[rank0]:[titan] 2026-09-21 13:52:32,891 - torchtitan.distributed.fsdp - INFO - fsdp dense-never: layer 0 experts sharded separately (reshard=True), dense params kept unsharded (reshard=False)
[rank0]:[titan] 2026-09-21 13:52:33,105 - torchtitan.distributed.fsdp - INFO - fsdp dense-never: layer 1 experts sharded separately (reshard=True), dense params kept unsharded (reshard=False)
[rank0]:[titan] 2026-09-21 13:52:33,120 - torchtitan.distributed.fsdp - INFO - fsdp dense-never: layer 2 experts sharded separately (reshard=True), dense params kept unsharded (reshard=False)
[rank0]:[titan] 2026-09-21 13:52:33,166 - torchtitan.distributed.fsdp - INFO - fsdp dense-never: layer 3 experts sharded separately (reshard=True), dense params kept unsharded (reshard=False)
[rank0]:[titan] 2026-09-21 13:52:33,190 - torchtitan.distributed.fsdp - INFO - fsdp dense-never: layer 4 experts sharded separately (reshard=True), dense params kept unsharded (reshard=False)
[rank0]:[titan] 2026-09-21 13:52:33,211 - torchtitan.distributed.fsdp - INFO - fsdp dense-never: layer 5 experts sharded separately (reshard=True), dense params kept unsharded (reshard=False)
[rank0]:[titan] 2026-09-21 13:52:33,229 - torchtitan.distributed.fsdp - INFO - fsdp dense-never: layer 6 experts sharded separately (reshard=True), dense params kept unsharded (reshard=False)
[rank0]:[titan] 2026-09-21 13:52:33,250 - torchtitan.distributed.fsdp - INFO - fsdp dense-never: layer 7 experts sharded separately (reshard=True), dense params kept unsharded (reshard=False)
[rank0]:[titan] 2026-09-21 13:52:33,268 - torchtitan.distributed.fsdp - INFO - fsdp dense-never: layer 8 experts sharded separately (reshard=True), dense params kept unsharded (reshard=False)
[rank0]:[titan] 2026-09-21 13:52:33,289 - torchtitan.distributed.fsdp - INFO - fsdp dense-never: layer 9 experts sharded separately (reshard=True), dense params kept unsharded (reshard=False)
[rank0]:[titan] 2026-09-21 13:52:33,307 - torchtitan.distributed.fsdp - INFO - fsdp dense-never: layer 10 experts sharded separately (reshard=True), dense params kept unsharded (reshard=False)
[rank0]:[titan] 2026-09-21 13:52:33,328 - torchtitan.distributed.fsdp - INFO - fsdp dense-never: layer 11 experts sharded separately (reshard=True), dense params kept unsharded (reshard=False)
[rank0]:[titan] 2026-09-21 13:52:33,345 - torchtitan.distributed.fsdp - INFO - fsdp dense-never: layer 12 experts sharded separately (reshard=True), dense params kept unsharded (reshard=False)
[rank0]:[titan] 2026-09-21 13:52:33,366 - torchtitan.distributed.fsdp - INFO - fsdp dense-never: layer 13 experts sharded separately (reshard=True), dense params kept unsharded (reshard=False)
[rank0]:[titan] 2026-09-21 13:52:33,384 - torchtitan.distributed.fsdp - INFO - fsdp dense-never: layer 14 experts sharded separately (reshard=True), dense params kept unsharded (reshard=False)
[rank0]:[titan] 2026-09-21 13:52:33,405 - torchtitan.distributed.fsdp - INFO - fsdp dense-never: layer 15 experts sharded separately (reshard=True), dense params kept unsharded (reshard=False)
[rank0]:[titan] 2026-09-21 13:52:33,422 - torchtitan.distributed.fsdp - INFO - fsdp dense-never: layer 16 experts sharded separately (reshard=True), dense params kept unsharded (reshard=False)
[rank0]:[titan] 2026-09-21 13:52:33,444 - torchtitan.distributed.fsdp - INFO - fsdp dense-never: layer 17 experts sharded separately (reshard=True), dense params kept unsharded (reshard=False)
[rank0]:[titan] 2026-09-21 13:52:33,461 - torchtitan.distributed.fsdp - INFO - fsdp dense-never: layer 18 experts sharded separately (reshard=True), dense params kept unsharded (reshard=False)
[rank0]:[titan] 2026-09-21 13:52:33,482 - torchtitan.distributed.fsdp - INFO - fsdp dense-never: layer 19 experts sharded separately (reshard=True), dense params kept unsharded (reshard=False)
[rank0]:[titan] 2026-09-21 13:52:33,499 - torchtitan.distributed.fsdp - INFO - fsdp dense-never: layer 20 experts sharded separately (reshard=True), dense params kept unsharded (reshard=False)
[rank0]:[titan] 2026-09-21 13:52:33,521 - torchtitan.distributed.fsdp - INFO - fsdp dense-never: layer 21 experts sharded separately (reshard=True), dense params kept unsharded (reshard=False)
[rank0]:[titan] 2026-09-21 13:52:33,538 - torchtitan.distributed.fsdp - INFO - fsdp dense-never: layer 22 experts sharded separately (reshard=True), dense params kept unsharded (reshard=False)
[rank0]:[titan] 2026-09-21 13:52:33,559 - torchtitan.distributed.fsdp - INFO - fsdp dense-never: layer 23 experts sharded separately (reshard=True), dense params kept unsharded (reshard=False)
[rank0]:[titan] 2026-09-21 13:52:33,577 - torchtitan.distributed.fsdp - INFO - fsdp dense-never: layer 24 experts sharded separately (reshard=True), dense params kept unsharded (reshard=False)
[rank0]:[titan] 2026-09-21 13:52:33,598 - torchtitan.distributed.fsdp - INFO - fsdp dense-never: layer 25 experts sharded separately (reshard=True), dense params kept unsharded (reshard=False)
[rank0]:[titan] 2026-09-21 13:52:33,616 - torchtitan.distributed.fsdp - INFO - fsdp dense-never: layer 26 experts sharded separately (reshard=True), dense params kept unsharded (reshard=False)
[rank0]:[titan] 2026-09-21 13:52:33,637 - torchtitan.distributed.fsdp - INFO - fsdp dense-never: layer 27 experts sharded separately (reshard=True), dense params kept unsharded (reshard=False)
[rank0]:[titan] 2026-09-21 13:52:33,654 - torchtitan.distributed.fsdp - INFO - fsdp dense-never: layer 28 experts sharded separately (reshard=True), dense params kept unsharded (reshard=False)
[rank0]:[titan] 2026-09-21 13:52:33,675 - torchtitan.distributed.fsdp - INFO - fsdp dense-never: layer 29 experts sharded separately (reshard=True), dense params kept unsharded (reshard=False)
[rank0]:[titan] 2026-09-21 13:52:33,693 - torchtitan.distributed.fsdp - INFO - fsdp dense-never: layer 30 experts sharded separately (reshard=True), dense params kept unsharded (reshard=False)
[rank0]:[titan] 2026-09-21 13:52:33,714 - torchtitan.distributed.fsdp - INFO - fsdp dense-never: layer 31 experts sharded separately (reshard=True), dense params kept unsharded (reshard=False)
[rank0]:[titan] 2026-09-21 13:52:33,732 - torchtitan.distributed.fsdp - INFO - fsdp dense-never: layer 32 experts sharded separately (reshard=True), dense params kept unsharded (reshard=False)
[rank0]:[titan] 2026-09-21 13:52:33,753 - torchtitan.distributed.fsdp - INFO - fsdp dense-never: layer 33 experts sharded separately (reshard=True), dense params kept unsharded (reshard=False)
[rank0]:[titan] 2026-09-21 13:52:33,770 - torchtitan.distributed.fsdp - INFO - fsdp dense-never: layer 34 experts sharded separately (reshard=True), dense params kept unsharded (reshard=False)
[rank0]:[titan] 2026-09-21 13:52:33,791 - torchtitan.distributed.fsdp - INFO - fsdp dense-never: layer 35 experts sharded separately (reshard=True), dense params kept unsharded (reshard=False)
[rank0]:[titan] 2026-09-21 13:52:33,809 - torchtitan.distributed.fsdp - INFO - fsdp dense-never: layer 36 experts sharded separately (reshard=True), dense params kept unsharded (reshard=False)
[rank0]:[titan] 2026-09-21 13:52:33,830 - torchtitan.distributed.fsdp - INFO - fsdp dense-never: layer 37 experts sharded separately (reshard=True), dense params kept unsharded (reshard=False)
[rank0]:[titan] 2026-09-21 13:52:33,848 - torchtitan.distributed.fsdp - INFO - fsdp dense-never: layer 38 experts sharded separately (reshard=True), dense params kept unsharded (reshard=False)
[rank0]:[titan] 2026-09-21 13:52:33,868 - torchtitan.distributed.fsdp - INFO - fsdp dense-never: layer 39 experts sharded separately (reshard=True), dense params kept unsharded (reshard=False)
[rank0]:[titan] 2026-09-21 13:52:16,711 - torchtitan.trainer - INFO - Model deepseek_v4 deepseek_v4_flash size: 284,332,230,231 total parameters
[rank0]:[titan] 2026-09-21 13:52:16,715 - torchtitan.distributed.minimal_async_ep.api - INFO - Initializing MinimalAsyncEP buffer: hidden_dim=4096, num_max_tokens_per_rank=98304, top_k=6, num_local_experts=128, ep_size=2, max_routed_tokens=1179648
[rank0]:[titan] 2026-09-21 13:52:32,880 - torchtitan.distributed.activation_checkpoint - INFO - Applied FullAC activation checkpointing to the model
[rank0]:[titan] 2026-09-21 13:52:32,906 - torchtitan.distributed.fsdp - INFO - fsdp dense-never: layer 0 experts sharded separately (reshard=True), dense params kept unsharded (reshard=False)
[rank0]:[titan] 2026-09-21 13:52:33,124 - torchtitan.distributed.fsdp - INFO - fsdp dense-never: layer 1 experts sharded separately (reshard=True), dense params kept unsharded (reshard=False)
[rank0]:[titan] 2026-09-21 13:52:33,141 - torchtitan.distributed.fsdp - INFO - fsdp dense-never: layer 2 experts sharded separately (reshard=True), dense params kept unsharded (reshard=False)
[rank0]:[titan] 2026-09-21 13:52:33,187 - torchtitan.distributed.fsdp - INFO - fsdp dense-never: layer 3 experts sharded separately (reshard=True), dense params kept unsharded (reshard=False)
[rank0]:[titan] 2026-09-21 13:52:33,211 - torchtitan.distributed.fsdp - INFO - fsdp dense-never: layer 4 experts sharded separately (reshard=True), dense params kept unsharded (reshard=False)
[rank0]:[titan] 2026-09-21 13:52:33,233 - torchtitan.distributed.fsdp - INFO - fsdp dense-never: layer 5 experts sharded separately (reshard=True), dense params kept unsharded (reshard=False)
[rank0]:[titan] 2026-09-21 13:52:33,251 - torchtitan.distributed.fsdp - INFO - fsdp dense-never: layer 6 experts sharded separately (reshard=True), dense params kept unsharded (reshard=False)
[rank0]:[titan] 2026-09-21 13:52:33,273 - torchtitan.distributed.fsdp - INFO - fsdp dense-never: layer 7 experts sharded separately (reshard=True), dense params kept unsharded (reshard=False)
[rank0]:[titan] 2026-09-21 13:52:33,291 - torchtitan.distributed.fsdp - INFO - fsdp dense-never: layer 8 experts sharded separately (reshard=True), dense params kept unsharded (reshard=False)
[rank0]:[titan] 2026-09-21 13:52:33,312 - torchtitan.distributed.fsdp - INFO - fsdp dense-never: layer 9 experts sharded separately (reshard=True), dense params kept unsharded (reshard=False)
[rank0]:[titan] 2026-09-21 13:52:33,330 - torchtitan.distributed.fsdp - INFO - fsdp dense-never: layer 10 experts sharded separately (reshard=True), dense params kept unsharded (reshard=False)
[rank0]:[titan] 2026-09-21 13:52:33,352 - torchtitan.distributed.fsdp - INFO - fsdp dense-never: layer 11 experts sharded separately (reshard=True), dense params kept unsharded (reshard=False)
[rank0]:[titan] 2026-09-21 13:52:33,370 - torchtitan.distributed.fsdp - INFO - fsdp dense-never: layer 12 experts sharded separately (reshard=True), dense params kept unsharded (reshard=False)
[rank0]:[titan] 2026-09-21 13:52:33,392 - torchtitan.distributed.fsdp - INFO - fsdp dense-never: layer 13 experts sharded separately (reshard=True), dense params kept unsharded (reshard=False)
[rank0]:[titan] 2026-09-21 13:52:33,409 - torchtitan.distributed.fsdp - INFO - fsdp dense-never: layer 14 experts sharded separately (reshard=True), dense params kept unsharded (reshard=False)
[rank0]:[titan] 2026-09-21 13:52:33,431 - torchtitan.distributed.fsdp - INFO - fsdp dense-never: layer 15 experts sharded separately (reshard=True), dense params kept unsharded (reshard=False)
[rank0]:[titan] 2026-09-21 13:52:33,449 - torchtitan.distributed.fsdp - INFO - fsdp dense-never: layer 16 experts sharded separately (reshard=True), dense params kept unsharded (reshard=False)
[rank0]:[titan] 2026-09-21 13:52:33,470 - torchtitan.distributed.fsdp - INFO - fsdp dense-never: layer 17 experts sharded separately (reshard=True), dense params kept unsharded (reshard=False)
[rank0]:[titan] 2026-09-21 13:52:33,488 - torchtitan.distributed.fsdp - INFO - fsdp dense-never: layer 18 experts sharded separately (reshard=True), dense params kept unsharded (reshard=False)
[rank0]:[titan] 2026-09-21 13:52:33,509 - torchtitan.distributed.fsdp - INFO - fsdp dense-never: layer 19 experts sharded separately (reshard=True), dense params kept unsharded (reshard=False)
[rank0]:[titan] 2026-09-21 13:52:33,527 - torchtitan.distributed.fsdp - INFO - fsdp dense-never: layer 20 experts sharded separately (reshard=True), dense params kept unsharded (reshard=False)
[rank0]:[titan] 2026-09-21 13:52:33,548 - torchtitan.distributed.fsdp - INFO - fsdp dense-never: layer 21 experts sharded separately (reshard=True), dense params kept unsharded (reshard=False)
[rank0]:[titan] 2026-09-21 13:52:33,566 - torchtitan.distributed.fsdp - INFO - fsdp dense-never: layer 22 experts sharded separately (reshard=True), dense params kept unsharded (reshard=False)
[rank0]:[titan] 2026-09-21 13:52:33,587 - torchtitan.distributed.fsdp - INFO - fsdp dense-never: layer 23 experts sharded separately (reshard=True), dense params kept unsharded (reshard=False)
[rank0]:[titan] 2026-09-21 13:52:33,605 - torchtitan.distributed.fsdp - INFO - fsdp dense-never: layer 24 experts sharded separately (reshard=True), dense params kept unsharded (reshard=False)
[rank0]:[titan] 2026-09-21 13:52:33,626 - torchtitan.distributed.fsdp - INFO - fsdp dense-never: layer 25 experts sharded separately (reshard=True), dense params kept unsharded (reshard=False)
[rank0]:[titan] 2026-09-21 13:52:33,644 - torchtitan.distributed.fsdp - INFO - fsdp dense-never: layer 26 experts sharded separately (reshard=True), dense params kept unsharded (reshard=False)
[rank0]:[titan] 2026-09-21 13:52:33,666 - torchtitan.distributed.fsdp - INFO - fsdp dense-never: layer 27 experts sharded separately (reshard=True), dense params kept unsharded (reshard=False)
[rank0]:[titan] 2026-09-21 13:52:33,684 - torchtitan.distributed.fsdp - INFO - fsdp dense-never: layer 28 experts sharded separately (reshard=True), dense params kept unsharded (reshard=False)
[rank0]:[titan] 2026-09-21 13:52:33,705 - torchtitan.distributed.fsdp - INFO - fsdp dense-never: layer 29 experts sharded separately (reshard=True), dense params kept unsharded (reshard=False)
[rank0]:[titan] 2026-09-21 13:52:33,723 - torchtitan.distributed.fsdp - INFO - fsdp dense-never: layer 30 experts sharded separately (reshard=True), dense params kept unsharded (reshard=False)
[rank0]:[titan] 2026-09-21 13:52:33,744 - torchtitan.distributed.fsdp - INFO - fsdp dense-never: layer 31 experts sharded separately (reshard=True), dense params kept unsharded (reshard=False)
[rank0]:[titan] 2026-09-21 13:52:33,762 - torchtitan.distributed.fsdp - INFO - fsdp dense-never: layer 32 experts sharded separately (reshard=True), dense params kept unsharded (reshard=False)
[rank0]:[titan] 2026-09-21 13:52:33,784 - torchtitan.distributed.fsdp - INFO - fsdp dense-never: layer 33 experts sharded separately (reshard=True), dense params kept unsharded (reshard=False)
[rank0]:[titan] 2026-09-21 13:52:33,801 - torchtitan.distributed.fsdp - INFO - fsdp dense-never: layer 34 experts sharded separately (reshard=True), dense params kept unsharded (reshard=False)
[rank0]:[titan] 2026-09-21 13:52:33,823 - torchtitan.distributed.fsdp - INFO - fsdp dense-never: layer 35 experts sharded separately (reshard=True), dense params kept unsharded (reshard=False)
[rank0]:[titan] 2026-09-21 13:52:33,840 - torchtitan.distributed.fsdp - INFO - fsdp dense-never: layer 36 experts sharded separately (reshard=True), dense params kept unsharded (reshard=False)
[rank0]:[titan] 2026-09-21 13:52:33,862 - torchtitan.distributed.fsdp - INFO - fsdp dense-never: layer 37 experts sharded separately (reshard=True), dense params kept unsharded (reshard=False)
[rank0]:[titan] 2026-09-21 13:52:33,879 - torchtitan.distributed.fsdp - INFO - fsdp dense-never: layer 38 experts sharded separately (reshard=True), dense params kept unsharded (reshard=False)
[rank0]:[titan] 2026-09-21 13:52:33,901 - torchtitan.distributed.fsdp - INFO - fsdp dense-never: layer 39 experts sharded separately (reshard=True), dense params kept unsharded (reshard=False)
[rank0]:[titan] 2026-09-21 13:52:16,739 - torchtitan.trainer - INFO - Model deepseek_v4 deepseek_v4_flash size: 284,332,230,231 total parameters
[rank0]:[titan] 2026-09-21 13:52:16,744 - torchtitan.distributed.minimal_async_ep.api - INFO - Initializing MinimalAsyncEP buffer: hidden_dim=4096, num_max_tokens_per_rank=98304, top_k=6, num_local_experts=128, ep_size=2, max_routed_tokens=1179648
[rank0]:[titan] 2026-09-21 13:52:32,845 - torchtitan.distributed.activation_checkpoint - INFO - Applied FullAC activation checkpointing to the model
[rank0]:[titan] 2026-09-21 13:52:32,876 - torchtitan.distributed.fsdp - INFO - fsdp dense-never: layer 0 experts sharded separately (reshard=True), dense params kept unsharded (reshard=False)
[rank0]:[titan] 2026-09-21 13:52:33,102 - torchtitan.distributed.fsdp - INFO - fsdp dense-never: layer 1 experts sharded separately (reshard=True), dense params kept unsharded (reshard=False)
[rank0]:[titan] 2026-09-21 13:52:33,119 - torchtitan.distributed.fsdp - INFO - fsdp dense-never: layer 2 experts sharded separately (reshard=True), dense params kept unsharded (reshard=False)
[rank0]:[titan] 2026-09-21 13:52:33,168 - torchtitan.distributed.fsdp - INFO - fsdp dense-never: layer 3 experts sharded separately (reshard=True), dense params kept unsharded (reshard=False)
[rank0]:[titan] 2026-09-21 13:52:33,195 - torchtitan.distributed.fsdp - INFO - fsdp dense-never: layer 4 experts sharded separately (reshard=True), dense params kept unsharded (reshard=False)
[rank0]:[titan] 2026-09-21 13:52:33,217 - torchtitan.distributed.fsdp - INFO - fsdp dense-never: layer 5 experts sharded separately (reshard=True), dense params kept unsharded (reshard=False)
[rank0]:[titan] 2026-09-21 13:52:33,236 - torchtitan.distributed.fsdp - INFO - fsdp dense-never: layer 6 experts sharded separately (reshard=True), dense params kept unsharded (reshard=False)
[rank0]:[titan] 2026-09-21 13:52:33,258 - torchtitan.distributed.fsdp - INFO - fsdp dense-never: layer 7 experts sharded separately (reshard=True), dense params kept unsharded (reshard=False)
[rank0]:[titan] 2026-09-21 13:52:33,277 - torchtitan.distributed.fsdp - INFO - fsdp dense-never: layer 8 experts sharded separately (reshard=True), dense params kept unsharded (reshard=False)
[rank0]:[titan] 2026-09-21 13:52:33,299 - torchtitan.distributed.fsdp - INFO - fsdp dense-never: layer 9 experts sharded separately (reshard=True), dense params kept unsharded (reshard=False)
[rank0]:[titan] 2026-09-21 13:52:33,318 - torchtitan.distributed.fsdp - INFO - fsdp dense-never: layer 10 experts sharded separately (reshard=True), dense params kept unsharded (reshard=False)
[rank0]:[titan] 2026-09-21 13:52:33,340 - torchtitan.distributed.fsdp - INFO - fsdp dense-never: layer 11 experts sharded separately (reshard=True), dense params kept unsharded (reshard=False)
[rank0]:[titan] 2026-09-21 13:52:33,358 - torchtitan.distributed.fsdp - INFO - fsdp dense-never: layer 12 experts sharded separately (reshard=True), dense params kept unsharded (reshard=False)
[rank0]:[titan] 2026-09-21 13:52:33,381 - torchtitan.distributed.fsdp - INFO - fsdp dense-never: layer 13 experts sharded separately (reshard=True), dense params kept unsharded (reshard=False)
[rank0]:[titan] 2026-09-21 13:52:33,401 - torchtitan.distributed.fsdp - INFO - fsdp dense-never: layer 14 experts sharded separately (reshard=True), dense params kept unsharded (reshard=False)
[rank0]:[titan] 2026-09-21 13:52:33,423 - torchtitan.distributed.fsdp - INFO - fsdp dense-never: layer 15 experts sharded separately (reshard=True), dense params kept unsharded (reshard=False)
[rank0]:[titan] 2026-09-21 13:52:33,442 - torchtitan.distributed.fsdp - INFO - fsdp dense-never: layer 16 experts sharded separately (reshard=True), dense params kept unsharded (reshard=False)
[rank0]:[titan] 2026-09-21 13:52:33,465 - torchtitan.distributed.fsdp - INFO - fsdp dense-never: layer 17 experts sharded separately (reshard=True), dense params kept unsharded (reshard=False)
[rank0]:[titan] 2026-09-21 13:52:33,484 - torchtitan.distributed.fsdp - INFO - fsdp dense-never: layer 18 experts sharded separately (reshard=True), dense params kept unsharded (reshard=False)
[rank0]:[titan] 2026-09-21 13:52:33,507 - torchtitan.distributed.fsdp - INFO - fsdp dense-never: layer 19 experts sharded separately (reshard=True), dense params kept unsharded (reshard=False)
[rank0]:[titan] 2026-09-21 13:52:33,525 - torchtitan.distributed.fsdp - INFO - fsdp dense-never: layer 20 experts sharded separately (reshard=True), dense params kept unsharded (reshard=False)
[rank0]:[titan] 2026-09-21 13:52:33,548 - torchtitan.distributed.fsdp - INFO - fsdp dense-never: layer 21 experts sharded separately (reshard=True), dense params kept unsharded (reshard=False)
[rank0]:[titan] 2026-09-21 13:52:33,566 - torchtitan.distributed.fsdp - INFO - fsdp dense-never: layer 22 experts sharded separately (reshard=True), dense params kept unsharded (reshard=False)
[rank0]:[titan] 2026-09-21 13:52:33,588 - torchtitan.distributed.fsdp - INFO - fsdp dense-never: layer 23 experts sharded separately (reshard=True), dense params kept unsharded (reshard=False)
[rank0]:[titan] 2026-09-21 13:52:33,607 - torchtitan.distributed.fsdp - INFO - fsdp dense-never: layer 24 experts sharded separately (reshard=True), dense params kept unsharded (reshard=False)
[rank0]:[titan] 2026-09-21 13:52:33,629 - torchtitan.distributed.fsdp - INFO - fsdp dense-never: layer 25 experts sharded separately (reshard=True), dense params kept unsharded (reshard=False)
[rank0]:[titan] 2026-09-21 13:52:33,648 - torchtitan.distributed.fsdp - INFO - fsdp dense-never: layer 26 experts sharded separately (reshard=True), dense params kept unsharded (reshard=False)
[rank0]:[titan] 2026-09-21 13:52:33,670 - torchtitan.distributed.fsdp - INFO - fsdp dense-never: layer 27 experts sharded separately (reshard=True), dense params kept unsharded (reshard=False)
[rank0]:[titan] 2026-09-21 13:52:33,689 - torchtitan.distributed.fsdp - INFO - fsdp dense-never: layer 28 experts sharded separately (reshard=True), dense params kept unsharded (reshard=False)
[rank0]:[titan] 2026-09-21 13:52:33,711 - torchtitan.distributed.fsdp - INFO - fsdp dense-never: layer 29 experts sharded separately (reshard=True), dense params kept unsharded (reshard=False)
[rank0]:[titan] 2026-09-21 13:52:33,729 - torchtitan.distributed.fsdp - INFO - fsdp dense-never: layer 30 experts sharded separately (reshard=True), dense params kept unsharded (reshard=False)
[rank0]:[titan] 2026-09-21 13:52:33,751 - torchtitan.distributed.fsdp - INFO - fsdp dense-never: layer 31 experts sharded separately (reshard=True), dense params kept unsharded (reshard=False)
[rank0]:[titan] 2026-09-21 13:52:33,770 - torchtitan.distributed.fsdp - INFO - fsdp dense-never: layer 32 experts sharded separately (reshard=True), dense params kept unsharded (reshard=False)
[rank0]:[titan] 2026-09-21 13:52:33,792 - torchtitan.distributed.fsdp - INFO - fsdp dense-never: layer 33 experts sharded separately (reshard=True), dense params kept unsharded (reshard=False)
[rank0]:[titan] 2026-09-21 13:52:33,810 - torchtitan.distributed.fsdp - INFO - fsdp dense-never: layer 34 experts sharded separately (reshard=True), dense params kept unsharded (reshard=False)
[rank0]:[titan] 2026-09-21 13:52:33,832 - torchtitan.distributed.fsdp - INFO - fsdp dense-never: layer 35 experts sharded separately (reshard=True), dense params kept unsharded (reshard=False)
[rank0]:[titan] 2026-09-21 13:52:33,851 - torchtitan.distributed.fsdp - INFO - fsdp dense-never: layer 36 experts sharded separately (reshard=True), dense params kept unsharded (reshard=False)
[rank0]:[titan] 2026-09-21 13:52:33,873 - torchtitan.distributed.fsdp - INFO - fsdp dense-never: layer 37 experts sharded separately (reshard=True), dense params kept unsharded (reshard=False)
[rank0]:[titan] 2026-09-21 13:52:33,891 - torchtitan.distributed.fsdp - INFO - fsdp dense-never: layer 38 experts sharded separately (reshard=True), dense params kept unsharded (reshard=False)
[rank0]:[titan] 2026-09-21 13:52:33,914 - torchtitan.distributed.fsdp - INFO - fsdp dense-never: layer 39 experts sharded separately (reshard=True), dense params kept unsharded (reshard=False)
[rank0]:[titan] 2026-09-21 13:52:16,743 - torchtitan.trainer - INFO - Model deepseek_v4 deepseek_v4_flash size: 284,332,230,231 total parameters
[rank0]:[titan] 2026-09-21 13:52:16,746 - torchtitan.distributed.minimal_async_ep.api - INFO - Initializing MinimalAsyncEP buffer: hidden_dim=4096, num_max_tokens_per_rank=98304, top_k=6, num_local_experts=128, ep_size=2, max_routed_tokens=1179648
[rank0]:[titan] 2026-09-21 13:52:32,946 - torchtitan.distributed.activation_checkpoint - INFO - Applied FullAC activation checkpointing to the model
[rank0]:[titan] 2026-09-21 13:52:32,974 - torchtitan.distributed.fsdp - INFO - fsdp dense-never: layer 0 experts sharded separately (reshard=True), dense params kept unsharded (reshard=False)
[rank0]:[titan] 2026-09-21 13:52:33,200 - torchtitan.distributed.fsdp - INFO - fsdp dense-never: layer 1 experts sharded separately (reshard=True), dense params kept unsharded (reshard=False)
[rank0]:[titan] 2026-09-21 13:52:33,216 - torchtitan.distributed.fsdp - INFO - fsdp dense-never: layer 2 experts sharded separately (reshard=True), dense params kept unsharded (reshard=False)
[rank0]:[titan] 2026-09-21 13:52:33,264 - torchtitan.distributed.fsdp - INFO - fsdp dense-never: layer 3 experts sharded separately (reshard=True), dense params kept unsharded (reshard=False)
[rank0]:[titan] 2026-09-21 13:52:33,289 - torchtitan.distributed.fsdp - INFO - fsdp dense-never: layer 4 experts sharded separately (reshard=True), dense params kept unsharded (reshard=False)
[rank0]:[titan] 2026-09-21 13:52:33,311 - torchtitan.distributed.fsdp - INFO - fsdp dense-never: layer 5 experts sharded separately (reshard=True), dense params kept unsharded (reshard=False)
[rank0]:[titan] 2026-09-21 13:52:33,329 - torchtitan.distributed.fsdp - INFO - fsdp dense-never: layer 6 experts sharded separately (reshard=True), dense params kept unsharded (reshard=False)
[rank0]:[titan] 2026-09-21 13:52:33,351 - torchtitan.distributed.fsdp - INFO - fsdp dense-never: layer 7 experts sharded separately (reshard=True), dense params kept unsharded (reshard=False)
[rank0]:[titan] 2026-09-21 13:52:33,369 - torchtitan.distributed.fsdp - INFO - fsdp dense-never: layer 8 experts sharded separately (reshard=True), dense params kept unsharded (reshard=False)
[rank0]:[titan] 2026-09-21 13:52:33,391 - torchtitan.distributed.fsdp - INFO - fsdp dense-never: layer 9 experts sharded separately (reshard=True), dense params kept unsharded (reshard=False)
[rank0]:[titan] 2026-09-21 13:52:33,409 - torchtitan.distributed.fsdp - INFO - fsdp dense-never: layer 10 experts sharded separately (reshard=True), dense params kept unsharded (reshard=False)
[rank0]:[titan] 2026-09-21 13:52:33,431 - torchtitan.distributed.fsdp - INFO - fsdp dense-never: layer 11 experts sharded separately (reshard=True), dense params kept unsharded (reshard=False)
[rank0]:[titan] 2026-09-21 13:52:33,449 - torchtitan.distributed.fsdp - INFO - fsdp dense-never: layer 12 experts sharded separately (reshard=True), dense params kept unsharded (reshard=False)
[rank0]:[titan] 2026-09-21 13:52:33,471 - torchtitan.distributed.fsdp - INFO - fsdp dense-never: layer 13 experts sharded separately (reshard=True), dense params kept unsharded (reshard=False)
[rank0]:[titan] 2026-09-21 13:52:33,489 - torchtitan.distributed.fsdp - INFO - fsdp dense-never: layer 14 experts sharded separately (reshard=True), dense params kept unsharded (reshard=False)
[rank0]:[titan] 2026-09-21 13:52:33,511 - torchtitan.distributed.fsdp - INFO - fsdp dense-never: layer 15 experts sharded separately (reshard=True), dense params kept unsharded (reshard=False)
[rank0]:[titan] 2026-09-21 13:52:33,529 - torchtitan.distributed.fsdp - INFO - fsdp dense-never: layer 16 experts sharded separately (reshard=True), dense params kept unsharded (reshard=False)
[rank0]:[titan] 2026-09-21 13:52:33,551 - torchtitan.distributed.fsdp - INFO - fsdp dense-never: layer 17 experts sharded separately (reshard=True), dense params kept unsharded (reshard=False)
[rank0]:[titan] 2026-09-21 13:52:33,569 - torchtitan.distributed.fsdp - INFO - fsdp dense-never: layer 18 experts sharded separately (reshard=True), dense params kept unsharded (reshard=False)
[rank0]:[titan] 2026-09-21 13:52:33,591 - torchtitan.distributed.fsdp - INFO - fsdp dense-never: layer 19 experts sharded separately (reshard=True), dense params kept unsharded (reshard=False)
[rank0]:[titan] 2026-09-21 13:52:33,609 - torchtitan.distributed.fsdp - INFO - fsdp dense-never: layer 20 experts sharded separately (reshard=True), dense params kept unsharded (reshard=False)
[rank0]:[titan] 2026-09-21 13:52:33,631 - torchtitan.distributed.fsdp - INFO - fsdp dense-never: layer 21 experts sharded separately (reshard=True), dense params kept unsharded (reshard=False)
[rank0]:[titan] 2026-09-21 13:52:33,650 - torchtitan.distributed.fsdp - INFO - fsdp dense-never: layer 22 experts sharded separately (reshard=True), dense params kept unsharded (reshard=False)
[rank0]:[titan] 2026-09-21 13:52:33,671 - torchtitan.distributed.fsdp - INFO - fsdp dense-never: layer 23 experts sharded separately (reshard=True), dense params kept unsharded (reshard=False)
[rank0]:[titan] 2026-09-21 13:52:33,689 - torchtitan.distributed.fsdp - INFO - fsdp dense-never: layer 24 experts sharded separately (reshard=True), dense params kept unsharded (reshard=False)
[rank0]:[titan] 2026-09-21 13:52:33,711 - torchtitan.distributed.fsdp - INFO - fsdp dense-never: layer 25 experts sharded separately (reshard=True), dense params kept unsharded (reshard=False)
[rank0]:[titan] 2026-09-21 13:52:33,729 - torchtitan.distributed.fsdp - INFO - fsdp dense-never: layer 26 experts sharded separately (reshard=True), dense params kept unsharded (reshard=False)
[rank0]:[titan] 2026-09-21 13:52:33,751 - torchtitan.distributed.fsdp - INFO - fsdp dense-never: layer 27 experts sharded separately (reshard=True), dense params kept unsharded (reshard=False)
[rank0]:[titan] 2026-09-21 13:52:33,769 - torchtitan.distributed.fsdp - INFO - fsdp dense-never: layer 28 experts sharded separately (reshard=True), dense params kept unsharded (reshard=False)
[rank0]:[titan] 2026-09-21 13:52:33,791 - torchtitan.distributed.fsdp - INFO - fsdp dense-never: layer 29 experts sharded separately (reshard=True), dense params kept unsharded (reshard=False)
[rank0]:[titan] 2026-09-21 13:52:33,809 - torchtitan.distributed.fsdp - INFO - fsdp dense-never: layer 30 experts sharded separately (reshard=True), dense params kept unsharded (reshard=False)
[rank0]:[titan] 2026-09-21 13:52:33,831 - torchtitan.distributed.fsdp - INFO - fsdp dense-never: layer 31 experts sharded separately (reshard=True), dense params kept unsharded (reshard=False)
[rank0]:[titan] 2026-09-21 13:52:33,849 - torchtitan.distributed.fsdp - INFO - fsdp dense-never: layer 32 experts sharded separately (reshard=True), dense params kept unsharded (reshard=False)
[rank0]:[titan] 2026-09-21 13:52:33,871 - torchtitan.distributed.fsdp - INFO - fsdp dense-never: layer 33 experts sharded separately (reshard=True), dense params kept unsharded (reshard=False)
[rank0]:[titan] 2026-09-21 13:52:33,889 - torchtitan.distributed.fsdp - INFO - fsdp dense-never: layer 34 experts sharded separately (reshard=True), dense params kept unsharded (reshard=False)
[rank0]:[titan] 2026-09-21 13:52:33,911 - torchtitan.distributed.fsdp - INFO - fsdp dense-never: layer 35 experts sharded separately (reshard=True), dense params kept unsharded (reshard=False)
[rank0]:[titan] 2026-09-21 13:52:33,929 - torchtitan.distributed.fsdp - INFO - fsdp dense-never: layer 36 experts sharded separately (reshard=True), dense params kept unsharded (reshard=False)
[rank0]:[titan] 2026-09-21 13:52:33,951 - torchtitan.distributed.fsdp - INFO - fsdp dense-never: layer 37 experts sharded separately (reshard=True), dense params kept unsharded (reshard=False)
[rank0]:[titan] 2026-09-21 13:52:33,970 - torchtitan.distributed.fsdp - INFO - fsdp dense-never: layer 38 experts sharded separately (reshard=True), dense params kept unsharded (reshard=False)
[rank0]:[titan] 2026-09-21 13:52:33,991 - torchtitan.distributed.fsdp - INFO - fsdp dense-never: layer 39 experts sharded separately (reshard=True), dense params kept unsharded (reshard=False)
[rank0]:[titan] 2026-09-21 13:52:16,750 - torchtitan.trainer - INFO - Model deepseek_v4 deepseek_v4_flash size: 284,332,230,231 total parameters
[rank0]:[titan] 2026-09-21 13:52:16,755 - torchtitan.distributed.minimal_async_ep.api - INFO - Initializing MinimalAsyncEP buffer: hidden_dim=4096, num_max_tokens_per_rank=98304, top_k=6, num_local_experts=128, ep_size=2, max_routed_tokens=1179648
[rank0]:[titan] 2026-09-21 13:52:32,982 - torchtitan.distributed.activation_checkpoint - INFO - Applied FullAC activation checkpointing to the model
[rank0]:[titan] 2026-09-21 13:52:33,011 - torchtitan.distributed.fsdp - INFO - fsdp dense-never: layer 0 experts sharded separately (reshard=True), dense params kept unsharded (reshard=False)
[rank0]:[titan] 2026-09-21 13:52:33,236 - torchtitan.distributed.fsdp - INFO - fsdp dense-never: layer 1 experts sharded separately (reshard=True), dense params kept unsharded (reshard=False)
[rank0]:[titan] 2026-09-21 13:52:33,253 - torchtitan.distributed.fsdp - INFO - fsdp dense-never: layer 2 experts sharded separately (reshard=True), dense params kept unsharded (reshard=False)
[rank0]:[titan] 2026-09-21 13:52:33,302 - torchtitan.distributed.fsdp - INFO - fsdp dense-never: layer 3 experts sharded separately (reshard=True), dense params kept unsharded (reshard=False)
[rank0]:[titan] 2026-09-21 13:52:33,327 - torchtitan.distributed.fsdp - INFO - fsdp dense-never: layer 4 experts sharded separately (reshard=True), dense params kept unsharded (reshard=False)
[rank0]:[titan] 2026-09-21 13:52:33,350 - torchtitan.distributed.fsdp - INFO - fsdp dense-never: layer 5 experts sharded separately (reshard=True), dense params kept unsharded (reshard=False)
[rank0]:[titan] 2026-09-21 13:52:33,369 - torchtitan.distributed.fsdp - INFO - fsdp dense-never: layer 6 experts sharded separately (reshard=True), dense params kept unsharded (reshard=False)
[rank0]:[titan] 2026-09-21 13:52:33,392 - torchtitan.distributed.fsdp - INFO - fsdp dense-never: layer 7 experts sharded separately (reshard=True), dense params kept unsharded (reshard=False)
[rank0]:[titan] 2026-09-21 13:52:33,411 - torchtitan.distributed.fsdp - INFO - fsdp dense-never: layer 8 experts sharded separately (reshard=True), dense params kept unsharded (reshard=False)
[rank0]:[titan] 2026-09-21 13:52:33,434 - torchtitan.distributed.fsdp - INFO - fsdp dense-never: layer 9 experts sharded separately (reshard=True), dense params kept unsharded (reshard=False)
[rank0]:[titan] 2026-09-21 13:52:33,452 - torchtitan.distributed.fsdp - INFO - fsdp dense-never: layer 10 experts sharded separately (reshard=True), dense params kept unsharded (reshard=False)
[rank0]:[titan] 2026-09-21 13:52:33,475 - torchtitan.distributed.fsdp - INFO - fsdp dense-never: layer 11 experts sharded separately (reshard=True), dense params kept unsharded (reshard=False)
[rank0]:[titan] 2026-09-21 13:52:33,494 - torchtitan.distributed.fsdp - INFO - fsdp dense-never: layer 12 experts sharded separately (reshard=True), dense params kept unsharded (reshard=False)
[rank0]:[titan] 2026-09-21 13:52:33,516 - torchtitan.distributed.fsdp - INFO - fsdp dense-never: layer 13 experts sharded separately (reshard=True), dense params kept unsharded (reshard=False)
[rank0]:[titan] 2026-09-21 13:52:33,535 - torchtitan.distributed.fsdp - INFO - fsdp dense-never: layer 14 experts sharded separately (reshard=True), dense params kept unsharded (reshard=False)
[rank0]:[titan] 2026-09-21 13:52:33,557 - torchtitan.distributed.fsdp - INFO - fsdp dense-never: layer 15 experts sharded separately (reshard=True), dense params kept unsharded (reshard=False)
[rank0]:[titan] 2026-09-21 13:52:33,576 - torchtitan.distributed.fsdp - INFO - fsdp dense-never: layer 16 experts sharded separately (reshard=True), dense params kept unsharded (reshard=False)
[rank0]:[titan] 2026-09-21 13:52:33,598 - torchtitan.distributed.fsdp - INFO - fsdp dense-never: layer 17 experts sharded separately (reshard=True), dense params kept unsharded (reshard=False)
[rank0]:[titan] 2026-09-21 13:52:33,617 - torchtitan.distributed.fsdp - INFO - fsdp dense-never: layer 18 experts sharded separately (reshard=True), dense params kept unsharded (reshard=False)
[rank0]:[titan] 2026-09-21 13:52:33,640 - torchtitan.distributed.fsdp - INFO - fsdp dense-never: layer 19 experts sharded separately (reshard=True), dense params kept unsharded (reshard=False)
[rank0]:[titan] 2026-09-21 13:52:33,658 - torchtitan.distributed.fsdp - INFO - fsdp dense-never: layer 20 experts sharded separately (reshard=True), dense params kept unsharded (reshard=False)
[rank0]:[titan] 2026-09-21 13:52:33,681 - torchtitan.distributed.fsdp - INFO - fsdp dense-never: layer 21 experts sharded separately (reshard=True), dense params kept unsharded (reshard=False)
[rank0]:[titan] 2026-09-21 13:52:33,700 - torchtitan.distributed.fsdp - INFO - fsdp dense-never: layer 22 experts sharded separately (reshard=True), dense params kept unsharded (reshard=False)
[rank0]:[titan] 2026-09-21 13:52:33,722 - torchtitan.distributed.fsdp - INFO - fsdp dense-never: layer 23 experts sharded separately (reshard=True), dense params kept unsharded (reshard=False)
[rank0]:[titan] 2026-09-21 13:52:33,741 - torchtitan.distributed.fsdp - INFO - fsdp dense-never: layer 24 experts sharded separately (reshard=True), dense params kept unsharded (reshard=False)
[rank0]:[titan] 2026-09-21 13:52:33,763 - torchtitan.distributed.fsdp - INFO - fsdp dense-never: layer 25 experts sharded separately (reshard=True), dense params kept unsharded (reshard=False)
[rank0]:[titan] 2026-09-21 13:52:33,782 - torchtitan.distributed.fsdp - INFO - fsdp dense-never: layer 26 experts sharded separately (reshard=True), dense params kept unsharded (reshard=False)
[rank0]:[titan] 2026-09-21 13:52:33,805 - torchtitan.distributed.fsdp - INFO - fsdp dense-never: layer 27 experts sharded separately (reshard=True), dense params kept unsharded (reshard=False)
[rank0]:[titan] 2026-09-21 13:52:33,824 - torchtitan.distributed.fsdp - INFO - fsdp dense-never: layer 28 experts sharded separately (reshard=True), dense params kept unsharded (reshard=False)
[rank0]:[titan] 2026-09-21 13:52:33,846 - torchtitan.distributed.fsdp - INFO - fsdp dense-never: layer 29 experts sharded separately (reshard=True), dense params kept unsharded (reshard=False)
[rank0]:[titan] 2026-09-21 13:52:33,865 - torchtitan.distributed.fsdp - INFO - fsdp dense-never: layer 30 experts sharded separately (reshard=True), dense params kept unsharded (reshard=False)
[rank0]:[titan] 2026-09-21 13:52:33,888 - torchtitan.distributed.fsdp - INFO - fsdp dense-never: layer 31 experts sharded separately (reshard=True), dense params kept unsharded (reshard=False)
[rank0]:[titan] 2026-09-21 13:52:33,907 - torchtitan.distributed.fsdp - INFO - fsdp dense-never: layer 32 experts sharded separately (reshard=True), dense params kept unsharded (reshard=False)
[rank0]:[titan] 2026-09-21 13:52:33,929 - torchtitan.distributed.fsdp - INFO - fsdp dense-never: layer 33 experts sharded separately (reshard=True), dense params kept unsharded (reshard=False)
[rank0]:[titan] 2026-09-21 13:52:33,948 - torchtitan.distributed.fsdp - INFO - fsdp dense-never: layer 34 experts sharded separately (reshard=True), dense params kept unsharded (reshard=False)
[rank0]:[titan] 2026-09-21 13:52:33,971 - torchtitan.distributed.fsdp - INFO - fsdp dense-never: layer 35 experts sharded separately (reshard=True), dense params kept unsharded (reshard=False)
[rank0]:[titan] 2026-09-21 13:52:33,989 - torchtitan.distributed.fsdp - INFO - fsdp dense-never: layer 36 experts sharded separately (reshard=True), dense params kept unsharded (reshard=False)
[rank0]:[titan] 2026-09-21 13:52:34,012 - torchtitan.distributed.fsdp - INFO - fsdp dense-never: layer 37 experts sharded separately (reshard=True), dense params kept unsharded (reshard=False)
[rank0]:[titan] 2026-09-21 13:52:34,031 - torchtitan.distributed.fsdp - INFO - fsdp dense-never: layer 38 experts sharded separately (reshard=True), dense params kept unsharded (reshard=False)
[rank0]:[titan] 2026-09-21 13:52:34,053 - torchtitan.distributed.fsdp - INFO - fsdp dense-never: layer 39 experts sharded separately (reshard=True), dense params kept unsharded (reshard=False)
[rank0]:[titan] 2026-09-21 13:52:16,726 - torchtitan.trainer - INFO - Model deepseek_v4 deepseek_v4_flash size: 284,332,230,231 total parameters
[rank0]:[titan] 2026-09-21 13:52:16,730 - torchtitan.distributed.minimal_async_ep.api - INFO - Initializing MinimalAsyncEP buffer: hidden_dim=4096, num_max_tokens_per_rank=98304, top_k=6, num_local_experts=128, ep_size=2, max_routed_tokens=1179648
[rank0]:[titan] 2026-09-21 13:52:33,301 - torchtitan.distributed.activation_checkpoint - INFO - Applied FullAC activation checkpointing to the model
[rank0]:[titan] 2026-09-21 13:52:33,328 - torchtitan.distributed.fsdp - INFO - fsdp dense-never: layer 0 experts sharded separately (reshard=True), dense params kept unsharded (reshard=False)
[rank0]:[titan] 2026-09-21 13:52:33,544 - torchtitan.distributed.fsdp - INFO - fsdp dense-never: layer 1 experts sharded separately (reshard=True), dense params kept unsharded (reshard=False)
[rank0]:[titan] 2026-09-21 13:52:33,560 - torchtitan.distributed.fsdp - INFO - fsdp dense-never: layer 2 experts sharded separately (reshard=True), dense params kept unsharded (reshard=False)
[rank0]:[titan] 2026-09-21 13:52:33,605 - torchtitan.distributed.fsdp - INFO - fsdp dense-never: layer 3 experts sharded separately (reshard=True), dense params kept unsharded (reshard=False)
[rank0]:[titan] 2026-09-21 13:52:33,629 - torchtitan.distributed.fsdp - INFO - fsdp dense-never: layer 4 experts sharded separately (reshard=True), dense params kept unsharded (reshard=False)
[rank0]:[titan] 2026-09-21 13:52:33,650 - torchtitan.distributed.fsdp - INFO - fsdp dense-never: layer 5 experts sharded separately (reshard=True), dense params kept unsharded (reshard=False)
[rank0]:[titan] 2026-09-21 13:52:33,668 - torchtitan.distributed.fsdp - INFO - fsdp dense-never: layer 6 experts sharded separately (reshard=True), dense params kept unsharded (reshard=False)
[rank0]:[titan] 2026-09-21 13:52:33,689 - torchtitan.distributed.fsdp - INFO - fsdp dense-never: layer 7 experts sharded separately (reshard=True), dense params kept unsharded (reshard=False)
[rank0]:[titan] 2026-09-21 13:52:33,706 - torchtitan.distributed.fsdp - INFO - fsdp dense-never: layer 8 experts sharded separately (reshard=True), dense params kept unsharded (reshard=False)
[rank0]:[titan] 2026-09-21 13:52:33,727 - torchtitan.distributed.fsdp - INFO - fsdp dense-never: layer 9 experts sharded separately (reshard=True), dense params kept unsharded (reshard=False)
[rank0]:[titan] 2026-09-21 13:52:33,745 - torchtitan.distributed.fsdp - INFO - fsdp dense-never: layer 10 experts sharded separately (reshard=True), dense params kept unsharded (reshard=False)
[rank0]:[titan] 2026-09-21 13:52:33,766 - torchtitan.distributed.fsdp - INFO - fsdp dense-never: layer 11 experts sharded separately (reshard=True), dense params kept unsharded (reshard=False)
[rank0]:[titan] 2026-09-21 13:52:33,783 - torchtitan.distributed.fsdp - INFO - fsdp dense-never: layer 12 experts sharded separately (reshard=True), dense params kept unsharded (reshard=False)
[rank0]:[titan] 2026-09-21 13:52:33,804 - torchtitan.distributed.fsdp - INFO - fsdp dense-never: layer 13 experts sharded separately (reshard=True), dense params kept unsharded (reshard=False)
[rank0]:[titan] 2026-09-21 13:52:33,821 - torchtitan.distributed.fsdp - INFO - fsdp dense-never: layer 14 experts sharded separately (reshard=True), dense params kept unsharded (reshard=False)
[rank0]:[titan] 2026-09-21 13:52:33,842 - torchtitan.distributed.fsdp - INFO - fsdp dense-never: layer 15 experts sharded separately (reshard=True), dense params kept unsharded (reshard=False)
[rank0]:[titan] 2026-09-21 13:52:33,859 - torchtitan.distributed.fsdp - INFO - fsdp dense-never: layer 16 experts sharded separately (reshard=True), dense params kept unsharded (reshard=False)
[rank0]:[titan] 2026-09-21 13:52:33,880 - torchtitan.distributed.fsdp - INFO - fsdp dense-never: layer 17 experts sharded separately (reshard=True), dense params kept unsharded (reshard=False)
[rank0]:[titan] 2026-09-21 13:52:33,897 - torchtitan.distributed.fsdp - INFO - fsdp dense-never: layer 18 experts sharded separately (reshard=True), dense params kept unsharded (reshard=False)
[rank0]:[titan] 2026-09-21 13:52:33,918 - torchtitan.distributed.fsdp - INFO - fsdp dense-never: layer 19 experts sharded separately (reshard=True), dense params kept unsharded (reshard=False)
[rank0]:[titan] 2026-09-21 13:52:33,936 - torchtitan.distributed.fsdp - INFO - fsdp dense-never: layer 20 experts sharded separately (reshard=True), dense params kept unsharded (reshard=False)
[rank0]:[titan] 2026-09-21 13:52:33,956 - torchtitan.distributed.fsdp - INFO - fsdp dense-never: layer 21 experts sharded separately (reshard=True), dense params kept unsharded (reshard=False)
[rank0]:[titan] 2026-09-21 13:52:33,974 - torchtitan.distributed.fsdp - INFO - fsdp dense-never: layer 22 experts sharded separately (reshard=True), dense params kept unsharded (reshard=False)
[rank0]:[titan] 2026-09-21 13:52:33,995 - torchtitan.distributed.fsdp - INFO - fsdp dense-never: layer 23 experts sharded separately (reshard=True), dense params kept unsharded (reshard=False)
[rank0]:[titan] 2026-09-21 13:52:34,012 - torchtitan.distributed.fsdp - INFO - fsdp dense-never: layer 24 experts sharded separately (reshard=True), dense params kept unsharded (reshard=False)
[rank0]:[titan] 2026-09-21 13:52:34,033 - torchtitan.distributed.fsdp - INFO - fsdp dense-never: layer 25 experts sharded separately (reshard=True), dense params kept unsharded (reshard=False)
[rank0]:[titan] 2026-09-21 13:52:34,050 - torchtitan.distributed.fsdp - INFO - fsdp dense-never: layer 26 experts sharded separately (reshard=True), dense params kept unsharded (reshard=False)
[rank0]:[titan] 2026-09-21 13:52:34,071 - torchtitan.distributed.fsdp - INFO - fsdp dense-never: layer 27 experts sharded separately (reshard=True), dense params kept unsharded (reshard=False)
[rank0]:[titan] 2026-09-21 13:52:34,089 - torchtitan.distributed.fsdp - INFO - fsdp dense-never: layer 28 experts sharded separately (reshard=True), dense params kept unsharded (reshard=False)
[rank0]:[titan] 2026-09-21 13:52:34,109 - torchtitan.distributed.fsdp - INFO - fsdp dense-never: layer 29 experts sharded separately (reshard=True), dense params kept unsharded (reshard=False)
[rank0]:[titan] 2026-09-21 13:52:34,127 - torchtitan.distributed.fsdp - INFO - fsdp dense-never: layer 30 experts sharded separately (reshard=True), dense params kept unsharded (reshard=False)
[rank0]:[titan] 2026-09-21 13:52:34,147 - torchtitan.distributed.fsdp - INFO - fsdp dense-never: layer 31 experts sharded separately (reshard=True), dense params kept unsharded (reshard=False)
[rank0]:[titan] 2026-09-21 13:52:34,165 - torchtitan.distributed.fsdp - INFO - fsdp dense-never: layer 32 experts sharded separately (reshard=True), dense params kept unsharded (reshard=False)
[rank0]:[titan] 2026-09-21 13:52:34,186 - torchtitan.distributed.fsdp - INFO - fsdp dense-never: layer 33 experts sharded separately (reshard=True), dense params kept unsharded (reshard=False)
[rank0]:[titan] 2026-09-21 13:52:34,204 - torchtitan.distributed.fsdp - INFO - fsdp dense-never: layer 34 experts sharded separately (reshard=True), dense params kept unsharded (reshard=False)
[rank0]:[titan] 2026-09-21 13:52:34,224 - torchtitan.distributed.fsdp - INFO - fsdp dense-never: layer 35 experts sharded separately (reshard=True), dense params kept unsharded (reshard=False)
[rank0]:[titan] 2026-09-21 13:52:34,242 - torchtitan.distributed.fsdp - INFO - fsdp dense-never: layer 36 experts sharded separately (reshard=True), dense params kept unsharded (reshard=False)
[rank0]:[titan] 2026-09-21 13:52:34,263 - torchtitan.distributed.fsdp - INFO - fsdp dense-never: layer 37 experts sharded separately (reshard=True), dense params kept unsharded (reshard=False)
[rank0]:[titan] 2026-09-21 13:52:34,280 - torchtitan.distributed.fsdp - INFO - fsdp dense-never: layer 38 experts sharded separately (reshard=True), dense params kept unsharded (reshard=False)
[rank0]:[titan] 2026-09-21 13:52:34,301 - torchtitan.distributed.fsdp - INFO - fsdp dense-never: layer 39 experts sharded separately (reshard=True), dense params kept unsharded (reshard=False)
[rank0]:[titan] 2026-09-21 13:52:16,730 - torchtitan.trainer - INFO - Model deepseek_v4 deepseek_v4_flash size: 284,332,230,231 total parameters
[rank0]:[titan] 2026-09-21 13:52:16,733 - torchtitan.distributed.minimal_async_ep.api - INFO - Initializing MinimalAsyncEP buffer: hidden_dim=4096, num_max_tokens_per_rank=98304, top_k=6, num_local_experts=128, ep_size=2, max_routed_tokens=1179648
[rank0]:[titan] 2026-09-21 13:52:33,467 - torchtitan.distributed.activation_checkpoint - INFO - Applied FullAC activation checkpointing to the model
[rank0]:[titan] 2026-09-21 13:52:33,492 - torchtitan.distributed.fsdp - INFO - fsdp dense-never: layer 0 experts sharded separately (reshard=True), dense params kept unsharded (reshard=False)
[rank0]:[titan] 2026-09-21 13:52:33,709 - torchtitan.distributed.fsdp - INFO - fsdp dense-never: layer 1 experts sharded separately (reshard=True), dense params kept unsharded (reshard=False)
[rank0]:[titan] 2026-09-21 13:52:33,726 - torchtitan.distributed.fsdp - INFO - fsdp dense-never: layer 2 experts sharded separately (reshard=True), dense params kept unsharded (reshard=False)
[rank0]:[titan] 2026-09-21 13:52:33,771 - torchtitan.distributed.fsdp - INFO - fsdp dense-never: layer 3 experts sharded separately (reshard=True), dense params kept unsharded (reshard=False)
[rank0]:[titan] 2026-09-21 13:52:33,795 - torchtitan.distributed.fsdp - INFO - fsdp dense-never: layer 4 experts sharded separately (reshard=True), dense params kept unsharded (reshard=False)
[rank0]:[titan] 2026-09-21 13:52:33,816 - torchtitan.distributed.fsdp - INFO - fsdp dense-never: layer 5 experts sharded separately (reshard=True), dense params kept unsharded (reshard=False)
[rank0]:[titan] 2026-09-21 13:52:33,834 - torchtitan.distributed.fsdp - INFO - fsdp dense-never: layer 6 experts sharded separately (reshard=True), dense params kept unsharded (reshard=False)
[rank0]:[titan] 2026-09-21 13:52:33,855 - torchtitan.distributed.fsdp - INFO - fsdp dense-never: layer 7 experts sharded separately (reshard=True), dense params kept unsharded (reshard=False)
[rank0]:[titan] 2026-09-21 13:52:33,873 - torchtitan.distributed.fsdp - INFO - fsdp dense-never: layer 8 experts sharded separately (reshard=True), dense params kept unsharded (reshard=False)
[rank0]:[titan] 2026-09-21 13:52:33,894 - torchtitan.distributed.fsdp - INFO - fsdp dense-never: layer 9 experts sharded separately (reshard=True), dense params kept unsharded (reshard=False)
[rank0]:[titan] 2026-09-21 13:52:33,912 - torchtitan.distributed.fsdp - INFO - fsdp dense-never: layer 10 experts sharded separately (reshard=True), dense params kept unsharded (reshard=False)
[rank0]:[titan] 2026-09-21 13:52:33,933 - torchtitan.distributed.fsdp - INFO - fsdp dense-never: layer 11 experts sharded separately (reshard=True), dense params kept unsharded (reshard=False)
[rank0]:[titan] 2026-09-21 13:52:33,950 - torchtitan.distributed.fsdp - INFO - fsdp dense-never: layer 12 experts sharded separately (reshard=True), dense params kept unsharded (reshard=False)
[rank0]:[titan] 2026-09-21 13:52:33,971 - torchtitan.distributed.fsdp - INFO - fsdp dense-never: layer 13 experts sharded separately (reshard=True), dense params kept unsharded (reshard=False)
[rank0]:[titan] 2026-09-21 13:52:33,989 - torchtitan.distributed.fsdp - INFO - fsdp dense-never: layer 14 experts sharded separately (reshard=True), dense params kept unsharded (reshard=False)
[rank0]:[titan] 2026-09-21 13:52:34,010 - torchtitan.distributed.fsdp - INFO - fsdp dense-never: layer 15 experts sharded separately (reshard=True), dense params kept unsharded (reshard=False)
[rank0]:[titan] 2026-09-21 13:52:34,028 - torchtitan.distributed.fsdp - INFO - fsdp dense-never: layer 16 experts sharded separately (reshard=True), dense params kept unsharded (reshard=False)
[rank0]:[titan] 2026-09-21 13:52:34,049 - torchtitan.distributed.fsdp - INFO - fsdp dense-never: layer 17 experts sharded separately (reshard=True), dense params kept unsharded (reshard=False)
[rank0]:[titan] 2026-09-21 13:52:34,066 - torchtitan.distributed.fsdp - INFO - fsdp dense-never: layer 18 experts sharded separately (reshard=True), dense params kept unsharded (reshard=False)
[rank0]:[titan] 2026-09-21 13:52:34,087 - torchtitan.distributed.fsdp - INFO - fsdp dense-never: layer 19 experts sharded separately (reshard=True), dense params kept unsharded (reshard=False)
[rank0]:[titan] 2026-09-21 13:52:34,105 - torchtitan.distributed.fsdp - INFO - fsdp dense-never: layer 20 experts sharded separately (reshard=True), dense params kept unsharded (reshard=False)
[rank0]:[titan] 2026-09-21 13:52:34,126 - torchtitan.distributed.fsdp - INFO - fsdp dense-never: layer 21 experts sharded separately (reshard=True), dense params kept unsharded (reshard=False)
[rank0]:[titan] 2026-09-21 13:52:34,144 - torchtitan.distributed.fsdp - INFO - fsdp dense-never: layer 22 experts sharded separately (reshard=True), dense params kept unsharded (reshard=False)
[rank0]:[titan] 2026-09-21 13:52:34,165 - torchtitan.distributed.fsdp - INFO - fsdp dense-never: layer 23 experts sharded separately (reshard=True), dense params kept unsharded (reshard=False)
[rank0]:[titan] 2026-09-21 13:52:34,182 - torchtitan.distributed.fsdp - INFO - fsdp dense-never: layer 24 experts sharded separately (reshard=True), dense params kept unsharded (reshard=False)
[rank0]:[titan] 2026-09-21 13:52:34,203 - torchtitan.distributed.fsdp - INFO - fsdp dense-never: layer 25 experts sharded separately (reshard=True), dense params kept unsharded (reshard=False)
[rank0]:[titan] 2026-09-21 13:52:34,221 - torchtitan.distributed.fsdp - INFO - fsdp dense-never: layer 26 experts sharded separately (reshard=True), dense params kept unsharded (reshard=False)
[rank0]:[titan] 2026-09-21 13:52:34,241 - torchtitan.distributed.fsdp - INFO - fsdp dense-never: layer 27 experts sharded separately (reshard=True), dense params kept unsharded (reshard=False)
[rank0]:[titan] 2026-09-21 13:52:34,259 - torchtitan.distributed.fsdp - INFO - fsdp dense-never: layer 28 experts sharded separately (reshard=True), dense params kept unsharded (reshard=False)
[rank0]:[titan] 2026-09-21 13:52:34,280 - torchtitan.distributed.fsdp - INFO - fsdp dense-never: layer 29 experts sharded separately (reshard=True), dense params kept unsharded (reshard=False)
[rank0]:[titan] 2026-09-21 13:52:34,298 - torchtitan.distributed.fsdp - INFO - fsdp dense-never: layer 30 experts sharded separately (reshard=True), dense params kept unsharded (reshard=False)
[rank0]:[titan] 2026-09-21 13:52:34,318 - torchtitan.distributed.fsdp - INFO - fsdp dense-never: layer 31 experts sharded separately (reshard=True), dense params kept unsharded (reshard=False)
[rank0]:[titan] 2026-09-21 13:52:34,336 - torchtitan.distributed.fsdp - INFO - fsdp dense-never: layer 32 experts sharded separately (reshard=True), dense params kept unsharded (reshard=False)
[rank0]:[titan] 2026-09-21 13:52:34,357 - torchtitan.distributed.fsdp - INFO - fsdp dense-never: layer 33 experts sharded separately (reshard=True), dense params kept unsharded (reshard=False)
[rank0]:[titan] 2026-09-21 13:52:34,374 - torchtitan.distributed.fsdp - INFO - fsdp dense-never: layer 34 experts sharded separately (reshard=True), dense params kept unsharded (reshard=False)
[rank0]:[titan] 2026-09-21 13:52:34,395 - torchtitan.distributed.fsdp - INFO - fsdp dense-never: layer 35 experts sharded separately (reshard=True), dense params kept unsharded (reshard=False)
[rank0]:[titan] 2026-09-21 13:52:34,413 - torchtitan.distributed.fsdp - INFO - fsdp dense-never: layer 36 experts sharded separately (reshard=True), dense params kept unsharded (reshard=False)
[rank0]:[titan] 2026-09-21 13:52:34,434 - torchtitan.distributed.fsdp - INFO - fsdp dense-never: layer 37 experts sharded separately (reshard=True), dense params kept unsharded (reshard=False)
[rank0]:[titan] 2026-09-21 13:52:34,451 - torchtitan.distributed.fsdp - INFO - fsdp dense-never: layer 38 experts sharded separately (reshard=True), dense params kept unsharded (reshard=False)
[rank0]:[titan] 2026-09-21 13:52:34,472 - torchtitan.distributed.fsdp - INFO - fsdp dense-never: layer 39 experts sharded separately (reshard=True), dense params kept unsharded (reshard=False)
[rank0]:[titan] 2026-09-21 13:52:19,626 - torchtitan.trainer - INFO - Model deepseek_v4 deepseek_v4_flash size: 284,332,230,231 total parameters
[rank0]:[titan] 2026-09-21 13:52:19,636 - torchtitan.distributed.minimal_async_ep.api - INFO - Initializing MinimalAsyncEP buffer: hidden_dim=4096, num_max_tokens_per_rank=98304, top_k=6, num_local_experts=128, ep_size=2, max_routed_tokens=1179648
[rank0]:[titan] 2026-09-21 13:52:33,313 - torchtitan.distributed.activation_checkpoint - INFO - Applied FullAC activation checkpointing to the model
[rank0]:[titan] 2026-09-21 13:52:33,357 - torchtitan.distributed.fsdp - INFO - fsdp dense-never: layer 0 experts sharded separately (reshard=True), dense params kept unsharded (reshard=False)
[rank0]:[titan] 2026-09-21 13:52:33,596 - torchtitan.distributed.fsdp - INFO - fsdp dense-never: layer 1 experts sharded separately (reshard=True), dense params kept unsharded (reshard=False)
[rank0]:[titan] 2026-09-21 13:52:33,615 - torchtitan.distributed.fsdp - INFO - fsdp dense-never: layer 2 experts sharded separately (reshard=True), dense params kept unsharded (reshard=False)
[rank0]:[titan] 2026-09-21 13:52:33,669 - torchtitan.distributed.fsdp - INFO - fsdp dense-never: layer 3 experts sharded separately (reshard=True), dense params kept unsharded (reshard=False)
[rank0]:[titan] 2026-09-21 13:52:33,697 - torchtitan.distributed.fsdp - INFO - fsdp dense-never: layer 4 experts sharded separately (reshard=True), dense params kept unsharded (reshard=False)
[rank0]:[titan] 2026-09-21 13:52:33,723 - torchtitan.distributed.fsdp - INFO - fsdp dense-never: layer 5 experts sharded separately (reshard=True), dense params kept unsharded (reshard=False)
[rank0]:[titan] 2026-09-21 13:52:33,744 - torchtitan.distributed.fsdp - INFO - fsdp dense-never: layer 6 experts sharded separately (reshard=True), dense params kept unsharded (reshard=False)
[rank0]:[titan] 2026-09-21 13:52:33,768 - torchtitan.distributed.fsdp - INFO - fsdp dense-never: layer 7 experts sharded separately (reshard=True), dense params kept unsharded (reshard=False)
[rank0]:[titan] 2026-09-21 13:52:33,790 - torchtitan.distributed.fsdp - INFO - fsdp dense-never: layer 8 experts sharded separately (reshard=True), dense params kept unsharded (reshard=False)
[rank0]:[titan] 2026-09-21 13:52:33,815 - torchtitan.distributed.fsdp - INFO - fsdp dense-never: layer 9 experts sharded separately (reshard=True), dense params kept unsharded (reshard=False)
[rank0]:[titan] 2026-09-21 13:52:33,835 - torchtitan.distributed.fsdp - INFO - fsdp dense-never: layer 10 experts sharded separately (reshard=True), dense params kept unsharded (reshard=False)
[rank0]:[titan] 2026-09-21 13:52:33,859 - torchtitan.distributed.fsdp - INFO - fsdp dense-never: layer 11 experts sharded separately (reshard=True), dense params kept unsharded (reshard=False)
[rank0]:[titan] 2026-09-21 13:52:33,880 - torchtitan.distributed.fsdp - INFO - fsdp dense-never: layer 12 experts sharded separately (reshard=True), dense params kept unsharded (reshard=False)
[rank0]:[titan] 2026-09-21 13:52:33,905 - torchtitan.distributed.fsdp - INFO - fsdp dense-never: layer 13 experts sharded separately (reshard=True), dense params kept unsharded (reshard=False)
[rank0]:[titan] 2026-09-21 13:52:33,926 - torchtitan.distributed.fsdp - INFO - fsdp dense-never: layer 14 experts sharded separately (reshard=True), dense params kept unsharded (reshard=False)
[rank0]:[titan] 2026-09-21 13:52:33,950 - torchtitan.distributed.fsdp - INFO - fsdp dense-never: layer 15 experts sharded separately (reshard=True), dense params kept unsharded (reshard=False)
[rank0]:[titan] 2026-09-21 13:52:33,971 - torchtitan.distributed.fsdp - INFO - fsdp dense-never: layer 16 experts sharded separately (reshard=True), dense params kept unsharded (reshard=False)
[rank0]:[titan] 2026-09-21 13:52:33,996 - torchtitan.distributed.fsdp - INFO - fsdp dense-never: layer 17 experts sharded separately (reshard=True), dense params kept unsharded (reshard=False)
[rank0]:[titan] 2026-09-21 13:52:34,016 - torchtitan.distributed.fsdp - INFO - fsdp dense-never: layer 18 experts sharded separately (reshard=True), dense params kept unsharded (reshard=False)
[rank0]:[titan] 2026-09-21 13:52:34,041 - torchtitan.distributed.fsdp - INFO - fsdp dense-never: layer 19 experts sharded separately (reshard=True), dense params kept unsharded (reshard=False)
[rank0]:[titan] 2026-09-21 13:52:34,061 - torchtitan.distributed.fsdp - INFO - fsdp dense-never: layer 20 experts sharded separately (reshard=True), dense params kept unsharded (reshard=False)
[rank0]:[titan] 2026-09-21 13:52:34,085 - torchtitan.distributed.fsdp - INFO - fsdp dense-never: layer 21 experts sharded separately (reshard=True), dense params kept unsharded (reshard=False)
[rank0]:[titan] 2026-09-21 13:52:34,106 - torchtitan.distributed.fsdp - INFO - fsdp dense-never: layer 22 experts sharded separately (reshard=True), dense params kept unsharded (reshard=False)
[rank0]:[titan] 2026-09-21 13:52:34,131 - torchtitan.distributed.fsdp - INFO - fsdp dense-never: layer 23 experts sharded separately (reshard=True), dense params kept unsharded (reshard=False)
[rank0]:[titan] 2026-09-21 13:52:34,151 - torchtitan.distributed.fsdp - INFO - fsdp dense-never: layer 24 experts sharded separately (reshard=True), dense params kept unsharded (reshard=False)
[rank0]:[titan] 2026-09-21 13:52:34,175 - torchtitan.distributed.fsdp - INFO - fsdp dense-never: layer 25 experts sharded separately (reshard=True), dense params kept unsharded (reshard=False)
[rank0]:[titan] 2026-09-21 13:52:34,196 - torchtitan.distributed.fsdp - INFO - fsdp dense-never: layer 26 experts sharded separately (reshard=True), dense params kept unsharded (reshard=False)
[rank0]:[titan] 2026-09-21 13:52:34,220 - torchtitan.distributed.fsdp - INFO - fsdp dense-never: layer 27 experts sharded separately (reshard=True), dense params kept unsharded (reshard=False)
[rank0]:[titan] 2026-09-21 13:52:34,240 - torchtitan.distributed.fsdp - INFO - fsdp dense-never: layer 28 experts sharded separately (reshard=True), dense params kept unsharded (reshard=False)
[rank0]:[titan] 2026-09-21 13:52:34,264 - torchtitan.distributed.fsdp - INFO - fsdp dense-never: layer 29 experts sharded separately (reshard=True), dense params kept unsharded (reshard=False)
[rank0]:[titan] 2026-09-21 13:52:34,283 - torchtitan.distributed.fsdp - INFO - fsdp dense-never: layer 30 experts sharded separately (reshard=True), dense params kept unsharded (reshard=False)
[rank0]:[titan] 2026-09-21 13:52:34,308 - torchtitan.distributed.fsdp - INFO - fsdp dense-never: layer 31 experts sharded separately (reshard=True), dense params kept unsharded (reshard=False)
[rank0]:[titan] 2026-09-21 13:52:34,329 - torchtitan.distributed.fsdp - INFO - fsdp dense-never: layer 32 experts sharded separately (reshard=True), dense params kept unsharded (reshard=False)
[rank0]:[titan] 2026-09-21 13:52:34,353 - torchtitan.distributed.fsdp - INFO - fsdp dense-never: layer 33 experts sharded separately (reshard=True), dense params kept unsharded (reshard=False)
[rank0]:[titan] 2026-09-21 13:52:34,373 - torchtitan.distributed.fsdp - INFO - fsdp dense-never: layer 34 experts sharded separately (reshard=True), dense params kept unsharded (reshard=False)
[rank0]:[titan] 2026-09-21 13:52:34,396 - torchtitan.distributed.fsdp - INFO - fsdp dense-never: layer 35 experts sharded separately (reshard=True), dense params kept unsharded (reshard=False)
[rank0]:[titan] 2026-09-21 13:52:34,418 - torchtitan.distributed.fsdp - INFO - fsdp dense-never: layer 36 experts sharded separately (reshard=True), dense params kept unsharded (reshard=False)
[rank0]:[titan] 2026-09-21 13:52:34,442 - torchtitan.distributed.fsdp - INFO - fsdp dense-never: layer 37 experts sharded separately (reshard=True), dense params kept unsharded (reshard=False)
[rank0]:[titan] 2026-09-21 13:52:34,462 - torchtitan.distributed.fsdp - INFO - fsdp dense-never: layer 38 experts sharded separately (reshard=True), dense params kept unsharded (reshard=False)
[rank0]:[titan] 2026-09-21 13:52:34,486 - torchtitan.distributed.fsdp - INFO - fsdp dense-never: layer 39 experts sharded separately (reshard=True), dense params kept unsharded (reshard=False)
[rank0]:[titan] 2026-09-21 13:52:16,738 - torchtitan.trainer - INFO - Model deepseek_v4 deepseek_v4_flash size: 284,332,230,231 total parameters
[rank0]:[titan] 2026-09-21 13:52:16,742 - torchtitan.distributed.minimal_async_ep.api - INFO - Initializing MinimalAsyncEP buffer: hidden_dim=4096, num_max_tokens_per_rank=98304, top_k=6, num_local_experts=128, ep_size=2, max_routed_tokens=1179648
[rank0]:[titan] 2026-09-21 13:52:33,518 - torchtitan.distributed.activation_checkpoint - INFO - Applied FullAC activation checkpointing to the model
[rank0]:[titan] 2026-09-21 13:52:33,545 - torchtitan.distributed.fsdp - INFO - fsdp dense-never: layer 0 experts sharded separately (reshard=True), dense params kept unsharded (reshard=False)
[rank0]:[titan] 2026-09-21 13:52:33,765 - torchtitan.distributed.fsdp - INFO - fsdp dense-never: layer 1 experts sharded separately (reshard=True), dense params kept unsharded (reshard=False)
[rank0]:[titan] 2026-09-21 13:52:33,782 - torchtitan.distributed.fsdp - INFO - fsdp dense-never: layer 2 experts sharded separately (reshard=True), dense params kept unsharded (reshard=False)
[rank0]:[titan] 2026-09-21 13:52:33,828 - torchtitan.distributed.fsdp - INFO - fsdp dense-never: layer 3 experts sharded separately (reshard=True), dense params kept unsharded (reshard=False)
[rank0]:[titan] 2026-09-21 13:52:33,853 - torchtitan.distributed.fsdp - INFO - fsdp dense-never: layer 4 experts sharded separately (reshard=True), dense params kept unsharded (reshard=False)
[rank0]:[titan] 2026-09-21 13:52:33,875 - torchtitan.distributed.fsdp - INFO - fsdp dense-never: layer 5 experts sharded separately (reshard=True), dense params kept unsharded (reshard=False)
[rank0]:[titan] 2026-09-21 13:52:33,893 - torchtitan.distributed.fsdp - INFO - fsdp dense-never: layer 6 experts sharded separately (reshard=True), dense params kept unsharded (reshard=False)
[rank0]:[titan] 2026-09-21 13:52:33,914 - torchtitan.distributed.fsdp - INFO - fsdp dense-never: layer 7 experts sharded separately (reshard=True), dense params kept unsharded (reshard=False)
[rank0]:[titan] 2026-09-21 13:52:33,932 - torchtitan.distributed.fsdp - INFO - fsdp dense-never: layer 8 experts sharded separately (reshard=True), dense params kept unsharded (reshard=False)
[rank0]:[titan] 2026-09-21 13:52:33,954 - torchtitan.distributed.fsdp - INFO - fsdp dense-never: layer 9 experts sharded separately (reshard=True), dense params kept unsharded (reshard=False)
[rank0]:[titan] 2026-09-21 13:52:33,972 - torchtitan.distributed.fsdp - INFO - fsdp dense-never: layer 10 experts sharded separately (reshard=True), dense params kept unsharded (reshard=False)
[rank0]:[titan] 2026-09-21 13:52:33,993 - torchtitan.distributed.fsdp - INFO - fsdp dense-never: layer 11 experts sharded separately (reshard=True), dense params kept unsharded (reshard=False)
[rank0]:[titan] 2026-09-21 13:52:34,011 - torchtitan.distributed.fsdp - INFO - fsdp dense-never: layer 12 experts sharded separately (reshard=True), dense params kept unsharded (reshard=False)
[rank0]:[titan] 2026-09-21 13:52:34,033 - torchtitan.distributed.fsdp - INFO - fsdp dense-never: layer 13 experts sharded separately (reshard=True), dense params kept unsharded (reshard=False)
[rank0]:[titan] 2026-09-21 13:52:34,051 - torchtitan.distributed.fsdp - INFO - fsdp dense-never: layer 14 experts sharded separately (reshard=True), dense params kept unsharded (reshard=False)
[rank0]:[titan] 2026-09-21 13:52:34,072 - torchtitan.distributed.fsdp - INFO - fsdp dense-never: layer 15 experts sharded separately (reshard=True), dense params kept unsharded (reshard=False)
[rank0]:[titan] 2026-09-21 13:52:34,090 - torchtitan.distributed.fsdp - INFO - fsdp dense-never: layer 16 experts sharded separately (reshard=True), dense params kept unsharded (reshard=False)
[rank0]:[titan] 2026-09-21 13:52:34,112 - torchtitan.distributed.fsdp - INFO - fsdp dense-never: layer 17 experts sharded separately (reshard=True), dense params kept unsharded (reshard=False)
[rank0]:[titan] 2026-09-21 13:52:34,130 - torchtitan.distributed.fsdp - INFO - fsdp dense-never: layer 18 experts sharded separately (reshard=True), dense params kept unsharded (reshard=False)
[rank0]:[titan] 2026-09-21 13:52:34,151 - torchtitan.distributed.fsdp - INFO - fsdp dense-never: layer 19 experts sharded separately (reshard=True), dense params kept unsharded (reshard=False)
[rank0]:[titan] 2026-09-21 13:52:34,169 - torchtitan.distributed.fsdp - INFO - fsdp dense-never: layer 20 experts sharded separately (reshard=True), dense params kept unsharded (reshard=False)
[rank0]:[titan] 2026-09-21 13:52:34,191 - torchtitan.distributed.fsdp - INFO - fsdp dense-never: layer 21 experts sharded separately (reshard=True), dense params kept unsharded (reshard=False)
[rank0]:[titan] 2026-09-21 13:52:34,209 - torchtitan.distributed.fsdp - INFO - fsdp dense-never: layer 22 experts sharded separately (reshard=True), dense params kept unsharded (reshard=False)
[rank0]:[titan] 2026-09-21 13:52:34,231 - torchtitan.distributed.fsdp - INFO - fsdp dense-never: layer 23 experts sharded separately (reshard=True), dense params kept unsharded (reshard=False)
[rank0]:[titan] 2026-09-21 13:52:34,249 - torchtitan.distributed.fsdp - INFO - fsdp dense-never: layer 24 experts sharded separately (reshard=True), dense params kept unsharded (reshard=False)
[rank0]:[titan] 2026-09-21 13:52:34,271 - torchtitan.distributed.fsdp - INFO - fsdp dense-never: layer 25 experts sharded separately (reshard=True), dense params kept unsharded (reshard=False)
[rank0]:[titan] 2026-09-21 13:52:34,289 - torchtitan.distributed.fsdp - INFO - fsdp dense-never: layer 26 experts sharded separately (reshard=True), dense params kept unsharded (reshard=False)
[rank0]:[titan] 2026-09-21 13:52:34,310 - torchtitan.distributed.fsdp - INFO - fsdp dense-never: layer 27 experts sharded separately (reshard=True), dense params kept unsharded (reshard=False)
[rank0]:[titan] 2026-09-21 13:52:34,328 - torchtitan.distributed.fsdp - INFO - fsdp dense-never: layer 28 experts sharded separately (reshard=True), dense params kept unsharded (reshard=False)
[rank0]:[titan] 2026-09-21 13:52:34,350 - torchtitan.distributed.fsdp - INFO - fsdp dense-never: layer 29 experts sharded separately (reshard=True), dense params kept unsharded (reshard=False)
[rank0]:[titan] 2026-09-21 13:52:34,368 - torchtitan.distributed.fsdp - INFO - fsdp dense-never: layer 30 experts sharded separately (reshard=True), dense params kept unsharded (reshard=False)
[rank0]:[titan] 2026-09-21 13:52:34,390 - torchtitan.distributed.fsdp - INFO - fsdp dense-never: layer 31 experts sharded separately (reshard=True), dense params kept unsharded (reshard=False)
[rank0]:[titan] 2026-09-21 13:52:34,408 - torchtitan.distributed.fsdp - INFO - fsdp dense-never: layer 32 experts sharded separately (reshard=True), dense params kept unsharded (reshard=False)
[rank0]:[titan] 2026-09-21 13:52:34,429 - torchtitan.distributed.fsdp - INFO - fsdp dense-never: layer 33 experts sharded separately (reshard=True), dense params kept unsharded (reshard=False)
[rank0]:[titan] 2026-09-21 13:52:34,447 - torchtitan.distributed.fsdp - INFO - fsdp dense-never: layer 34 experts sharded separately (reshard=True), dense params kept unsharded (reshard=False)
[rank0]:[titan] 2026-09-21 13:52:34,469 - torchtitan.distributed.fsdp - INFO - fsdp dense-never: layer 35 experts sharded separately (reshard=True), dense params kept unsharded (reshard=False)
[rank0]:[titan] 2026-09-21 13:52:34,487 - torchtitan.distributed.fsdp - INFO - fsdp dense-never: layer 36 experts sharded separately (reshard=True), dense params kept unsharded (reshard=False)
[rank0]:[titan] 2026-09-21 13:52:34,509 - torchtitan.distributed.fsdp - INFO - fsdp dense-never: layer 37 experts sharded separately (reshard=True), dense params kept unsharded (reshard=False)
[rank0]:[titan] 2026-09-21 13:52:34,527 - torchtitan.distributed.fsdp - INFO - fsdp dense-never: layer 38 experts sharded separately (reshard=True), dense params kept unsharded (reshard=False)
[rank0]:[titan] 2026-09-21 13:52:34,549 - torchtitan.distributed.fsdp - INFO - fsdp dense-never: layer 39 experts sharded separately (reshard=True), dense params kept unsharded (reshard=False)
[rank0]:[titan] 2026-09-21 13:52:16,745 - torchtitan.trainer - INFO - Model deepseek_v4 deepseek_v4_flash size: 284,332,230,231 total parameters
[rank0]:[titan] 2026-09-21 13:52:16,750 - torchtitan.distributed.minimal_async_ep.api - INFO - Initializing MinimalAsyncEP buffer: hidden_dim=4096, num_max_tokens_per_rank=98304, top_k=6, num_local_experts=128, ep_size=2, max_routed_tokens=1179648
[rank0]:[titan] 2026-09-21 13:52:33,487 - torchtitan.distributed.activation_checkpoint - INFO - Applied FullAC activation checkpointing to the model
[rank0]:[titan] 2026-09-21 13:52:33,513 - torchtitan.distributed.fsdp - INFO - fsdp dense-never: layer 0 experts sharded separately (reshard=True), dense params kept unsharded (reshard=False)
[rank0]:[titan] 2026-09-21 13:52:33,734 - torchtitan.distributed.fsdp - INFO - fsdp dense-never: layer 1 experts sharded separately (reshard=True), dense params kept unsharded (reshard=False)
[rank0]:[titan] 2026-09-21 13:52:33,751 - torchtitan.distributed.fsdp - INFO - fsdp dense-never: layer 2 experts sharded separately (reshard=True), dense params kept unsharded (reshard=False)
[rank0]:[titan] 2026-09-21 13:52:33,797 - torchtitan.distributed.fsdp - INFO - fsdp dense-never: layer 3 experts sharded separately (reshard=True), dense params kept unsharded (reshard=False)
[rank0]:[titan] 2026-09-21 13:52:33,821 - torchtitan.distributed.fsdp - INFO - fsdp dense-never: layer 4 experts sharded separately (reshard=True), dense params kept unsharded (reshard=False)
[rank0]:[titan] 2026-09-21 13:52:33,843 - torchtitan.distributed.fsdp - INFO - fsdp dense-never: layer 5 experts sharded separately (reshard=True), dense params kept unsharded (reshard=False)
[rank0]:[titan] 2026-09-21 13:52:33,861 - torchtitan.distributed.fsdp - INFO - fsdp dense-never: layer 6 experts sharded separately (reshard=True), dense params kept unsharded (reshard=False)
[rank0]:[titan] 2026-09-21 13:52:33,882 - torchtitan.distributed.fsdp - INFO - fsdp dense-never: layer 7 experts sharded separately (reshard=True), dense params kept unsharded (reshard=False)
[rank0]:[titan] 2026-09-21 13:52:33,900 - torchtitan.distributed.fsdp - INFO - fsdp dense-never: layer 8 experts sharded separately (reshard=True), dense params kept unsharded (reshard=False)
[rank0]:[titan] 2026-09-21 13:52:33,921 - torchtitan.distributed.fsdp - INFO - fsdp dense-never: layer 9 experts sharded separately (reshard=True), dense params kept unsharded (reshard=False)
[rank0]:[titan] 2026-09-21 13:52:33,938 - torchtitan.distributed.fsdp - INFO - fsdp dense-never: layer 10 experts sharded separately (reshard=True), dense params kept unsharded (reshard=False)
[rank0]:[titan] 2026-09-21 13:52:33,959 - torchtitan.distributed.fsdp - INFO - fsdp dense-never: layer 11 experts sharded separately (reshard=True), dense params kept unsharded (reshard=False)
[rank0]:[titan] 2026-09-21 13:52:33,977 - torchtitan.distributed.fsdp - INFO - fsdp dense-never: layer 12 experts sharded separately (reshard=True), dense params kept unsharded (reshard=False)
[rank0]:[titan] 2026-09-21 13:52:33,997 - torchtitan.distributed.fsdp - INFO - fsdp dense-never: layer 13 experts sharded separately (reshard=True), dense params kept unsharded (reshard=False)
[rank0]:[titan] 2026-09-21 13:52:34,015 - torchtitan.distributed.fsdp - INFO - fsdp dense-never: layer 14 experts sharded separately (reshard=True), dense params kept unsharded (reshard=False)
[rank0]:[titan] 2026-09-21 13:52:34,036 - torchtitan.distributed.fsdp - INFO - fsdp dense-never: layer 15 experts sharded separately (reshard=True), dense params kept unsharded (reshard=False)
[rank0]:[titan] 2026-09-21 13:52:34,054 - torchtitan.distributed.fsdp - INFO - fsdp dense-never: layer 16 experts sharded separately (reshard=True), dense params kept unsharded (reshard=False)
[rank0]:[titan] 2026-09-21 13:52:34,075 - torchtitan.distributed.fsdp - INFO - fsdp dense-never: layer 17 experts sharded separately (reshard=True), dense params kept unsharded (reshard=False)
[rank0]:[titan] 2026-09-21 13:52:34,093 - torchtitan.distributed.fsdp - INFO - fsdp dense-never: layer 18 experts sharded separately (reshard=True), dense params kept unsharded (reshard=False)
[rank0]:[titan] 2026-09-21 13:52:34,114 - torchtitan.distributed.fsdp - INFO - fsdp dense-never: layer 19 experts sharded separately (reshard=True), dense params kept unsharded (reshard=False)
[rank0]:[titan] 2026-09-21 13:52:34,132 - torchtitan.distributed.fsdp - INFO - fsdp dense-never: layer 20 experts sharded separately (reshard=True), dense params kept unsharded (reshard=False)
[rank0]:[titan] 2026-09-21 13:52:34,154 - torchtitan.distributed.fsdp - INFO - fsdp dense-never: layer 21 experts sharded separately (reshard=True), dense params kept unsharded (reshard=False)
[rank0]:[titan] 2026-09-21 13:52:34,171 - torchtitan.distributed.fsdp - INFO - fsdp dense-never: layer 22 experts sharded separately (reshard=True), dense params kept unsharded (reshard=False)
[rank0]:[titan] 2026-09-21 13:52:34,193 - torchtitan.distributed.fsdp - INFO - fsdp dense-never: layer 23 experts sharded separately (reshard=True), dense params kept unsharded (reshard=False)
[rank0]:[titan] 2026-09-21 13:52:34,210 - torchtitan.distributed.fsdp - INFO - fsdp dense-never: layer 24 experts sharded separately (reshard=True), dense params kept unsharded (reshard=False)
[rank0]:[titan] 2026-09-21 13:52:34,232 - torchtitan.distributed.fsdp - INFO - fsdp dense-never: layer 25 experts sharded separately (reshard=True), dense params kept unsharded (reshard=False)
[rank0]:[titan] 2026-09-21 13:52:34,249 - torchtitan.distributed.fsdp - INFO - fsdp dense-never: layer 26 experts sharded separately (reshard=True), dense params kept unsharded (reshard=False)
[rank0]:[titan] 2026-09-21 13:52:34,271 - torchtitan.distributed.fsdp - INFO - fsdp dense-never: layer 27 experts sharded separately (reshard=True), dense params kept unsharded (reshard=False)
[rank0]:[titan] 2026-09-21 13:52:34,289 - torchtitan.distributed.fsdp - INFO - fsdp dense-never: layer 28 experts sharded separately (reshard=True), dense params kept unsharded (reshard=False)
[rank0]:[titan] 2026-09-21 13:52:34,310 - torchtitan.distributed.fsdp - INFO - fsdp dense-never: layer 29 experts sharded separately (reshard=True), dense params kept unsharded (reshard=False)
[rank0]:[titan] 2026-09-21 13:52:34,328 - torchtitan.distributed.fsdp - INFO - fsdp dense-never: layer 30 experts sharded separately (reshard=True), dense params kept unsharded (reshard=False)
[rank0]:[titan] 2026-09-21 13:52:34,350 - torchtitan.distributed.fsdp - INFO - fsdp dense-never: layer 31 experts sharded separately (reshard=True), dense params kept unsharded (reshard=False)
[rank0]:[titan] 2026-09-21 13:52:34,367 - torchtitan.distributed.fsdp - INFO - fsdp dense-never: layer 32 experts sharded separately (reshard=True), dense params kept unsharded (reshard=False)
[rank0]:[titan] 2026-09-21 13:52:34,389 - torchtitan.distributed.fsdp - INFO - fsdp dense-never: layer 33 experts sharded separately (reshard=True), dense params kept unsharded (reshard=False)
[rank0]:[titan] 2026-09-21 13:52:34,408 - torchtitan.distributed.fsdp - INFO - fsdp dense-never: layer 34 experts sharded separately (reshard=True), dense params kept unsharded (reshard=False)
[rank0]:[titan] 2026-09-21 13:52:34,432 - torchtitan.distributed.fsdp - INFO - fsdp dense-never: layer 35 experts sharded separately (reshard=True), dense params kept unsharded (reshard=False)
[rank0]:[titan] 2026-09-21 13:52:34,452 - torchtitan.distributed.fsdp - INFO - fsdp dense-never: layer 36 experts sharded separately (reshard=True), dense params kept unsharded (reshard=False)
[rank0]:[titan] 2026-09-21 13:52:34,476 - torchtitan.distributed.fsdp - INFO - fsdp dense-never: layer 37 experts sharded separately (reshard=True), dense params kept unsharded (reshard=False)
[rank0]:[titan] 2026-09-21 13:52:34,498 - torchtitan.distributed.fsdp - INFO - fsdp dense-never: layer 38 experts sharded separately (reshard=True), dense params kept unsharded (reshard=False)
[rank0]:[titan] 2026-09-21 13:52:34,523 - torchtitan.distributed.fsdp - INFO - fsdp dense-never: layer 39 experts sharded separately (reshard=True), dense params kept unsharded (reshard=False)
[rank0]:[titan] 2026-09-21 13:52:27,736 - torchtitan.models.utils - INFO - Total parameter count: 284,332,230,231, active parameters: 13,270,091,351
[rank0]:[titan] 2026-09-21 13:52:27,737 - torchtitan.trainer - INFO - Model deepseek_v4 deepseek_v4_flash size: 284,332,230,231 total parameters
[rank0]:[titan] 2026-09-21 13:52:27,741 - torchtitan.distributed.minimal_async_ep.api - INFO - Initializing MinimalAsyncEP buffer: hidden_dim=4096, num_max_tokens_per_rank=98304, top_k=6, num_local_experts=128, ep_size=2, max_routed_tokens=1179648
[rank0]:[titan] 2026-09-21 13:52:33,807 - torchtitan.distributed.activation_checkpoint - INFO - Applied FullAC activation checkpointing to the model
[rank0]:[titan] 2026-09-21 13:52:33,833 - torchtitan.distributed.fsdp - INFO - fsdp dense-never: layer 0 experts sharded separately (reshard=True), dense params kept unsharded (reshard=False)
[rank0]:[titan] 2026-09-21 13:52:34,047 - torchtitan.distributed.fsdp - INFO - fsdp dense-never: layer 1 experts sharded separately (reshard=True), dense params kept unsharded (reshard=False)
[rank0]:[titan] 2026-09-21 13:52:34,063 - torchtitan.distributed.fsdp - INFO - fsdp dense-never: layer 2 experts sharded separately (reshard=True), dense params kept unsharded (reshard=False)
[rank0]:[titan] 2026-09-21 13:52:34,108 - torchtitan.distributed.fsdp - INFO - fsdp dense-never: layer 3 experts sharded separately (reshard=True), dense params kept unsharded (reshard=False)
[rank0]:[titan] 2026-09-21 13:52:34,131 - torchtitan.distributed.fsdp - INFO - fsdp dense-never: layer 4 experts sharded separately (reshard=True), dense params kept unsharded (reshard=False)
[rank0]:[titan] 2026-09-21 13:52:34,153 - torchtitan.distributed.fsdp - INFO - fsdp dense-never: layer 5 experts sharded separately (reshard=True), dense params kept unsharded (reshard=False)
[rank0]:[titan] 2026-09-21 13:52:34,170 - torchtitan.distributed.fsdp - INFO - fsdp dense-never: layer 6 experts sharded separately (reshard=True), dense params kept unsharded (reshard=False)
[rank0]:[titan] 2026-09-21 13:52:34,191 - torchtitan.distributed.fsdp - INFO - fsdp dense-never: layer 7 experts sharded separately (reshard=True), dense params kept unsharded (reshard=False)
[rank0]:[titan] 2026-09-21 13:52:34,210 - torchtitan.distributed.fsdp - INFO - fsdp dense-never: layer 8 experts sharded separately (reshard=True), dense params kept unsharded (reshard=False)
[rank0]:[titan] 2026-09-21 13:52:34,231 - torchtitan.distributed.fsdp - INFO - fsdp dense-never: layer 9 experts sharded separately (reshard=True), dense params kept unsharded (reshard=False)
[rank0]:[titan] 2026-09-21 13:52:34,248 - torchtitan.distributed.fsdp - INFO - fsdp dense-never: layer 10 experts sharded separately (reshard=True), dense params kept unsharded (reshard=False)
[rank0]:[titan] 2026-09-21 13:52:34,269 - torchtitan.distributed.fsdp - INFO - fsdp dense-never: layer 11 experts sharded separately (reshard=True), dense params kept unsharded (reshard=False)
[rank0]:[titan] 2026-09-21 13:52:34,286 - torchtitan.distributed.fsdp - INFO - fsdp dense-never: layer 12 experts sharded separately (reshard=True), dense params kept unsharded (reshard=False)
[rank0]:[titan] 2026-09-21 13:52:34,307 - torchtitan.distributed.fsdp - INFO - fsdp dense-never: layer 13 experts sharded separately (reshard=True), dense params kept unsharded (reshard=False)
[rank0]:[titan] 2026-09-21 13:52:34,324 - torchtitan.distributed.fsdp - INFO - fsdp dense-never: layer 14 experts sharded separately (reshard=True), dense params kept unsharded (reshard=False)
[rank0]:[titan] 2026-09-21 13:52:34,344 - torchtitan.distributed.fsdp - INFO - fsdp dense-never: layer 15 experts sharded separately (reshard=True), dense params kept unsharded (reshard=False)
[rank0]:[titan] 2026-09-21 13:52:34,362 - torchtitan.distributed.fsdp - INFO - fsdp dense-never: layer 16 experts sharded separately (reshard=True), dense params kept unsharded (reshard=False)
[rank0]:[titan] 2026-09-21 13:52:34,382 - torchtitan.distributed.fsdp - INFO - fsdp dense-never: layer 17 experts sharded separately (reshard=True), dense params kept unsharded (reshard=False)
[rank0]:[titan] 2026-09-21 13:52:34,400 - torchtitan.distributed.fsdp - INFO - fsdp dense-never: layer 18 experts sharded separately (reshard=True), dense params kept unsharded (reshard=False)
[rank0]:[titan] 2026-09-21 13:52:34,420 - torchtitan.distributed.fsdp - INFO - fsdp dense-never: layer 19 experts sharded separately (reshard=True), dense params kept unsharded (reshard=False)
[rank0]:[titan] 2026-09-21 13:52:34,438 - torchtitan.distributed.fsdp - INFO - fsdp dense-never: layer 20 experts sharded separately (reshard=True), dense params kept unsharded (reshard=False)
[rank0]:[titan] 2026-09-21 13:52:34,458 - torchtitan.distributed.fsdp - INFO - fsdp dense-never: layer 21 experts sharded separately (reshard=True), dense params kept unsharded (reshard=False)
[rank0]:[titan] 2026-09-21 13:52:34,476 - torchtitan.distributed.fsdp - INFO - fsdp dense-never: layer 22 experts sharded separately (reshard=True), dense params kept unsharded (reshard=False)
[rank0]:[titan] 2026-09-21 13:52:34,496 - torchtitan.distributed.fsdp - INFO - fsdp dense-never: layer 23 experts sharded separately (reshard=True), dense params kept unsharded (reshard=False)
[rank0]:[titan] 2026-09-21 13:52:34,513 - torchtitan.distributed.fsdp - INFO - fsdp dense-never: layer 24 experts sharded separately (reshard=True), dense params kept unsharded (reshard=False)
[rank0]:[titan] 2026-09-21 13:52:34,534 - torchtitan.distributed.fsdp - INFO - fsdp dense-never: layer 25 experts sharded separately (reshard=True), dense params kept unsharded (reshard=False)
[rank0]:[titan] 2026-09-21 13:52:34,552 - torchtitan.distributed.fsdp - INFO - fsdp dense-never: layer 26 experts sharded separately (reshard=True), dense params kept unsharded (reshard=False)
[rank0]:[titan] 2026-09-21 13:52:34,572 - torchtitan.distributed.fsdp - INFO - fsdp dense-never: layer 27 experts sharded separately (reshard=True), dense params kept unsharded (reshard=False)
[rank0]:[titan] 2026-09-21 13:52:34,590 - torchtitan.distributed.fsdp - INFO - fsdp dense-never: layer 28 experts sharded separately (reshard=True), dense params kept unsharded (reshard=False)
[rank0]:[titan] 2026-09-21 13:52:34,611 - torchtitan.distributed.fsdp - INFO - fsdp dense-never: layer 29 experts sharded separately (reshard=True), dense params kept unsharded (reshard=False)
[rank0]:[titan] 2026-09-21 13:52:34,628 - torchtitan.distributed.fsdp - INFO - fsdp dense-never: layer 30 experts sharded separately (reshard=True), dense params kept unsharded (reshard=False)
[rank0]:[titan] 2026-09-21 13:52:34,649 - torchtitan.distributed.fsdp - INFO - fsdp dense-never: layer 31 experts sharded separately (reshard=True), dense params kept unsharded (reshard=False)
[rank0]:[titan] 2026-09-21 13:52:34,666 - torchtitan.distributed.fsdp - INFO - fsdp dense-never: layer 32 experts sharded separately (reshard=True), dense params kept unsharded (reshard=False)
[rank0]:[titan] 2026-09-21 13:52:34,687 - torchtitan.distributed.fsdp - INFO - fsdp dense-never: layer 33 experts sharded separately (reshard=True), dense params kept unsharded (reshard=False)
[rank0]:[titan] 2026-09-21 13:52:34,704 - torchtitan.distributed.fsdp - INFO - fsdp dense-never: layer 34 experts sharded separately (reshard=True), dense params kept unsharded (reshard=False)
[rank0]:[titan] 2026-09-21 13:52:34,725 - torchtitan.distributed.fsdp - INFO - fsdp dense-never: layer 35 experts sharded separately (reshard=True), dense params kept unsharded (reshard=False)
[rank0]:[titan] 2026-09-21 13:52:34,743 - torchtitan.distributed.fsdp - INFO - fsdp dense-never: layer 36 experts sharded separately (reshard=True), dense params kept unsharded (reshard=False)
[rank0]:[titan] 2026-09-21 13:52:34,764 - torchtitan.distributed.fsdp - INFO - fsdp dense-never: layer 37 experts sharded separately (reshard=True), dense params kept unsharded (reshard=False)
[rank0]:[titan] 2026-09-21 13:52:34,781 - torchtitan.distributed.fsdp - INFO - fsdp dense-never: layer 38 experts sharded separately (reshard=True), dense params kept unsharded (reshard=False)
[rank0]:[titan] 2026-09-21 13:52:16,733 - torchtitan.trainer - INFO - Model deepseek_v4 deepseek_v4_flash size: 284,332,230,231 total parameters
[rank0]:[titan] 2026-09-21 13:52:16,737 - torchtitan.distributed.minimal_async_ep.api - INFO - Initializing MinimalAsyncEP buffer: hidden_dim=4096, num_max_tokens_per_rank=98304, top_k=6, num_local_experts=128, ep_size=2, max_routed_tokens=1179648
[rank0]:[titan] 2026-09-21 13:52:33,767 - torchtitan.distributed.activation_checkpoint - INFO - Applied FullAC activation checkpointing to the model
[rank0]:[titan] 2026-09-21 13:52:33,794 - torchtitan.distributed.fsdp - INFO - fsdp dense-never: layer 0 experts sharded separately (reshard=True), dense params kept unsharded (reshard=False)
[rank0]:[titan] 2026-09-21 13:52:34,013 - torchtitan.distributed.fsdp - INFO - fsdp dense-never: layer 1 experts sharded separately (reshard=True), dense params kept unsharded (reshard=False)
[rank0]:[titan] 2026-09-21 13:52:34,029 - torchtitan.distributed.fsdp - INFO - fsdp dense-never: layer 2 experts sharded separately (reshard=True), dense params kept unsharded (reshard=False)
[rank0]:[titan] 2026-09-21 13:52:34,076 - torchtitan.distributed.fsdp - INFO - fsdp dense-never: layer 3 experts sharded separately (reshard=True), dense params kept unsharded (reshard=False)
[rank0]:[titan] 2026-09-21 13:52:34,100 - torchtitan.distributed.fsdp - INFO - fsdp dense-never: layer 4 experts sharded separately (reshard=True), dense params kept unsharded (reshard=False)
[rank0]:[titan] 2026-09-21 13:52:34,122 - torchtitan.distributed.fsdp - INFO - fsdp dense-never: layer 5 experts sharded separately (reshard=True), dense params kept unsharded (reshard=False)
[rank0]:[titan] 2026-09-21 13:52:34,141 - torchtitan.distributed.fsdp - INFO - fsdp dense-never: layer 6 experts sharded separately (reshard=True), dense params kept unsharded (reshard=False)
[rank0]:[titan] 2026-09-21 13:52:34,162 - torchtitan.distributed.fsdp - INFO - fsdp dense-never: layer 7 experts sharded separately (reshard=True), dense params kept unsharded (reshard=False)
[rank0]:[titan] 2026-09-21 13:52:34,181 - torchtitan.distributed.fsdp - INFO - fsdp dense-never: layer 8 experts sharded separately (reshard=True), dense params kept unsharded (reshard=False)
[rank0]:[titan] 2026-09-21 13:52:34,203 - torchtitan.distributed.fsdp - INFO - fsdp dense-never: layer 9 experts sharded separately (reshard=True), dense params kept unsharded (reshard=False)
[rank0]:[titan] 2026-09-21 13:52:34,221 - torchtitan.distributed.fsdp - INFO - fsdp dense-never: layer 10 experts sharded separately (reshard=True), dense params kept unsharded (reshard=False)
[rank0]:[titan] 2026-09-21 13:52:34,243 - torchtitan.distributed.fsdp - INFO - fsdp dense-never: layer 11 experts sharded separately (reshard=True), dense params kept unsharded (reshard=False)
[rank0]:[titan] 2026-09-21 13:52:34,261 - torchtitan.distributed.fsdp - INFO - fsdp dense-never: layer 12 experts sharded separately (reshard=True), dense params kept unsharded (reshard=False)
[rank0]:[titan] 2026-09-21 13:52:34,283 - torchtitan.distributed.fsdp - INFO - fsdp dense-never: layer 13 experts sharded separately (reshard=True), dense params kept unsharded (reshard=False)
[rank0]:[titan] 2026-09-21 13:52:34,301 - torchtitan.distributed.fsdp - INFO - fsdp dense-never: layer 14 experts sharded separately (reshard=True), dense params kept unsharded (reshard=False)
[rank0]:[titan] 2026-09-21 13:52:34,323 - torchtitan.distributed.fsdp - INFO - fsdp dense-never: layer 15 experts sharded separately (reshard=True), dense params kept unsharded (reshard=False)
[rank0]:[titan] 2026-09-21 13:52:34,341 - torchtitan.distributed.fsdp - INFO - fsdp dense-never: layer 16 experts sharded separately (reshard=True), dense params kept unsharded (reshard=False)
[rank0]:[titan] 2026-09-21 13:52:34,362 - torchtitan.distributed.fsdp - INFO - fsdp dense-never: layer 17 experts sharded separately (reshard=True), dense params kept unsharded (reshard=False)
[rank0]:[titan] 2026-09-21 13:52:34,380 - torchtitan.distributed.fsdp - INFO - fsdp dense-never: layer 18 experts sharded separately (reshard=True), dense params kept unsharded (reshard=False)
[rank0]:[titan] 2026-09-21 13:52:34,402 - torchtitan.distributed.fsdp - INFO - fsdp dense-never: layer 19 experts sharded separately (reshard=True), dense params kept unsharded (reshard=False)
[rank0]:[titan] 2026-09-21 13:52:34,420 - torchtitan.distributed.fsdp - INFO - fsdp dense-never: layer 20 experts sharded separately (reshard=True), dense params kept unsharded (reshard=False)
[rank0]:[titan] 2026-09-21 13:52:34,441 - torchtitan.distributed.fsdp - INFO - fsdp dense-never: layer 21 experts sharded separately (reshard=True), dense params kept unsharded (reshard=False)
[rank0]:[titan] 2026-09-21 13:52:34,459 - torchtitan.distributed.fsdp - INFO - fsdp dense-never: layer 22 experts sharded separately (reshard=True), dense params kept unsharded (reshard=False)
[rank0]:[titan] 2026-09-21 13:52:34,481 - torchtitan.distributed.fsdp - INFO - fsdp dense-never: layer 23 experts sharded separately (reshard=True), dense params kept unsharded (reshard=False)
[rank0]:[titan] 2026-09-21 13:52:34,499 - torchtitan.distributed.fsdp - INFO - fsdp dense-never: layer 24 experts sharded separately (reshard=True), dense params kept unsharded (reshard=False)
[rank0]:[titan] 2026-09-21 13:52:34,521 - torchtitan.distributed.fsdp - INFO - fsdp dense-never: layer 25 experts sharded separately (reshard=True), dense params kept unsharded (reshard=False)
[rank0]:[titan] 2026-09-21 13:52:34,539 - torchtitan.distributed.fsdp - INFO - fsdp dense-never: layer 26 experts sharded separately (reshard=True), dense params kept unsharded (reshard=False)
[rank0]:[titan] 2026-09-21 13:52:34,561 - torchtitan.distributed.fsdp - INFO - fsdp dense-never: layer 27 experts sharded separately (reshard=True), dense params kept unsharded (reshard=False)
[rank0]:[titan] 2026-09-21 13:52:34,579 - torchtitan.distributed.fsdp - INFO - fsdp dense-never: layer 28 experts sharded separately (reshard=True), dense params kept unsharded (reshard=False)
[rank0]:[titan] 2026-09-21 13:52:34,600 - torchtitan.distributed.fsdp - INFO - fsdp dense-never: layer 29 experts sharded separately (reshard=True), dense params kept unsharded (reshard=False)
[rank0]:[titan] 2026-09-21 13:52:34,618 - torchtitan.distributed.fsdp - INFO - fsdp dense-never: layer 30 experts sharded separately (reshard=True), dense params kept unsharded (reshard=False)
[rank0]:[titan] 2026-09-21 13:52:34,639 - torchtitan.distributed.fsdp - INFO - fsdp dense-never: layer 31 experts sharded separately (reshard=True), dense params kept unsharded (reshard=False)
[rank0]:[titan] 2026-09-21 13:52:34,657 - torchtitan.distributed.fsdp - INFO - fsdp dense-never: layer 32 experts sharded separately (reshard=True), dense params kept unsharded (reshard=False)
[rank0]:[titan] 2026-09-21 13:52:34,679 - torchtitan.distributed.fsdp - INFO - fsdp dense-never: layer 33 experts sharded separately (reshard=True), dense params kept unsharded (reshard=False)
[rank0]:[titan] 2026-09-21 13:52:34,697 - torchtitan.distributed.fsdp - INFO - fsdp dense-never: layer 34 experts sharded separately (reshard=True), dense params kept unsharded (reshard=False)
[rank0]:[titan] 2026-09-21 13:52:34,718 - torchtitan.distributed.fsdp - INFO - fsdp dense-never: layer 35 experts sharded separately (reshard=True), dense params kept unsharded (reshard=False)
[rank0]:[titan] 2026-09-21 13:52:34,736 - torchtitan.distributed.fsdp - INFO - fsdp dense-never: layer 36 experts sharded separately (reshard=True), dense params kept unsharded (reshard=False)
[rank0]:[titan] 2026-09-21 13:52:34,758 - torchtitan.distributed.fsdp - INFO - fsdp dense-never: layer 37 experts sharded separately (reshard=True), dense params kept unsharded (reshard=False)
[rank0]:[titan] 2026-09-21 13:52:34,776 - torchtitan.distributed.fsdp - INFO - fsdp dense-never: layer 38 experts sharded separately (reshard=True), dense params kept unsharded (reshard=False)
[rank0]:[titan] 2026-09-21 13:52:34,797 - torchtitan.distributed.fsdp - INFO - fsdp dense-never: layer 39 experts sharded separately (reshard=True), dense params kept unsharded (reshard=False)
[rank0]:[titan] 2026-09-21 13:52:18,338 - torchtitan.trainer - INFO - Model deepseek_v4 deepseek_v4_flash size: 284,332,230,231 total parameters
[rank0]:[titan] 2026-09-21 13:52:18,347 - torchtitan.distributed.minimal_async_ep.api - INFO - Initializing MinimalAsyncEP buffer: hidden_dim=4096, num_max_tokens_per_rank=98304, top_k=6, num_local_experts=128, ep_size=2, max_routed_tokens=1179648
[rank0]:[titan] 2026-09-21 13:52:33,325 - torchtitan.distributed.activation_checkpoint - INFO - Applied FullAC activation checkpointing to the model
[rank0]:[titan] 2026-09-21 13:52:33,368 - torchtitan.distributed.fsdp - INFO - fsdp dense-never: layer 0 experts sharded separately (reshard=True), dense params kept unsharded (reshard=False)
[rank0]:[titan] 2026-09-21 13:52:33,611 - torchtitan.distributed.fsdp - INFO - fsdp dense-never: layer 1 experts sharded separately (reshard=True), dense params kept unsharded (reshard=False)
[rank0]:[titan] 2026-09-21 13:52:33,631 - torchtitan.distributed.fsdp - INFO - fsdp dense-never: layer 2 experts sharded separately (reshard=True), dense params kept unsharded (reshard=False)
[rank0]:[titan] 2026-09-21 13:52:33,684 - torchtitan.distributed.fsdp - INFO - fsdp dense-never: layer 3 experts sharded separately (reshard=True), dense params kept unsharded (reshard=False)
[rank0]:[titan] 2026-09-21 13:52:33,711 - torchtitan.distributed.fsdp - INFO - fsdp dense-never: layer 4 experts sharded separately (reshard=True), dense params kept unsharded (reshard=False)
[rank0]:[titan] 2026-09-21 13:52:33,736 - torchtitan.distributed.fsdp - INFO - fsdp dense-never: layer 5 experts sharded separately (reshard=True), dense params kept unsharded (reshard=False)
[rank0]:[titan] 2026-09-21 13:52:33,757 - torchtitan.distributed.fsdp - INFO - fsdp dense-never: layer 6 experts sharded separately (reshard=True), dense params kept unsharded (reshard=False)
[rank0]:[titan] 2026-09-21 13:52:33,782 - torchtitan.distributed.fsdp - INFO - fsdp dense-never: layer 7 experts sharded separately (reshard=True), dense params kept unsharded (reshard=False)
[rank0]:[titan] 2026-09-21 13:52:33,803 - torchtitan.distributed.fsdp - INFO - fsdp dense-never: layer 8 experts sharded separately (reshard=True), dense params kept unsharded (reshard=False)
[rank0]:[titan] 2026-09-21 13:52:33,828 - torchtitan.distributed.fsdp - INFO - fsdp dense-never: layer 9 experts sharded separately (reshard=True), dense params kept unsharded (reshard=False)
[rank0]:[titan] 2026-09-21 13:52:33,848 - torchtitan.distributed.fsdp - INFO - fsdp dense-never: layer 10 experts sharded separately (reshard=True), dense params kept unsharded (reshard=False)
[rank0]:[titan] 2026-09-21 13:52:33,873 - torchtitan.distributed.fsdp - INFO - fsdp dense-never: layer 11 experts sharded separately (reshard=True), dense params kept unsharded (reshard=False)
[rank0]:[titan] 2026-09-21 13:52:33,894 - torchtitan.distributed.fsdp - INFO - fsdp dense-never: layer 12 experts sharded separately (reshard=True), dense params kept unsharded (reshard=False)
[rank0]:[titan] 2026-09-21 13:52:33,919 - torchtitan.distributed.fsdp - INFO - fsdp dense-never: layer 13 experts sharded separately (reshard=True), dense params kept unsharded (reshard=False)
[rank0]:[titan] 2026-09-21 13:52:33,940 - torchtitan.distributed.fsdp - INFO - fsdp dense-never: layer 14 experts sharded separately (reshard=True), dense params kept unsharded (reshard=False)
[rank0]:[titan] 2026-09-21 13:52:33,967 - torchtitan.distributed.fsdp - INFO - fsdp dense-never: layer 15 experts sharded separately (reshard=True), dense params kept unsharded (reshard=False)
[rank0]:[titan] 2026-09-21 13:52:33,992 - torchtitan.distributed.fsdp - INFO - fsdp dense-never: layer 16 experts sharded separately (reshard=True), dense params kept unsharded (reshard=False)
[rank0]:[titan] 2026-09-21 13:52:34,022 - torchtitan.distributed.fsdp - INFO - fsdp dense-never: layer 17 experts sharded separately (reshard=True), dense params kept unsharded (reshard=False)
[rank0]:[titan] 2026-09-21 13:52:34,047 - torchtitan.distributed.fsdp - INFO - fsdp dense-never: layer 18 experts sharded separately (reshard=True), dense params kept unsharded (reshard=False)
[rank0]:[titan] 2026-09-21 13:52:34,077 - torchtitan.distributed.fsdp - INFO - fsdp dense-never: layer 19 experts sharded separately (reshard=True), dense params kept unsharded (reshard=False)
[rank0]:[titan] 2026-09-21 13:52:34,104 - torchtitan.distributed.fsdp - INFO - fsdp dense-never: layer 20 experts sharded separately (reshard=True), dense params kept unsharded (reshard=False)
[rank0]:[titan] 2026-09-21 13:52:34,136 - torchtitan.distributed.fsdp - INFO - fsdp dense-never: layer 21 experts sharded separately (reshard=True), dense params kept unsharded (reshard=False)
[rank0]:[titan] 2026-09-21 13:52:34,163 - torchtitan.distributed.fsdp - INFO - fsdp dense-never: layer 22 experts sharded separately (reshard=True), dense params kept unsharded (reshard=False)
[rank0]:[titan] 2026-09-21 13:52:34,195 - torchtitan.distributed.fsdp - INFO - fsdp dense-never: layer 23 experts sharded separately (reshard=True), dense params kept unsharded (reshard=False)
[rank0]:[titan] 2026-09-21 13:52:34,222 - torchtitan.distributed.fsdp - INFO - fsdp dense-never: layer 24 experts sharded separately (reshard=True), dense params kept unsharded (reshard=False)
[rank0]:[titan] 2026-09-21 13:52:34,256 - torchtitan.distributed.fsdp - INFO - fsdp dense-never: layer 25 experts sharded separately (reshard=True), dense params kept unsharded (reshard=False)
[rank0]:[titan] 2026-09-21 13:52:34,284 - torchtitan.distributed.fsdp - INFO - fsdp dense-never: layer 26 experts sharded separately (reshard=True), dense params kept unsharded (reshard=False)
[rank0]:[titan] 2026-09-21 13:52:34,317 - torchtitan.distributed.fsdp - INFO - fsdp dense-never: layer 27 experts sharded separately (reshard=True), dense params kept unsharded (reshard=False)
[rank0]:[titan] 2026-09-21 13:52:34,347 - torchtitan.distributed.fsdp - INFO - fsdp dense-never: layer 28 experts sharded separately (reshard=True), dense params kept unsharded (reshard=False)
[rank0]:[titan] 2026-09-21 13:52:34,381 - torchtitan.distributed.fsdp - INFO - fsdp dense-never: layer 29 experts sharded separately (reshard=True), dense params kept unsharded (reshard=False)
[rank0]:[titan] 2026-09-21 13:52:34,409 - torchtitan.distributed.fsdp - INFO - fsdp dense-never: layer 30 experts sharded separately (reshard=True), dense params kept unsharded (reshard=False)
[rank0]:[titan] 2026-09-21 13:52:34,444 - torchtitan.distributed.fsdp - INFO - fsdp dense-never: layer 31 experts sharded separately (reshard=True), dense params kept unsharded (reshard=False)
[rank0]:[titan] 2026-09-21 13:52:34,473 - torchtitan.distributed.fsdp - INFO - fsdp dense-never: layer 32 experts sharded separately (reshard=True), dense params kept unsharded (reshard=False)
[rank0]:[titan] 2026-09-21 13:52:34,508 - torchtitan.distributed.fsdp - INFO - fsdp dense-never: layer 33 experts sharded separately (reshard=True), dense params kept unsharded (reshard=False)
[rank0]:[titan] 2026-09-21 13:52:34,537 - torchtitan.distributed.fsdp - INFO - fsdp dense-never: layer 34 experts sharded separately (reshard=True), dense params kept unsharded (reshard=False)
[rank0]:[titan] 2026-09-21 13:52:34,573 - torchtitan.distributed.fsdp - INFO - fsdp dense-never: layer 35 experts sharded separately (reshard=True), dense params kept unsharded (reshard=False)
[rank0]:[titan] 2026-09-21 13:52:34,602 - torchtitan.distributed.fsdp - INFO - fsdp dense-never: layer 36 experts sharded separately (reshard=True), dense params kept unsharded (reshard=False)
[rank0]:[titan] 2026-09-21 13:52:34,638 - torchtitan.distributed.fsdp - INFO - fsdp dense-never: layer 37 experts sharded separately (reshard=True), dense params kept unsharded (reshard=False)
[rank0]:[titan] 2026-09-21 13:52:34,670 - torchtitan.distributed.fsdp - INFO - fsdp dense-never: layer 38 experts sharded separately (reshard=True), dense params kept unsharded (reshard=False)
[rank0]:[titan] 2026-09-21 13:52:34,706 - torchtitan.distributed.fsdp - INFO - fsdp dense-never: layer 39 experts sharded separately (reshard=True), dense params kept unsharded (reshard=False)
[rank0]:[titan] 2026-09-21 13:52:16,744 - torchtitan.trainer - INFO - Model deepseek_v4 deepseek_v4_flash size: 284,332,230,231 total parameters
[rank0]:[titan] 2026-09-21 13:52:16,747 - torchtitan.distributed.minimal_async_ep.api - INFO - Initializing MinimalAsyncEP buffer: hidden_dim=4096, num_max_tokens_per_rank=98304, top_k=6, num_local_experts=128, ep_size=2, max_routed_tokens=1179648
[rank0]:[titan] 2026-09-21 13:52:33,850 - torchtitan.distributed.activation_checkpoint - INFO - Applied FullAC activation checkpointing to the model
[rank0]:[titan] 2026-09-21 13:52:33,877 - torchtitan.distributed.fsdp - INFO - fsdp dense-never: layer 0 experts sharded separately (reshard=True), dense params kept unsharded (reshard=False)
[rank0]:[titan] 2026-09-21 13:52:34,099 - torchtitan.distributed.fsdp - INFO - fsdp dense-never: layer 1 experts sharded separately (reshard=True), dense params kept unsharded (reshard=False)
[rank0]:[titan] 2026-09-21 13:52:34,116 - torchtitan.distributed.fsdp - INFO - fsdp dense-never: layer 2 experts sharded separately (reshard=True), dense params kept unsharded (reshard=False)
[rank0]:[titan] 2026-09-21 13:52:34,163 - torchtitan.distributed.fsdp - INFO - fsdp dense-never: layer 3 experts sharded separately (reshard=True), dense params kept unsharded (reshard=False)
[rank0]:[titan] 2026-09-21 13:52:34,187 - torchtitan.distributed.fsdp - INFO - fsdp dense-never: layer 4 experts sharded separately (reshard=True), dense params kept unsharded (reshard=False)
[rank0]:[titan] 2026-09-21 13:52:34,209 - torchtitan.distributed.fsdp - INFO - fsdp dense-never: layer 5 experts sharded separately (reshard=True), dense params kept unsharded (reshard=False)
[rank0]:[titan] 2026-09-21 13:52:34,227 - torchtitan.distributed.fsdp - INFO - fsdp dense-never: layer 6 experts sharded separately (reshard=True), dense params kept unsharded (reshard=False)
[rank0]:[titan] 2026-09-21 13:52:34,249 - torchtitan.distributed.fsdp - INFO - fsdp dense-never: layer 7 experts sharded separately (reshard=True), dense params kept unsharded (reshard=False)
[rank0]:[titan] 2026-09-21 13:52:34,267 - torchtitan.distributed.fsdp - INFO - fsdp dense-never: layer 8 experts sharded separately (reshard=True), dense params kept unsharded (reshard=False)
[rank0]:[titan] 2026-09-21 13:52:34,288 - torchtitan.distributed.fsdp - INFO - fsdp dense-never: layer 9 experts sharded separately (reshard=True), dense params kept unsharded (reshard=False)
[rank0]:[titan] 2026-09-21 13:52:34,306 - torchtitan.distributed.fsdp - INFO - fsdp dense-never: layer 10 experts sharded separately (reshard=True), dense params kept unsharded (reshard=False)
[rank0]:[titan] 2026-09-21 13:52:34,328 - torchtitan.distributed.fsdp - INFO - fsdp dense-never: layer 11 experts sharded separately (reshard=True), dense params kept unsharded (reshard=False)
[rank0]:[titan] 2026-09-21 13:52:34,346 - torchtitan.distributed.fsdp - INFO - fsdp dense-never: layer 12 experts sharded separately (reshard=True), dense params kept unsharded (reshard=False)
[rank0]:[titan] 2026-09-21 13:52:34,367 - torchtitan.distributed.fsdp - INFO - fsdp dense-never: layer 13 experts sharded separately (reshard=True), dense params kept unsharded (reshard=False)
[rank0]:[titan] 2026-09-21 13:52:34,385 - torchtitan.distributed.fsdp - INFO - fsdp dense-never: layer 14 experts sharded separately (reshard=True), dense params kept unsharded (reshard=False)
[rank0]:[titan] 2026-09-21 13:52:34,406 - torchtitan.distributed.fsdp - INFO - fsdp dense-never: layer 15 experts sharded separately (reshard=True), dense params kept unsharded (reshard=False)
[rank0]:[titan] 2026-09-21 13:52:34,424 - torchtitan.distributed.fsdp - INFO - fsdp dense-never: layer 16 experts sharded separately (reshard=True), dense params kept unsharded (reshard=False)
[rank0]:[titan] 2026-09-21 13:52:34,445 - torchtitan.distributed.fsdp - INFO - fsdp dense-never: layer 17 experts sharded separately (reshard=True), dense params kept unsharded (reshard=False)
[rank0]:[titan] 2026-09-21 13:52:34,463 - torchtitan.distributed.fsdp - INFO - fsdp dense-never: layer 18 experts sharded separately (reshard=True), dense params kept unsharded (reshard=False)
[rank0]:[titan] 2026-09-21 13:52:34,485 - torchtitan.distributed.fsdp - INFO - fsdp dense-never: layer 19 experts sharded separately (reshard=True), dense params kept unsharded (reshard=False)
[rank0]:[titan] 2026-09-21 13:52:34,503 - torchtitan.distributed.fsdp - INFO - fsdp dense-never: layer 20 experts sharded separately (reshard=True), dense params kept unsharded (reshard=False)
[rank0]:[titan] 2026-09-21 13:52:34,524 - torchtitan.distributed.fsdp - INFO - fsdp dense-never: layer 21 experts sharded separately (reshard=True), dense params kept unsharded (reshard=False)
[rank0]:[titan] 2026-09-21 13:52:34,542 - torchtitan.distributed.fsdp - INFO - fsdp dense-never: layer 22 experts sharded separately (reshard=True), dense params kept unsharded (reshard=False)
[rank0]:[titan] 2026-09-21 13:52:34,563 - torchtitan.distributed.fsdp - INFO - fsdp dense-never: layer 23 experts sharded separately (reshard=True), dense params kept unsharded (reshard=False)
[rank0]:[titan] 2026-09-21 13:52:34,580 - torchtitan.distributed.fsdp - INFO - fsdp dense-never: layer 24 experts sharded separately (reshard=True), dense params kept unsharded (reshard=False)
[rank0]:[titan] 2026-09-21 13:52:34,601 - torchtitan.distributed.fsdp - INFO - fsdp dense-never: layer 25 experts sharded separately (reshard=True), dense params kept unsharded (reshard=False)
[rank0]:[titan] 2026-09-21 13:52:34,619 - torchtitan.distributed.fsdp - INFO - fsdp dense-never: layer 26 experts sharded separately (reshard=True), dense params kept unsharded (reshard=False)
[rank0]:[titan] 2026-09-21 13:52:34,640 - torchtitan.distributed.fsdp - INFO - fsdp dense-never: layer 27 experts sharded separately (reshard=True), dense params kept unsharded (reshard=False)
[rank0]:[titan] 2026-09-21 13:52:34,658 - torchtitan.distributed.fsdp - INFO - fsdp dense-never: layer 28 experts sharded separately (reshard=True), dense params kept unsharded (reshard=False)
[rank0]:[titan] 2026-09-21 13:52:34,680 - torchtitan.distributed.fsdp - INFO - fsdp dense-never: layer 29 experts sharded separately (reshard=True), dense params kept unsharded (reshard=False)
[rank0]:[titan] 2026-09-21 13:52:34,698 - torchtitan.distributed.fsdp - INFO - fsdp dense-never: layer 30 experts sharded separately (reshard=True), dense params kept unsharded (reshard=False)
[rank0]:[titan] 2026-09-21 13:52:34,719 - torchtitan.distributed.fsdp - INFO - fsdp dense-never: layer 31 experts sharded separately (reshard=True), dense params kept unsharded (reshard=False)
[rank0]:[titan] 2026-09-21 13:52:34,737 - torchtitan.distributed.fsdp - INFO - fsdp dense-never: layer 32 experts sharded separately (reshard=True), dense params kept unsharded (reshard=False)
[rank0]:[titan] 2026-09-21 13:52:34,758 - torchtitan.distributed.fsdp - INFO - fsdp dense-never: layer 33 experts sharded separately (reshard=True), dense params kept unsharded (reshard=False)
[rank0]:[titan] 2026-09-21 13:52:34,776 - torchtitan.distributed.fsdp - INFO - fsdp dense-never: layer 34 experts sharded separately (reshard=True), dense params kept unsharded (reshard=False)
[rank0]:[titan] 2026-09-21 13:52:34,797 - torchtitan.distributed.fsdp - INFO - fsdp dense-never: layer 35 experts sharded separately (reshard=True), dense params kept unsharded (reshard=False)
[rank0]:[titan] 2026-09-21 13:52:34,815 - torchtitan.distributed.fsdp - INFO - fsdp dense-never: layer 36 experts sharded separately (reshard=True), dense params kept unsharded (reshard=False)
[rank0]:[titan] 2026-09-21 13:52:34,836 - torchtitan.distributed.fsdp - INFO - fsdp dense-never: layer 37 experts sharded separately (reshard=True), dense params kept unsharded (reshard=False)
[rank0]:[titan] 2026-09-21 13:52:34,854 - torchtitan.distributed.fsdp - INFO - fsdp dense-never: layer 38 experts sharded separately (reshard=True), dense params kept unsharded (reshard=False)
[rank0]:[titan] 2026-09-21 13:52:34,875 - torchtitan.distributed.fsdp - INFO - fsdp dense-never: layer 39 experts sharded separately (reshard=True), dense params kept unsharded (reshard=False)
[rank0]:[titan] 2026-09-21 13:52:16,718 - torchtitan.trainer - INFO - Model deepseek_v4 deepseek_v4_flash size: 284,332,230,231 total parameters
[rank0]:[titan] 2026-09-21 13:52:16,722 - torchtitan.distributed.minimal_async_ep.api - INFO - Initializing MinimalAsyncEP buffer: hidden_dim=4096, num_max_tokens_per_rank=98304, top_k=6, num_local_experts=128, ep_size=2, max_routed_tokens=1179648
[rank0]:[titan] 2026-09-21 13:52:33,944 - torchtitan.distributed.activation_checkpoint - INFO - Applied FullAC activation checkpointing to the model
[rank0]:[titan] 2026-09-21 13:52:33,971 - torchtitan.distributed.fsdp - INFO - fsdp dense-never: layer 0 experts sharded separately (reshard=True), dense params kept unsharded (reshard=False)
[rank0]:[titan] 2026-09-21 13:52:34,188 - torchtitan.distributed.fsdp - INFO - fsdp dense-never: layer 1 experts sharded separately (reshard=True), dense params kept unsharded (reshard=False)
[rank0]:[titan] 2026-09-21 13:52:34,204 - torchtitan.distributed.fsdp - INFO - fsdp dense-never: layer 2 experts sharded separately (reshard=True), dense params kept unsharded (reshard=False)
[rank0]:[titan] 2026-09-21 13:52:34,251 - torchtitan.distributed.fsdp - INFO - fsdp dense-never: layer 3 experts sharded separately (reshard=True), dense params kept unsharded (reshard=False)
[rank0]:[titan] 2026-09-21 13:52:34,276 - torchtitan.distributed.fsdp - INFO - fsdp dense-never: layer 4 experts sharded separately (reshard=True), dense params kept unsharded (reshard=False)
[rank0]:[titan] 2026-09-21 13:52:34,298 - torchtitan.distributed.fsdp - INFO - fsdp dense-never: layer 5 experts sharded separately (reshard=True), dense params kept unsharded (reshard=False)
[rank0]:[titan] 2026-09-21 13:52:34,316 - torchtitan.distributed.fsdp - INFO - fsdp dense-never: layer 6 experts sharded separately (reshard=True), dense params kept unsharded (reshard=False)
[rank0]:[titan] 2026-09-21 13:52:34,338 - torchtitan.distributed.fsdp - INFO - fsdp dense-never: layer 7 experts sharded separately (reshard=True), dense params kept unsharded (reshard=False)
[rank0]:[titan] 2026-09-21 13:52:34,356 - torchtitan.distributed.fsdp - INFO - fsdp dense-never: layer 8 experts sharded separately (reshard=True), dense params kept unsharded (reshard=False)
[rank0]:[titan] 2026-09-21 13:52:34,378 - torchtitan.distributed.fsdp - INFO - fsdp dense-never: layer 9 experts sharded separately (reshard=True), dense params kept unsharded (reshard=False)
[rank0]:[titan] 2026-09-21 13:52:34,396 - torchtitan.distributed.fsdp - INFO - fsdp dense-never: layer 10 experts sharded separately (reshard=True), dense params kept unsharded (reshard=False)
[rank0]:[titan] 2026-09-21 13:52:34,418 - torchtitan.distributed.fsdp - INFO - fsdp dense-never: layer 11 experts sharded separately (reshard=True), dense params kept unsharded (reshard=False)
[rank0]:[titan] 2026-09-21 13:52:34,436 - torchtitan.distributed.fsdp - INFO - fsdp dense-never: layer 12 experts sharded separately (reshard=True), dense params kept unsharded (reshard=False)
[rank0]:[titan] 2026-09-21 13:52:34,458 - torchtitan.distributed.fsdp - INFO - fsdp dense-never: layer 13 experts sharded separately (reshard=True), dense params kept unsharded (reshard=False)
[rank0]:[titan] 2026-09-21 13:52:34,476 - torchtitan.distributed.fsdp - INFO - fsdp dense-never: layer 14 experts sharded separately (reshard=True), dense params kept unsharded (reshard=False)
[rank0]:[titan] 2026-09-21 13:52:34,497 - torchtitan.distributed.fsdp - INFO - fsdp dense-never: layer 15 experts sharded separately (reshard=True), dense params kept unsharded (reshard=False)
[rank0]:[titan] 2026-09-21 13:52:34,515 - torchtitan.distributed.fsdp - INFO - fsdp dense-never: layer 16 experts sharded separately (reshard=True), dense params kept unsharded (reshard=False)
[rank0]:[titan] 2026-09-21 13:52:34,536 - torchtitan.distributed.fsdp - INFO - fsdp dense-never: layer 17 experts sharded separately (reshard=True), dense params kept unsharded (reshard=False)
[rank0]:[titan] 2026-09-21 13:52:34,554 - torchtitan.distributed.fsdp - INFO - fsdp dense-never: layer 18 experts sharded separately (reshard=True), dense params kept unsharded (reshard=False)
[rank0]:[titan] 2026-09-21 13:52:34,575 - torchtitan.distributed.fsdp - INFO - fsdp dense-never: layer 19 experts sharded separately (reshard=True), dense params kept unsharded (reshard=False)
[rank0]:[titan] 2026-09-21 13:52:34,593 - torchtitan.distributed.fsdp - INFO - fsdp dense-never: layer 20 experts sharded separately (reshard=True), dense params kept unsharded (reshard=False)
[rank0]:[titan] 2026-09-21 13:52:34,615 - torchtitan.distributed.fsdp - INFO - fsdp dense-never: layer 21 experts sharded separately (reshard=True), dense params kept unsharded (reshard=False)
[rank0]:[titan] 2026-09-21 13:52:34,633 - torchtitan.distributed.fsdp - INFO - fsdp dense-never: layer 22 experts sharded separately (reshard=True), dense params kept unsharded (reshard=False)
[rank0]:[titan] 2026-09-21 13:52:34,654 - torchtitan.distributed.fsdp - INFO - fsdp dense-never: layer 23 experts sharded separately (reshard=True), dense params kept unsharded (reshard=False)
[rank0]:[titan] 2026-09-21 13:52:34,672 - torchtitan.distributed.fsdp - INFO - fsdp dense-never: layer 24 experts sharded separately (reshard=True), dense params kept unsharded (reshard=False)
[rank0]:[titan] 2026-09-21 13:52:34,693 - torchtitan.distributed.fsdp - INFO - fsdp dense-never: layer 25 experts sharded separately (reshard=True), dense params kept unsharded (reshard=False)
[rank0]:[titan] 2026-09-21 13:52:34,711 - torchtitan.distributed.fsdp - INFO - fsdp dense-never: layer 26 experts sharded separately (reshard=True), dense params kept unsharded (reshard=False)
[rank0]:[titan] 2026-09-21 13:52:34,733 - torchtitan.distributed.fsdp - INFO - fsdp dense-never: layer 27 experts sharded separately (reshard=True), dense params kept unsharded (reshard=False)
[rank0]:[titan] 2026-09-21 13:52:34,750 - torchtitan.distributed.fsdp - INFO - fsdp dense-never: layer 28 experts sharded separately (reshard=True), dense params kept unsharded (reshard=False)
[rank0]:[titan] 2026-09-21 13:52:34,772 - torchtitan.distributed.fsdp - INFO - fsdp dense-never: layer 29 experts sharded separately (reshard=True), dense params kept unsharded (reshard=False)
[rank0]:[titan] 2026-09-21 13:52:34,790 - torchtitan.distributed.fsdp - INFO - fsdp dense-never: layer 30 experts sharded separately (reshard=True), dense params kept unsharded (reshard=False)
[rank0]:[titan] 2026-09-21 13:52:34,811 - torchtitan.distributed.fsdp - INFO - fsdp dense-never: layer 31 experts sharded separately (reshard=True), dense params kept unsharded (reshard=False)
[rank0]:[titan] 2026-09-21 13:52:34,829 - torchtitan.distributed.fsdp - INFO - fsdp dense-never: layer 32 experts sharded separately (reshard=True), dense params kept unsharded (reshard=False)
[rank0]:[titan] 2026-09-21 13:52:34,850 - torchtitan.distributed.fsdp - INFO - fsdp dense-never: layer 33 experts sharded separately (reshard=True), dense params kept unsharded (reshard=False)
[rank0]:[titan] 2026-09-21 13:52:34,868 - torchtitan.distributed.fsdp - INFO - fsdp dense-never: layer 34 experts sharded separately (reshard=True), dense params kept unsharded (reshard=False)
[rank0]:[titan] 2026-09-21 13:52:34,889 - torchtitan.distributed.fsdp - INFO - fsdp dense-never: layer 35 experts sharded separately (reshard=True), dense params kept unsharded (reshard=False)
[rank0]:[titan] 2026-09-21 13:52:34,908 - torchtitan.distributed.fsdp - INFO - fsdp dense-never: layer 36 experts sharded separately (reshard=True), dense params kept unsharded (reshard=False)
[rank0]:[titan] 2026-09-21 13:52:34,929 - torchtitan.distributed.fsdp - INFO - fsdp dense-never: layer 37 experts sharded separately (reshard=True), dense params kept unsharded (reshard=False)
[rank0]:[titan] 2026-09-21 13:52:34,947 - torchtitan.distributed.fsdp - INFO - fsdp dense-never: layer 38 experts sharded separately (reshard=True), dense params kept unsharded (reshard=False)
[rank0]:[titan] 2026-09-21 13:52:34,968 - torchtitan.distributed.fsdp - INFO - fsdp dense-never: layer 39 experts sharded separately (reshard=True), dense params kept unsharded (reshard=False)
[rank0]:[titan] 2026-09-21 13:52:19,648 - torchtitan.trainer - INFO - Model deepseek_v4 deepseek_v4_flash size: 284,332,230,231 total parameters
[rank0]:[titan] 2026-09-21 13:52:19,658 - torchtitan.distributed.minimal_async_ep.api - INFO - Initializing MinimalAsyncEP buffer: hidden_dim=4096, num_max_tokens_per_rank=98304, top_k=6, num_local_experts=128, ep_size=2, max_routed_tokens=1179648
[rank0]:[titan] 2026-09-21 13:52:33,614 - torchtitan.distributed.activation_checkpoint - INFO - Applied FullAC activation checkpointing to the model
[rank0]:[titan] 2026-09-21 13:52:33,650 - torchtitan.distributed.fsdp - INFO - fsdp dense-never: layer 0 experts sharded separately (reshard=True), dense params kept unsharded (reshard=False)
[rank0]:[titan] 2026-09-21 13:52:33,913 - torchtitan.distributed.fsdp - INFO - fsdp dense-never: layer 1 experts sharded separately (reshard=True), dense params kept unsharded (reshard=False)
[rank0]:[titan] 2026-09-21 13:52:33,935 - torchtitan.distributed.fsdp - INFO - fsdp dense-never: layer 2 experts sharded separately (reshard=True), dense params kept unsharded (reshard=False)
[rank0]:[titan] 2026-09-21 13:52:33,996 - torchtitan.distributed.fsdp - INFO - fsdp dense-never: layer 3 experts sharded separately (reshard=True), dense params kept unsharded (reshard=False)
[rank0]:[titan] 2026-09-21 13:52:34,029 - torchtitan.distributed.fsdp - INFO - fsdp dense-never: layer 4 experts sharded separately (reshard=True), dense params kept unsharded (reshard=False)
[rank0]:[titan] 2026-09-21 13:52:34,059 - torchtitan.distributed.fsdp - INFO - fsdp dense-never: layer 5 experts sharded separately (reshard=True), dense params kept unsharded (reshard=False)
[rank0]:[titan] 2026-09-21 13:52:34,084 - torchtitan.distributed.fsdp - INFO - fsdp dense-never: layer 6 experts sharded separately (reshard=True), dense params kept unsharded (reshard=False)
[rank0]:[titan] 2026-09-21 13:52:34,114 - torchtitan.distributed.fsdp - INFO - fsdp dense-never: layer 7 experts sharded separately (reshard=True), dense params kept unsharded (reshard=False)
[rank0]:[titan] 2026-09-21 13:52:34,139 - torchtitan.distributed.fsdp - INFO - fsdp dense-never: layer 8 experts sharded separately (reshard=True), dense params kept unsharded (reshard=False)
[rank0]:[titan] 2026-09-21 13:52:34,168 - torchtitan.distributed.fsdp - INFO - fsdp dense-never: layer 9 experts sharded separately (reshard=True), dense params kept unsharded (reshard=False)
[rank0]:[titan] 2026-09-21 13:52:34,192 - torchtitan.distributed.fsdp - INFO - fsdp dense-never: layer 10 experts sharded separately (reshard=True), dense params kept unsharded (reshard=False)
[rank0]:[titan] 2026-09-21 13:52:34,221 - torchtitan.distributed.fsdp - INFO - fsdp dense-never: layer 11 experts sharded separately (reshard=True), dense params kept unsharded (reshard=False)
[rank0]:[titan] 2026-09-21 13:52:34,245 - torchtitan.distributed.fsdp - INFO - fsdp dense-never: layer 12 experts sharded separately (reshard=True), dense params kept unsharded (reshard=False)
[rank0]:[titan] 2026-09-21 13:52:34,274 - torchtitan.distributed.fsdp - INFO - fsdp dense-never: layer 13 experts sharded separately (reshard=True), dense params kept unsharded (reshard=False)
[rank0]:[titan] 2026-09-21 13:52:34,299 - torchtitan.distributed.fsdp - INFO - fsdp dense-never: layer 14 experts sharded separately (reshard=True), dense params kept unsharded (reshard=False)
[rank0]:[titan] 2026-09-21 13:52:34,328 - torchtitan.distributed.fsdp - INFO - fsdp dense-never: layer 15 experts sharded separately (reshard=True), dense params kept unsharded (reshard=False)
[rank0]:[titan] 2026-09-21 13:52:34,352 - torchtitan.distributed.fsdp - INFO - fsdp dense-never: layer 16 experts sharded separately (reshard=True), dense params kept unsharded (reshard=False)
[rank0]:[titan] 2026-09-21 13:52:34,382 - torchtitan.distributed.fsdp - INFO - fsdp dense-never: layer 17 experts sharded separately (reshard=True), dense params kept unsharded (reshard=False)
[rank0]:[titan] 2026-09-21 13:52:34,406 - torchtitan.distributed.fsdp - INFO - fsdp dense-never: layer 18 experts sharded separately (reshard=True), dense params kept unsharded (reshard=False)
[rank0]:[titan] 2026-09-21 13:52:34,435 - torchtitan.distributed.fsdp - INFO - fsdp dense-never: layer 19 experts sharded separately (reshard=True), dense params kept unsharded (reshard=False)
[rank0]:[titan] 2026-09-21 13:52:34,460 - torchtitan.distributed.fsdp - INFO - fsdp dense-never: layer 20 experts sharded separately (reshard=True), dense params kept unsharded (reshard=False)
[rank0]:[titan] 2026-09-21 13:52:34,489 - torchtitan.distributed.fsdp - INFO - fsdp dense-never: layer 21 experts sharded separately (reshard=True), dense params kept unsharded (reshard=False)
[rank0]:[titan] 2026-09-21 13:52:34,514 - torchtitan.distributed.fsdp - INFO - fsdp dense-never: layer 22 experts sharded separately (reshard=True), dense params kept unsharded (reshard=False)
[rank0]:[titan] 2026-09-21 13:52:34,544 - torchtitan.distributed.fsdp - INFO - fsdp dense-never: layer 23 experts sharded separately (reshard=True), dense params kept unsharded (reshard=False)
[rank0]:[titan] 2026-09-21 13:52:34,569 - torchtitan.distributed.fsdp - INFO - fsdp dense-never: layer 24 experts sharded separately (reshard=True), dense params kept unsharded (reshard=False)
[rank0]:[titan] 2026-09-21 13:52:34,598 - torchtitan.distributed.fsdp - INFO - fsdp dense-never: layer 25 experts sharded separately (reshard=True), dense params kept unsharded (reshard=False)
[rank0]:[titan] 2026-09-21 13:52:34,623 - torchtitan.distributed.fsdp - INFO - fsdp dense-never: layer 26 experts sharded separately (reshard=True), dense params kept unsharded (reshard=False)
[rank0]:[titan] 2026-09-21 13:52:34,652 - torchtitan.distributed.fsdp - INFO - fsdp dense-never: layer 27 experts sharded separately (reshard=True), dense params kept unsharded (reshard=False)
[rank0]:[titan] 2026-09-21 13:52:34,677 - torchtitan.distributed.fsdp - INFO - fsdp dense-never: layer 28 experts sharded separately (reshard=True), dense params kept unsharded (reshard=False)
[rank0]:[titan] 2026-09-21 13:52:34,707 - torchtitan.distributed.fsdp - INFO - fsdp dense-never: layer 29 experts sharded separately (reshard=True), dense params kept unsharded (reshard=False)
[rank0]:[titan] 2026-09-21 13:52:34,732 - torchtitan.distributed.fsdp - INFO - fsdp dense-never: layer 30 experts sharded separately (reshard=True), dense params kept unsharded (reshard=False)
[rank0]:[titan] 2026-09-21 13:52:34,761 - torchtitan.distributed.fsdp - INFO - fsdp dense-never: layer 31 experts sharded separately (reshard=True), dense params kept unsharded (reshard=False)
[rank0]:[titan] 2026-09-21 13:52:34,786 - torchtitan.distributed.fsdp - INFO - fsdp dense-never: layer 32 experts sharded separately (reshard=True), dense params kept unsharded (reshard=False)
[rank0]:[titan] 2026-09-21 13:52:34,815 - torchtitan.distributed.fsdp - INFO - fsdp dense-never: layer 33 experts sharded separately (reshard=True), dense params kept unsharded (reshard=False)
[rank0]:[titan] 2026-09-21 13:52:34,840 - torchtitan.distributed.fsdp - INFO - fsdp dense-never: layer 34 experts sharded separately (reshard=True), dense params kept unsharded (reshard=False)
[rank0]:[titan] 2026-09-21 13:52:34,870 - torchtitan.distributed.fsdp - INFO - fsdp dense-never: layer 35 experts sharded separately (reshard=True), dense params kept unsharded (reshard=False)
[rank0]:[titan] 2026-09-21 13:52:34,894 - torchtitan.distributed.fsdp - INFO - fsdp dense-never: layer 36 experts sharded separately (reshard=True), dense params kept unsharded (reshard=False)
[rank0]:[titan] 2026-09-21 13:52:34,924 - torchtitan.distributed.fsdp - INFO - fsdp dense-never: layer 37 experts sharded separately (reshard=True), dense params kept unsharded (reshard=False)
[rank0]:[titan] 2026-09-21 13:52:34,948 - torchtitan.distributed.fsdp - INFO - fsdp dense-never: layer 38 experts sharded separately (reshard=True), dense params kept unsharded (reshard=False)
[rank0]:[titan] 2026-09-21 13:52:34,977 - torchtitan.distributed.fsdp - INFO - fsdp dense-never: layer 39 experts sharded separately (reshard=True), dense params kept unsharded (reshard=False)
[rank0]:[titan] 2026-09-21 13:52:18,328 - torchtitan.trainer - INFO - Model deepseek_v4 deepseek_v4_flash size: 284,332,230,231 total parameters
[rank0]:[titan] 2026-09-21 13:52:18,333 - torchtitan.distributed.minimal_async_ep.api - INFO - Initializing MinimalAsyncEP buffer: hidden_dim=4096, num_max_tokens_per_rank=98304, top_k=6, num_local_experts=128, ep_size=2, max_routed_tokens=1179648
[rank0]:[titan] 2026-09-21 13:52:33,547 - torchtitan.distributed.activation_checkpoint - INFO - Applied FullAC activation checkpointing to the model
[rank0]:[titan] 2026-09-21 13:52:33,578 - torchtitan.distributed.fsdp - INFO - fsdp dense-never: layer 0 experts sharded separately (reshard=True), dense params kept unsharded (reshard=False)
[rank0]:[titan] 2026-09-21 13:52:33,822 - torchtitan.distributed.fsdp - INFO - fsdp dense-never: layer 1 experts sharded separately (reshard=True), dense params kept unsharded (reshard=False)
[rank0]:[titan] 2026-09-21 13:52:33,840 - torchtitan.distributed.fsdp - INFO - fsdp dense-never: layer 2 experts sharded separately (reshard=True), dense params kept unsharded (reshard=False)
[rank0]:[titan] 2026-09-21 13:52:33,900 - torchtitan.distributed.fsdp - INFO - fsdp dense-never: layer 3 experts sharded separately (reshard=True), dense params kept unsharded (reshard=False)
[rank0]:[titan] 2026-09-21 13:52:33,936 - torchtitan.distributed.fsdp - INFO - fsdp dense-never: layer 4 experts sharded separately (reshard=True), dense params kept unsharded (reshard=False)
[rank0]:[titan] 2026-09-21 13:52:33,969 - torchtitan.distributed.fsdp - INFO - fsdp dense-never: layer 5 experts sharded separately (reshard=True), dense params kept unsharded (reshard=False)
[rank0]:[titan] 2026-09-21 13:52:33,996 - torchtitan.distributed.fsdp - INFO - fsdp dense-never: layer 6 experts sharded separately (reshard=True), dense params kept unsharded (reshard=False)
[rank0]:[titan] 2026-09-21 13:52:34,029 - torchtitan.distributed.fsdp - INFO - fsdp dense-never: layer 7 experts sharded separately (reshard=True), dense params kept unsharded (reshard=False)
[rank0]:[titan] 2026-09-21 13:52:34,055 - torchtitan.distributed.fsdp - INFO - fsdp dense-never: layer 8 experts sharded separately (reshard=True), dense params kept unsharded (reshard=False)
[rank0]:[titan] 2026-09-21 13:52:34,090 - torchtitan.distributed.fsdp - INFO - fsdp dense-never: layer 9 experts sharded separately (reshard=True), dense params kept unsharded (reshard=False)
[rank0]:[titan] 2026-09-21 13:52:34,117 - torchtitan.distributed.fsdp - INFO - fsdp dense-never: layer 10 experts sharded separately (reshard=True), dense params kept unsharded (reshard=False)
[rank0]:[titan] 2026-09-21 13:52:34,149 - torchtitan.distributed.fsdp - INFO - fsdp dense-never: layer 11 experts sharded separately (reshard=True), dense params kept unsharded (reshard=False)
[rank0]:[titan] 2026-09-21 13:52:34,176 - torchtitan.distributed.fsdp - INFO - fsdp dense-never: layer 12 experts sharded separately (reshard=True), dense params kept unsharded (reshard=False)
[rank0]:[titan] 2026-09-21 13:52:34,208 - torchtitan.distributed.fsdp - INFO - fsdp dense-never: layer 13 experts sharded separately (reshard=True), dense params kept unsharded (reshard=False)
[rank0]:[titan] 2026-09-21 13:52:34,235 - torchtitan.distributed.fsdp - INFO - fsdp dense-never: layer 14 experts sharded separately (reshard=True), dense params kept unsharded (reshard=False)
[rank0]:[titan] 2026-09-21 13:52:34,266 - torchtitan.distributed.fsdp - INFO - fsdp dense-never: layer 15 experts sharded separately (reshard=True), dense params kept unsharded (reshard=False)
[rank0]:[titan] 2026-09-21 13:52:34,294 - torchtitan.distributed.fsdp - INFO - fsdp dense-never: layer 16 experts sharded separately (reshard=True), dense params kept unsharded (reshard=False)
[rank0]:[titan] 2026-09-21 13:52:34,325 - torchtitan.distributed.fsdp - INFO - fsdp dense-never: layer 17 experts sharded separately (reshard=True), dense params kept unsharded (reshard=False)
[rank0]:[titan] 2026-09-21 13:52:34,352 - torchtitan.distributed.fsdp - INFO - fsdp dense-never: layer 18 experts sharded separately (reshard=True), dense params kept unsharded (reshard=False)
[rank0]:[titan] 2026-09-21 13:52:34,383 - torchtitan.distributed.fsdp - INFO - fsdp dense-never: layer 19 experts sharded separately (reshard=True), dense params kept unsharded (reshard=False)
[rank0]:[titan] 2026-09-21 13:52:34,410 - torchtitan.distributed.fsdp - INFO - fsdp dense-never: layer 20 experts sharded separately (reshard=True), dense params kept unsharded (reshard=False)
[rank0]:[titan] 2026-09-21 13:52:34,442 - torchtitan.distributed.fsdp - INFO - fsdp dense-never: layer 21 experts sharded separately (reshard=True), dense params kept unsharded (reshard=False)
[rank0]:[titan] 2026-09-21 13:52:34,469 - torchtitan.distributed.fsdp - INFO - fsdp dense-never: layer 22 experts sharded separately (reshard=True), dense params kept unsharded (reshard=False)
[rank0]:[titan] 2026-09-21 13:52:34,501 - torchtitan.distributed.fsdp - INFO - fsdp dense-never: layer 23 experts sharded separately (reshard=True), dense params kept unsharded (reshard=False)
[rank0]:[titan] 2026-09-21 13:52:34,528 - torchtitan.distributed.fsdp - INFO - fsdp dense-never: layer 24 experts sharded separately (reshard=True), dense params kept unsharded (reshard=False)
[rank0]:[titan] 2026-09-21 13:52:34,560 - torchtitan.distributed.fsdp - INFO - fsdp dense-never: layer 25 experts sharded separately (reshard=True), dense params kept unsharded (reshard=False)
[rank0]:[titan] 2026-09-21 13:52:34,588 - torchtitan.distributed.fsdp - INFO - fsdp dense-never: layer 26 experts sharded separately (reshard=True), dense params kept unsharded (reshard=False)
[rank0]:[titan] 2026-09-21 13:52:34,622 - torchtitan.distributed.fsdp - INFO - fsdp dense-never: layer 27 experts sharded separately (reshard=True), dense params kept unsharded (reshard=False)
[rank0]:[titan] 2026-09-21 13:52:34,651 - torchtitan.distributed.fsdp - INFO - fsdp dense-never: layer 28 experts sharded separately (reshard=True), dense params kept unsharded (reshard=False)
[rank0]:[titan] 2026-09-21 13:52:34,687 - torchtitan.distributed.fsdp - INFO - fsdp dense-never: layer 29 experts sharded separately (reshard=True), dense params kept unsharded (reshard=False)
[rank0]:[titan] 2026-09-21 13:52:34,718 - torchtitan.distributed.fsdp - INFO - fsdp dense-never: layer 30 experts sharded separately (reshard=True), dense params kept unsharded (reshard=False)
[rank0]:[titan] 2026-09-21 13:52:34,755 - torchtitan.distributed.fsdp - INFO - fsdp dense-never: layer 31 experts sharded separately (reshard=True), dense params kept unsharded (reshard=False)
[rank0]:[titan] 2026-09-21 13:52:34,785 - torchtitan.distributed.fsdp - INFO - fsdp dense-never: layer 32 experts sharded separately (reshard=True), dense params kept unsharded (reshard=False)
[rank0]:[titan] 2026-09-21 13:52:34,823 - torchtitan.distributed.fsdp - INFO - fsdp dense-never: layer 33 experts sharded separately (reshard=True), dense params kept unsharded (reshard=False)
[rank0]:[titan] 2026-09-21 13:52:34,854 - torchtitan.distributed.fsdp - INFO - fsdp dense-never: layer 34 experts sharded separately (reshard=True), dense params kept unsharded (reshard=False)
[rank0]:[titan] 2026-09-21 13:52:34,891 - torchtitan.distributed.fsdp - INFO - fsdp dense-never: layer 35 experts sharded separately (reshard=True), dense params kept unsharded (reshard=False)
[rank0]:[titan] 2026-09-21 13:52:34,923 - torchtitan.distributed.fsdp - INFO - fsdp dense-never: layer 36 experts sharded separately (reshard=True), dense params kept unsharded (reshard=False)
[rank0]:[titan] 2026-09-21 13:52:34,959 - torchtitan.distributed.fsdp - INFO - fsdp dense-never: layer 37 experts sharded separately (reshard=True), dense params kept unsharded (reshard=False)
[rank0]:[titan] 2026-09-21 13:52:34,991 - torchtitan.distributed.fsdp - INFO - fsdp dense-never: layer 38 experts sharded separately (reshard=True), dense params kept unsharded (reshard=False)
[rank0]:[titan] 2026-09-21 13:52:35,028 - torchtitan.distributed.fsdp - INFO - fsdp dense-never: layer 39 experts sharded separately (reshard=True), dense params kept unsharded (reshard=False)
[rank0]:[titan] 2026-09-21 13:52:19,633 - torchtitan.trainer - INFO - Model deepseek_v4 deepseek_v4_flash size: 284,332,230,231 total parameters
[rank0]:[titan] 2026-09-21 13:52:19,642 - torchtitan.distributed.minimal_async_ep.api - INFO - Initializing MinimalAsyncEP buffer: hidden_dim=4096, num_max_tokens_per_rank=98304, top_k=6, num_local_experts=128, ep_size=2, max_routed_tokens=1179648
[rank0]:[titan] 2026-09-21 13:52:33,971 - torchtitan.distributed.activation_checkpoint - INFO - Applied FullAC activation checkpointing to the model
[rank0]:[titan] 2026-09-21 13:52:34,011 - torchtitan.distributed.fsdp - INFO - fsdp dense-never: layer 0 experts sharded separately (reshard=True), dense params kept unsharded (reshard=False)
[rank0]:[titan] 2026-09-21 13:52:34,257 - torchtitan.distributed.fsdp - INFO - fsdp dense-never: layer 1 experts sharded separately (reshard=True), dense params kept unsharded (reshard=False)
[rank0]:[titan] 2026-09-21 13:52:34,277 - torchtitan.distributed.fsdp - INFO - fsdp dense-never: layer 2 experts sharded separately (reshard=True), dense params kept unsharded (reshard=False)
[rank0]:[titan] 2026-09-21 13:52:34,335 - torchtitan.distributed.fsdp - INFO - fsdp dense-never: layer 3 experts sharded separately (reshard=True), dense params kept unsharded (reshard=False)
[rank0]:[titan] 2026-09-21 13:52:34,365 - torchtitan.distributed.fsdp - INFO - fsdp dense-never: layer 4 experts sharded separately (reshard=True), dense params kept unsharded (reshard=False)
[rank0]:[titan] 2026-09-21 13:52:34,392 - torchtitan.distributed.fsdp - INFO - fsdp dense-never: layer 5 experts sharded separately (reshard=True), dense params kept unsharded (reshard=False)
[rank0]:[titan] 2026-09-21 13:52:34,414 - torchtitan.distributed.fsdp - INFO - fsdp dense-never: layer 6 experts sharded separately (reshard=True), dense params kept unsharded (reshard=False)
[rank0]:[titan] 2026-09-21 13:52:34,441 - torchtitan.distributed.fsdp - INFO - fsdp dense-never: layer 7 experts sharded separately (reshard=True), dense params kept unsharded (reshard=False)
[rank0]:[titan] 2026-09-21 13:52:34,464 - torchtitan.distributed.fsdp - INFO - fsdp dense-never: layer 8 experts sharded separately (reshard=True), dense params kept unsharded (reshard=False)
[rank0]:[titan] 2026-09-21 13:52:34,490 - torchtitan.distributed.fsdp - INFO - fsdp dense-never: layer 9 experts sharded separately (reshard=True), dense params kept unsharded (reshard=False)
[rank0]:[titan] 2026-09-21 13:52:34,512 - torchtitan.distributed.fsdp - INFO - fsdp dense-never: layer 10 experts sharded separately (reshard=True), dense params kept unsharded (reshard=False)
[rank0]:[titan] 2026-09-21 13:52:34,540 - torchtitan.distributed.fsdp - INFO - fsdp dense-never: layer 11 experts sharded separately (reshard=True), dense params kept unsharded (reshard=False)
[rank0]:[titan] 2026-09-21 13:52:34,563 - torchtitan.distributed.fsdp - INFO - fsdp dense-never: layer 12 experts sharded separately (reshard=True), dense params kept unsharded (reshard=False)
[rank0]:[titan] 2026-09-21 13:52:34,590 - torchtitan.distributed.fsdp - INFO - fsdp dense-never: layer 13 experts sharded separately (reshard=True), dense params kept unsharded (reshard=False)
[rank0]:[titan] 2026-09-21 13:52:34,612 - torchtitan.distributed.fsdp - INFO - fsdp dense-never: layer 14 experts sharded separately (reshard=True), dense params kept unsharded (reshard=False)
[rank0]:[titan] 2026-09-21 13:52:34,639 - torchtitan.distributed.fsdp - INFO - fsdp dense-never: layer 15 experts sharded separately (reshard=True), dense params kept unsharded (reshard=False)
[rank0]:[titan] 2026-09-21 13:52:34,661 - torchtitan.distributed.fsdp - INFO - fsdp dense-never: layer 16 experts sharded separately (reshard=True), dense params kept unsharded (reshard=False)
[rank0]:[titan] 2026-09-21 13:52:34,687 - torchtitan.distributed.fsdp - INFO - fsdp dense-never: layer 17 experts sharded separately (reshard=True), dense params kept unsharded (reshard=False)
[rank0]:[titan] 2026-09-21 13:52:34,709 - torchtitan.distributed.fsdp - INFO - fsdp dense-never: layer 18 experts sharded separately (reshard=True), dense params kept unsharded (reshard=False)
[rank0]:[titan] 2026-09-21 13:52:34,735 - torchtitan.distributed.fsdp - INFO - fsdp dense-never: layer 19 experts sharded separately (reshard=True), dense params kept unsharded (reshard=False)
[rank0]:[titan] 2026-09-21 13:52:34,758 - torchtitan.distributed.fsdp - INFO - fsdp dense-never: layer 20 experts sharded separately (reshard=True), dense params kept unsharded (reshard=False)
[rank0]:[titan] 2026-09-21 13:52:34,784 - torchtitan.distributed.fsdp - INFO - fsdp dense-never: layer 21 experts sharded separately (reshard=True), dense params kept unsharded (reshard=False)
[rank0]:[titan] 2026-09-21 13:52:34,806 - torchtitan.distributed.fsdp - INFO - fsdp dense-never: layer 22 experts sharded separately (reshard=True), dense params kept unsharded (reshard=False)
[rank0]:[titan] 2026-09-21 13:52:34,833 - torchtitan.distributed.fsdp - INFO - fsdp dense-never: layer 23 experts sharded separately (reshard=True), dense params kept unsharded (reshard=False)
[rank0]:[titan] 2026-09-21 13:52:34,855 - torchtitan.distributed.fsdp - INFO - fsdp dense-never: layer 24 experts sharded separately (reshard=True), dense params kept unsharded (reshard=False)
[rank0]:[titan] 2026-09-21 13:52:34,881 - torchtitan.distributed.fsdp - INFO - fsdp dense-never: layer 25 experts sharded separately (reshard=True), dense params kept unsharded (reshard=False)
[rank0]:[titan] 2026-09-21 13:52:34,903 - torchtitan.distributed.fsdp - INFO - fsdp dense-never: layer 26 experts sharded separately (reshard=True), dense params kept unsharded (reshard=False)
[rank0]:[titan] 2026-09-21 13:52:34,929 - torchtitan.distributed.fsdp - INFO - fsdp dense-never: layer 27 experts sharded separately (reshard=True), dense params kept unsharded (reshard=False)
[rank0]:[titan] 2026-09-21 13:52:34,951 - torchtitan.distributed.fsdp - INFO - fsdp dense-never: layer 28 experts sharded separately (reshard=True), dense params kept unsharded (reshard=False)
[rank0]:[titan] 2026-09-21 13:52:34,978 - torchtitan.distributed.fsdp - INFO - fsdp dense-never: layer 29 experts sharded separately (reshard=True), dense params kept unsharded (reshard=False)
[rank0]:[titan] 2026-09-21 13:52:35,000 - torchtitan.distributed.fsdp - INFO - fsdp dense-never: layer 30 experts sharded separately (reshard=True), dense params kept unsharded (reshard=False)
[rank0]:[titan] 2026-09-21 13:52:35,025 - torchtitan.distributed.fsdp - INFO - fsdp dense-never: layer 31 experts sharded separately (reshard=True), dense params kept unsharded (reshard=False)
[rank0]:[titan] 2026-09-21 13:52:35,047 - torchtitan.distributed.fsdp - INFO - fsdp dense-never: layer 32 experts sharded separately (reshard=True), dense params kept unsharded (reshard=False)
[rank0]:[titan] 2026-09-21 13:52:35,073 - torchtitan.distributed.fsdp - INFO - fsdp dense-never: layer 33 experts sharded separately (reshard=True), dense params kept unsharded (reshard=False)
[rank0]:[titan] 2026-09-21 13:52:35,095 - torchtitan.distributed.fsdp - INFO - fsdp dense-never: layer 34 experts sharded separately (reshard=True), dense params kept unsharded (reshard=False)
[rank0]:[titan] 2026-09-21 13:52:35,121 - torchtitan.distributed.fsdp - INFO - fsdp dense-never: layer 35 experts sharded separately (reshard=True), dense params kept unsharded (reshard=False)
[rank0]:[titan] 2026-09-21 13:52:35,142 - torchtitan.distributed.fsdp - INFO - fsdp dense-never: layer 36 experts sharded separately (reshard=True), dense params kept unsharded (reshard=False)
[rank0]:[titan] 2026-09-21 13:52:35,167 - torchtitan.distributed.fsdp - INFO - fsdp dense-never: layer 37 experts sharded separately (reshard=True), dense params kept unsharded (reshard=False)
[rank0]:[titan] 2026-09-21 13:52:35,188 - torchtitan.distributed.fsdp - INFO - fsdp dense-never: layer 38 experts sharded separately (reshard=True), dense params kept unsharded (reshard=False)
[rank0]:[titan] 2026-09-21 13:52:35,214 - torchtitan.distributed.fsdp - INFO - fsdp dense-never: layer 39 experts sharded separately (reshard=True), dense params kept unsharded (reshard=False)
[rank0]:[rank120]:W0921 13:52:43.432000 457409 torch/distributed/tensor/_redistribute.py:394] While redistributing from (Replicate(), _StridedShard(dim=0, sf=2), Shard(dim=0)) to (Replicate(), Replicate(), Replicate()), 2 sequential all_gather operations will be performed. This is suboptimal: multiple collective operations have higher latency (separate kernel launches and synchronization points) and may give inconsistent results between ranks due to different reduction orders. it is not possible to merge non-ascending order all_gather operations.
[rank0]:[rank100]:W0921 13:52:43.444000 543553 torch/distributed/tensor/_redistribute.py:394] While redistributing from (Replicate(), _StridedShard(dim=0, sf=2), Shard(dim=0)) to (Replicate(), Replicate(), Replicate()), 2 sequential all_gather operations will be performed. This is suboptimal: multiple collective operations have higher latency (separate kernel launches and synchronization points) and may give inconsistent results between ranks due to different reduction orders. it is not possible to merge non-ascending order all_gather operations.
[rank0]:[rank116]:W0921 13:52:43.444000 534834 torch/distributed/tensor/_redistribute.py:394] While redistributing from (Replicate(), _StridedShard(dim=0, sf=2), Shard(dim=0)) to (Replicate(), Replicate(), Replicate()), 2 sequential all_gather operations will be performed. This is suboptimal: multiple collective operations have higher latency (separate kernel launches and synchronization points) and may give inconsistent results between ranks due to different reduction orders. it is not possible to merge non-ascending order all_gather operations.
[rank0]:[rank108]:W0921 13:52:43.443000 534693 torch/distributed/tensor/_redistribute.py:394] While redistributing from (Replicate(), _StridedShard(dim=0, sf=2), Shard(dim=0)) to (Replicate(), Replicate(), Replicate()), 2 sequential all_gather operations will be performed. This is suboptimal: multiple collective operations have higher latency (separate kernel launches and synchronization points) and may give inconsistent results between ranks due to different reduction orders. it is not possible to merge non-ascending order all_gather operations.
[rank0]:[rank112]:W0921 13:52:43.433000 533902 torch/distributed/tensor/_redistribute.py:394] While redistributing from (Replicate(), _StridedShard(dim=0, sf=2), Shard(dim=0)) to (Replicate(), Replicate(), Replicate()), 2 sequential all_gather operations will be performed. This is suboptimal: multiple collective operations have higher latency (separate kernel launches and synchronization points) and may give inconsistent results between ranks due to different reduction orders. it is not possible to merge non-ascending order all_gather operations.
[rank0]:[rank104]:W0921 13:52:43.444000 468462 torch/distributed/tensor/_redistribute.py:394] While redistributing from (Replicate(), _StridedShard(dim=0, sf=2), Shard(dim=0)) to (Replicate(), Replicate(), Replicate()), 2 sequential all_gather operations will be performed. This is suboptimal: multiple collective operations have higher latency (separate kernel launches and synchronization points) and may give inconsistent results between ranks due to different reduction orders. it is not possible to merge non-ascending order all_gather operations.
[rank0]:[rank96]:W0921 13:52:43.447000 662964 torch/distributed/tensor/_redistribute.py:394] While redistributing from (Replicate(), _StridedShard(dim=0, sf=2), Shard(dim=0)) to (Replicate(), Replicate(), Replicate()), 2 sequential all_gather operations will be performed. This is suboptimal: multiple collective operations have higher latency (separate kernel launches and synchronization points) and may give inconsistent results between ranks due to different reduction orders. it is not possible to merge non-ascending order all_gather operations.
[rank0]:[rank124]:W0921 13:52:43.443000 437724 torch/distributed/tensor/_redistribute.py:394] While redistributing from (Replicate(), _StridedShard(dim=0, sf=2), Shard(dim=0)) to (Replicate(), Replicate(), Replicate()), 2 sequential all_gather operations will be performed. This is suboptimal: multiple collective operations have higher latency (separate kernel launches and synchronization points) and may give inconsistent results between ranks due to different reduction orders. it is not possible to merge non-ascending order all_gather operations.
[rank0]:[rank32]:W0921 13:52:44.469000 158770 torch/distributed/tensor/_redistribute.py:394] While redistributing from (Replicate(), _StridedShard(dim=0, sf=2), Shard(dim=0)) to (Replicate(), Replicate(), Replicate()), 2 sequential all_gather operations will be performed. This is suboptimal: multiple collective operations have higher latency (separate kernel launches and synchronization points) and may give inconsistent results between ranks due to different reduction orders. it is not possible to merge non-ascending order all_gather operations.
[rank0]:[rank40]:W0921 13:52:44.466000 153667 torch/distributed/tensor/_redistribute.py:394] While redistributing from (Replicate(), _StridedShard(dim=0, sf=2), Shard(dim=0)) to (Replicate(), Replicate(), Replicate()), 2 sequential all_gather operations will be performed. This is suboptimal: multiple collective operations have higher latency (separate kernel launches and synchronization points) and may give inconsistent results between ranks due to different reduction orders. it is not possible to merge non-ascending order all_gather operations.
[rank0]:[rank56]:W0921 13:52:44.466000 152027 torch/distributed/tensor/_redistribute.py:394] While redistributing from (Replicate(), _StridedShard(dim=0, sf=2), Shard(dim=0)) to (Replicate(), Replicate(), Replicate()), 2 sequential all_gather operations will be performed. This is suboptimal: multiple collective operations have higher latency (separate kernel launches and synchronization points) and may give inconsistent results between ranks due to different reduction orders. it is not possible to merge non-ascending order all_gather operations.
[rank0]:[rank60]:W0921 13:52:44.472000 151301 torch/distributed/tensor/_redistribute.py:394] While redistributing from (Replicate(), _StridedShard(dim=0, sf=2), Shard(dim=0)) to (Replicate(), Replicate(), Replicate()), 2 sequential all_gather operations will be performed. This is suboptimal: multiple collective operations have higher latency (separate kernel launches and synchronization points) and may give inconsistent results between ranks due to different reduction orders. it is not possible to merge non-ascending order all_gather operations.
[rank0]:[rank52]:W0921 13:52:44.468000 151774 torch/distributed/tensor/_redistribute.py:394] While redistributing from (Replicate(), _StridedShard(dim=0, sf=2), Shard(dim=0)) to (Replicate(), Replicate(), Replicate()), 2 sequential all_gather operations will be performed. This is suboptimal: multiple collective operations have higher latency (separate kernel launches and synchronization points) and may give inconsistent results between ranks due to different reduction orders. it is not possible to merge non-ascending order all_gather operations.
[rank0]:[rank36]:W0921 13:52:44.472000 177396 torch/distributed/tensor/_redistribute.py:394] While redistributing from (Replicate(), _StridedShard(dim=0, sf=2), Shard(dim=0)) to (Replicate(), Replicate(), Replicate()), 2 sequential all_gather operations will be performed. This is suboptimal: multiple collective operations have higher latency (separate kernel launches and synchronization points) and may give inconsistent results between ranks due to different reduction orders. it is not possible to merge non-ascending order all_gather operations.
[rank0]:[rank44]:W0921 13:52:44.472000 153020 torch/distributed/tensor/_redistribute.py:394] While redistributing from (Replicate(), _StridedShard(dim=0, sf=2), Shard(dim=0)) to (Replicate(), Replicate(), Replicate()), 2 sequential all_gather operations will be performed. This is suboptimal: multiple collective operations have higher latency (separate kernel launches and synchronization points) and may give inconsistent results between ranks due to different reduction orders. it is not possible to merge non-ascending order all_gather operations.
[rank0]:[rank48]:W0921 13:52:44.469000 152689 torch/distributed/tensor/_redistribute.py:394] While redistributing from (Replicate(), _StridedShard(dim=0, sf=2), Shard(dim=0)) to (Replicate(), Replicate(), Replicate()), 2 sequential all_gather operations will be performed. This is suboptimal: multiple collective operations have higher latency (separate kernel launches and synchronization points) and may give inconsistent results between ranks due to different reduction orders. it is not possible to merge non-ascending order all_gather operations.
[rank0]:[rank24]:W0921 13:52:44.704000 191293 torch/distributed/tensor/_redistribute.py:394] While redistributing from (Replicate(), _StridedShard(dim=0, sf=2), Shard(dim=0)) to (Replicate(), Replicate(), Replicate()), 2 sequential all_gather operations will be performed. This is suboptimal: multiple collective operations have higher latency (separate kernel launches and synchronization points) and may give inconsistent results between ranks due to different reduction orders. it is not possible to merge non-ascending order all_gather operations.
[rank0]:[rank28]:W0921 13:52:44.702000 154715 torch/distributed/tensor/_redistribute.py:394] While redistributing from (Replicate(), _StridedShard(dim=0, sf=2), Shard(dim=0)) to (Replicate(), Replicate(), Replicate()), 2 sequential all_gather operations will be performed. This is suboptimal: multiple collective operations have higher latency (separate kernel launches and synchronization points) and may give inconsistent results between ranks due to different reduction orders. it is not possible to merge non-ascending order all_gather operations.
[rank0]:[rank0]:W0921 13:52:44.707000 224121 torch/distributed/tensor/_redistribute.py:394] While redistributing from (Replicate(), _StridedShard(dim=0, sf=2), Shard(dim=0)) to (Replicate(), Replicate(), Replicate()), 2 sequential all_gather operations will be performed. This is suboptimal: multiple collective operations have higher latency (separate kernel launches and synchronization points) and may give inconsistent results between ranks due to different reduction orders. it is not possible to merge non-ascending order all_gather operations.
[rank0]:[rank12]:W0921 13:52:44.711000 189242 torch/distributed/tensor/_redistribute.py:394] While redistributing from (Replicate(), _StridedShard(dim=0, sf=2), Shard(dim=0)) to (Replicate(), Replicate(), Replicate()), 2 sequential all_gather operations will be performed. This is suboptimal: multiple collective operations have higher latency (separate kernel launches and synchronization points) and may give inconsistent results between ranks due to different reduction orders. it is not possible to merge non-ascending order all_gather operations.
[rank0]:[rank8]:W0921 13:52:44.706000 191929 torch/distributed/tensor/_redistribute.py:394] While redistributing from (Replicate(), _StridedShard(dim=0, sf=2), Shard(dim=0)) to (Replicate(), Replicate(), Replicate()), 2 sequential all_gather operations will be performed. This is suboptimal: multiple collective operations have higher latency (separate kernel launches and synchronization points) and may give inconsistent results between ranks due to different reduction orders. it is not possible to merge non-ascending order all_gather operations.
[rank0]:[rank20]:W0921 13:52:44.712000 189287 torch/distributed/tensor/_redistribute.py:394] While redistributing from (Replicate(), _StridedShard(dim=0, sf=2), Shard(dim=0)) to (Replicate(), Replicate(), Replicate()), 2 sequential all_gather operations will be performed. This is suboptimal: multiple collective operations have higher latency (separate kernel launches and synchronization points) and may give inconsistent results between ranks due to different reduction orders. it is not possible to merge non-ascending order all_gather operations.
[rank0]:[rank4]:W0921 13:52:44.713000 192264 torch/distributed/tensor/_redistribute.py:394] While redistributing from (Replicate(), _StridedShard(dim=0, sf=2), Shard(dim=0)) to (Replicate(), Replicate(), Replicate()), 2 sequential all_gather operations will be performed. This is suboptimal: multiple collective operations have higher latency (separate kernel launches and synchronization points) and may give inconsistent results between ranks due to different reduction orders. it is not possible to merge non-ascending order all_gather operations.
[rank0]:[rank16]:W0921 13:52:44.713000 193713 torch/distributed/tensor/_redistribute.py:394] While redistributing from (Replicate(), _StridedShard(dim=0, sf=2), Shard(dim=0)) to (Replicate(), Replicate(), Replicate()), 2 sequential all_gather operations will be performed. This is suboptimal: multiple collective operations have higher latency (separate kernel launches and synchronization points) and may give inconsistent results between ranks due to different reduction orders. it is not possible to merge non-ascending order all_gather operations.
[rank0]:[rank76]:W0921 13:52:44.898000 145831 torch/distributed/tensor/_redistribute.py:394] While redistributing from (Replicate(), _StridedShard(dim=0, sf=2), Shard(dim=0)) to (Replicate(), Replicate(), Replicate()), 2 sequential all_gather operations will be performed. This is suboptimal: multiple collective operations have higher latency (separate kernel launches and synchronization points) and may give inconsistent results between ranks due to different reduction orders. it is not possible to merge non-ascending order all_gather operations.
[rank0]:[rank72]:W0921 13:52:44.901000 145480 torch/distributed/tensor/_redistribute.py:394] While redistributing from (Replicate(), _StridedShard(dim=0, sf=2), Shard(dim=0)) to (Replicate(), Replicate(), Replicate()), 2 sequential all_gather operations will be performed. This is suboptimal: multiple collective operations have higher latency (separate kernel launches and synchronization points) and may give inconsistent results between ranks due to different reduction orders. it is not possible to merge non-ascending order all_gather operations.
[rank0]:[rank68]:W0921 13:52:44.898000 147164 torch/distributed/tensor/_redistribute.py:394] While redistributing from (Replicate(), _StridedShard(dim=0, sf=2), Shard(dim=0)) to (Replicate(), Replicate(), Replicate()), 2 sequential all_gather operations will be performed. This is suboptimal: multiple collective operations have higher latency (separate kernel launches and synchronization points) and may give inconsistent results between ranks due to different reduction orders. it is not possible to merge non-ascending order all_gather operations.
[rank0]:[rank92]:W0921 13:52:44.902000 144876 torch/distributed/tensor/_redistribute.py:394] While redistributing from (Replicate(), _StridedShard(dim=0, sf=2), Shard(dim=0)) to (Replicate(), Replicate(), Replicate()), 2 sequential all_gather operations will be performed. This is suboptimal: multiple collective operations have higher latency (separate kernel launches and synchronization points) and may give inconsistent results between ranks due to different reduction orders. it is not possible to merge non-ascending order all_gather operations.
[rank0]:[rank64]:W0921 13:52:44.898000 149590 torch/distributed/tensor/_redistribute.py:394] While redistributing from (Replicate(), _StridedShard(dim=0, sf=2), Shard(dim=0)) to (Replicate(), Replicate(), Replicate()), 2 sequential all_gather operations will be performed. This is suboptimal: multiple collective operations have higher latency (separate kernel launches and synchronization points) and may give inconsistent results between ranks due to different reduction orders. it is not possible to merge non-ascending order all_gather operations.
[rank0]:[rank88]:W0921 13:52:44.893000 146127 torch/distributed/tensor/_redistribute.py:394] While redistributing from (Replicate(), _StridedShard(dim=0, sf=2), Shard(dim=0)) to (Replicate(), Replicate(), Replicate()), 2 sequential all_gather operations will be performed. This is suboptimal: multiple collective operations have higher latency (separate kernel launches and synchronization points) and may give inconsistent results between ranks due to different reduction orders. it is not possible to merge non-ascending order all_gather operations.
[rank0]:[rank80]:W0921 13:52:44.896000 146513 torch/distributed/tensor/_redistribute.py:394] While redistributing from (Replicate(), _StridedShard(dim=0, sf=2), Shard(dim=0)) to (Replicate(), Replicate(), Replicate()), 2 sequential all_gather operations will be performed. This is suboptimal: multiple collective operations have higher latency (separate kernel launches and synchronization points) and may give inconsistent results between ranks due to different reduction orders. it is not possible to merge non-ascending order all_gather operations.
[rank0]:[rank84]:W0921 13:52:44.911000 146099 torch/distributed/tensor/_redistribute.py:394] While redistributing from (Replicate(), _StridedShard(dim=0, sf=2), Shard(dim=0)) to (Replicate(), Replicate(), Replicate()), 2 sequential all_gather operations will be performed. This is suboptimal: multiple collective operations have higher latency (separate kernel launches and synchronization points) and may give inconsistent results between ranks due to different reduction orders. it is not possible to merge non-ascending order all_gather operations.
[rank0]:[rank120]:W0921 13:52:54.668000 457409 torch/_library/opaque_object.py:381] is_opaque_value_type is deprecated, use is_opaque_constant_type instead
[rank0]:[rank120]:W0921 13:52:54.669000 457409 torch/_library/opaque_object.py:288] register_opaque_type is deprecated, use register_custom_class instead
[rank0]:[rank120]:W0921 13:52:54.669000 457409 torch/_library/opaque_object.py:211] typ='value' is deprecated, use typ='constant' instead
[rank0]:[rank120]:W0921 13:52:54.671000 457409 torch/_library/opaque_object.py:381] is_opaque_value_type is deprecated, use is_opaque_constant_type instead
[rank0]:[rank120]:W0921 13:52:54.671000 457409 torch/_library/opaque_object.py:288] register_opaque_type is deprecated, use register_custom_class instead
[rank0]:[rank120]:W0921 13:52:54.671000 457409 torch/_library/opaque_object.py:211] typ='value' is deprecated, use typ='constant' instead
[rank0]:[rank120]:W0921 13:52:54.673000 457409 torch/_library/opaque_object.py:381] is_opaque_value_type is deprecated, use is_opaque_constant_type instead
[rank0]:[rank120]:W0921 13:52:54.673000 457409 torch/_library/opaque_object.py:288] register_opaque_type is deprecated, use register_custom_class instead
[rank0]:[rank120]:W0921 13:52:54.673000 457409 torch/_library/opaque_object.py:211] typ='value' is deprecated, use typ='constant' instead
[rank0]:[rank120]:W0921 13:52:54.675000 457409 torch/_library/opaque_object.py:381] is_opaque_value_type is deprecated, use is_opaque_constant_type instead
[rank0]:[rank120]:W0921 13:52:54.675000 457409 torch/_library/opaque_object.py:288] register_opaque_type is deprecated, use register_custom_class instead
[rank0]:[rank120]:W0921 13:52:54.675000 457409 torch/_library/opaque_object.py:211] typ='value' is deprecated, use typ='constant' instead
[rank0]:[rank116]:W0921 13:52:54.645000 534834 torch/_library/opaque_object.py:381] is_opaque_value_type is deprecated, use is_opaque_constant_type instead
[rank0]:[rank116]:W0921 13:52:54.646000 534834 torch/_library/opaque_object.py:288] register_opaque_type is deprecated, use register_custom_class instead
[rank0]:[rank116]:W0921 13:52:54.646000 534834 torch/_library/opaque_object.py:211] typ='value' is deprecated, use typ='constant' instead
[rank0]:[rank116]:W0921 13:52:54.648000 534834 torch/_library/opaque_object.py:381] is_opaque_value_type is deprecated, use is_opaque_constant_type instead
[rank0]:[rank116]:W0921 13:52:54.648000 534834 torch/_library/opaque_object.py:288] register_opaque_type is deprecated, use register_custom_class instead
[rank0]:[rank116]:W0921 13:52:54.648000 534834 torch/_library/opaque_object.py:211] typ='value' is deprecated, use typ='constant' instead
[rank0]:[rank116]:W0921 13:52:54.650000 534834 torch/_library/opaque_object.py:381] is_opaque_value_type is deprecated, use is_opaque_constant_type instead
[rank0]:[rank116]:W0921 13:52:54.651000 534834 torch/_library/opaque_object.py:288] register_opaque_type is deprecated, use register_custom_class instead
[rank0]:[rank116]:W0921 13:52:54.651000 534834 torch/_library/opaque_object.py:211] typ='value' is deprecated, use typ='constant' instead
[rank0]:[rank116]:W0921 13:52:54.652000 534834 torch/_library/opaque_object.py:381] is_opaque_value_type is deprecated, use is_opaque_constant_type instead
[rank0]:[rank116]:W0921 13:52:54.652000 534834 torch/_library/opaque_object.py:288] register_opaque_type is deprecated, use register_custom_class instead
[rank0]:[rank116]:W0921 13:52:54.653000 534834 torch/_library/opaque_object.py:211] typ='value' is deprecated, use typ='constant' instead
[rank0]:[rank108]:W0921 13:52:54.652000 534693 torch/_library/opaque_object.py:381] is_opaque_value_type is deprecated, use is_opaque_constant_type instead
[rank0]:[rank108]:W0921 13:52:54.653000 534693 torch/_library/opaque_object.py:288] register_opaque_type is deprecated, use register_custom_class instead
[rank0]:[rank108]:W0921 13:52:54.653000 534693 torch/_library/opaque_object.py:211] typ='value' is deprecated, use typ='constant' instead
[rank0]:[rank108]:W0921 13:52:54.656000 534693 torch/_library/opaque_object.py:381] is_opaque_value_type is deprecated, use is_opaque_constant_type instead
[rank0]:[rank108]:W0921 13:52:54.656000 534693 torch/_library/opaque_object.py:288] register_opaque_type is deprecated, use register_custom_class instead
[rank0]:[rank108]:W0921 13:52:54.656000 534693 torch/_library/opaque_object.py:211] typ='value' is deprecated, use typ='constant' instead
[rank0]:[rank108]:W0921 13:52:54.658000 534693 torch/_library/opaque_object.py:381] is_opaque_value_type is deprecated, use is_opaque_constant_type instead
[rank0]:[rank108]:W0921 13:52:54.658000 534693 torch/_library/opaque_object.py:288] register_opaque_type is deprecated, use register_custom_class instead
[rank0]:[rank108]:W0921 13:52:54.658000 534693 torch/_library/opaque_object.py:211] typ='value' is deprecated, use typ='constant' instead
[rank0]:[rank108]:W0921 13:52:54.660000 534693 torch/_library/opaque_object.py:381] is_opaque_value_type is deprecated, use is_opaque_constant_type instead
[rank0]:[rank108]:W0921 13:52:54.660000 534693 torch/_library/opaque_object.py:288] register_opaque_type is deprecated, use register_custom_class instead
[rank0]:[rank108]:W0921 13:52:54.660000 534693 torch/_library/opaque_object.py:211] typ='value' is deprecated, use typ='constant' instead
[rank0]:[rank112]:W0921 13:52:54.668000 533902 torch/_library/opaque_object.py:381] is_opaque_value_type is deprecated, use is_opaque_constant_type instead
[rank0]:[rank112]:W0921 13:52:54.669000 533902 torch/_library/opaque_object.py:288] register_opaque_type is deprecated, use register_custom_class instead
[rank0]:[rank112]:W0921 13:52:54.670000 533902 torch/_library/opaque_object.py:211] typ='value' is deprecated, use typ='constant' instead
[rank0]:[rank112]:W0921 13:52:54.672000 533902 torch/_library/opaque_object.py:381] is_opaque_value_type is deprecated, use is_opaque_constant_type instead
[rank0]:[rank112]:W0921 13:52:54.672000 533902 torch/_library/opaque_object.py:288] register_opaque_type is deprecated, use register_custom_class instead
[rank0]:[rank112]:W0921 13:52:54.672000 533902 torch/_library/opaque_object.py:211] typ='value' is deprecated, use typ='constant' instead
[rank0]:[rank112]:W0921 13:52:54.674000 533902 torch/_library/opaque_object.py:381] is_opaque_value_type is deprecated, use is_opaque_constant_type instead
[rank0]:[rank112]:W0921 13:52:54.674000 533902 torch/_library/opaque_object.py:288] register_opaque_type is deprecated, use register_custom_class instead
[rank0]:[rank112]:W0921 13:52:54.674000 533902 torch/_library/opaque_object.py:211] typ='value' is deprecated, use typ='constant' instead
[rank0]:[rank112]:W0921 13:52:54.676000 533902 torch/_library/opaque_object.py:381] is_opaque_value_type is deprecated, use is_opaque_constant_type instead
[rank0]:[rank112]:W0921 13:52:54.676000 533902 torch/_library/opaque_object.py:288] register_opaque_type is deprecated, use register_custom_class instead
[rank0]:[rank112]:W0921 13:52:54.676000 533902 torch/_library/opaque_object.py:211] typ='value' is deprecated, use typ='constant' instead
[rank0]:[rank88]:W0921 13:52:54.623000 146127 torch/_library/opaque_object.py:381] is_opaque_value_type is deprecated, use is_opaque_constant_type instead
[rank0]:[rank88]:W0921 13:52:54.624000 146127 torch/_library/opaque_object.py:288] register_opaque_type is deprecated, use register_custom_class instead
[rank0]:[rank88]:W0921 13:52:54.624000 146127 torch/_library/opaque_object.py:211] typ='value' is deprecated, use typ='constant' instead
[rank0]:[rank88]:W0921 13:52:54.626000 146127 torch/_library/opaque_object.py:381] is_opaque_value_type is deprecated, use is_opaque_constant_type instead
[rank0]:[rank88]:W0921 13:52:54.626000 146127 torch/_library/opaque_object.py:288] register_opaque_type is deprecated, use register_custom_class instead
[rank0]:[rank88]:W0921 13:52:54.626000 146127 torch/_library/opaque_object.py:211] typ='value' is deprecated, use typ='constant' instead
[rank0]:[rank88]:W0921 13:52:54.629000 146127 torch/_library/opaque_object.py:381] is_opaque_value_type is deprecated, use is_opaque_constant_type instead
[rank0]:[rank88]:W0921 13:52:54.629000 146127 torch/_library/opaque_object.py:288] register_opaque_type is deprecated, use register_custom_class instead
[rank0]:[rank88]:W0921 13:52:54.629000 146127 torch/_library/opaque_object.py:211] typ='value' is deprecated, use typ='constant' instead
[rank0]:[rank88]:W0921 13:52:54.631000 146127 torch/_library/opaque_object.py:381] is_opaque_value_type is deprecated, use is_opaque_constant_type instead
[rank0]:[rank88]:W0921 13:52:54.631000 146127 torch/_library/opaque_object.py:288] register_opaque_type is deprecated, use register_custom_class instead
[rank0]:[rank88]:W0921 13:52:54.631000 146127 torch/_library/opaque_object.py:211] typ='value' is deprecated, use typ='constant' instead
[rank0]:[rank104]:W0921 13:52:54.657000 468462 torch/_library/opaque_object.py:381] is_opaque_value_type is deprecated, use is_opaque_constant_type instead
[rank0]:[rank104]:W0921 13:52:54.658000 468462 torch/_library/opaque_object.py:288] register_opaque_type is deprecated, use register_custom_class instead
[rank0]:[rank104]:W0921 13:52:54.658000 468462 torch/_library/opaque_object.py:211] typ='value' is deprecated, use typ='constant' instead
[rank0]:[rank104]:W0921 13:52:54.660000 468462 torch/_library/opaque_object.py:381] is_opaque_value_type is deprecated, use is_opaque_constant_type instead
[rank0]:[rank104]:W0921 13:52:54.661000 468462 torch/_library/opaque_object.py:288] register_opaque_type is deprecated, use register_custom_class instead
[rank0]:[rank104]:W0921 13:52:54.661000 468462 torch/_library/opaque_object.py:211] typ='value' is deprecated, use typ='constant' instead
[rank0]:[rank104]:W0921 13:52:54.663000 468462 torch/_library/opaque_object.py:381] is_opaque_value_type is deprecated, use is_opaque_constant_type instead
[rank0]:[rank104]:W0921 13:52:54.663000 468462 torch/_library/opaque_object.py:288] register_opaque_type is deprecated, use register_custom_class instead
[rank0]:[rank104]:W0921 13:52:54.663000 468462 torch/_library/opaque_object.py:211] typ='value' is deprecated, use typ='constant' instead
[rank0]:[rank104]:W0921 13:52:54.664000 468462 torch/_library/opaque_object.py:381] is_opaque_value_type is deprecated, use is_opaque_constant_type instead
[rank0]:[rank104]:W0921 13:52:54.665000 468462 torch/_library/opaque_object.py:288] register_opaque_type is deprecated, use register_custom_class instead
[rank0]:[rank104]:W0921 13:52:54.665000 468462 torch/_library/opaque_object.py:211] typ='value' is deprecated, use typ='constant' instead
[rank0]:[rank80]:W0921 13:52:54.702000 146513 torch/_library/opaque_object.py:381] is_opaque_value_type is deprecated, use is_opaque_constant_type instead
[rank0]:[rank80]:W0921 13:52:54.704000 146513 torch/_library/opaque_object.py:288] register_opaque_type is deprecated, use register_custom_class instead
[rank0]:[rank80]:W0921 13:52:54.704000 146513 torch/_library/opaque_object.py:211] typ='value' is deprecated, use typ='constant' instead
[rank0]:[rank80]:W0921 13:52:54.708000 146513 torch/_library/opaque_object.py:381] is_opaque_value_type is deprecated, use is_opaque_constant_type instead
[rank0]:[rank80]:W0921 13:52:54.708000 146513 torch/_library/opaque_object.py:288] register_opaque_type is deprecated, use register_custom_class instead
[rank0]:[rank80]:W0921 13:52:54.708000 146513 torch/_library/opaque_object.py:211] typ='value' is deprecated, use typ='constant' instead
[rank0]:[rank80]:W0921 13:52:54.712000 146513 torch/_library/opaque_object.py:381] is_opaque_value_type is deprecated, use is_opaque_constant_type instead
[rank0]:[rank80]:W0921 13:52:54.712000 146513 torch/_library/opaque_object.py:288] register_opaque_type is deprecated, use register_custom_class instead
[rank0]:[rank80]:W0921 13:52:54.712000 146513 torch/_library/opaque_object.py:211] typ='value' is deprecated, use typ='constant' instead
[rank0]:[rank80]:W0921 13:52:54.714000 146513 torch/_library/opaque_object.py:381] is_opaque_value_type is deprecated, use is_opaque_constant_type instead
[rank0]:[rank80]:W0921 13:52:54.714000 146513 torch/_library/opaque_object.py:288] register_opaque_type is deprecated, use register_custom_class instead
[rank0]:[rank80]:W0921 13:52:54.714000 146513 torch/_library/opaque_object.py:211] typ='value' is deprecated, use typ='constant' instead
[rank0]:[rank124]:W0921 13:52:54.663000 437724 torch/_library/opaque_object.py:381] is_opaque_value_type is deprecated, use is_opaque_constant_type instead
[rank0]:[rank124]:W0921 13:52:54.664000 437724 torch/_library/opaque_object.py:288] register_opaque_type is deprecated, use register_custom_class instead
[rank0]:[rank124]:W0921 13:52:54.664000 437724 torch/_library/opaque_object.py:211] typ='value' is deprecated, use typ='constant' instead
[rank0]:[rank124]:W0921 13:52:54.667000 437724 torch/_library/opaque_object.py:381] is_opaque_value_type is deprecated, use is_opaque_constant_type instead
[rank0]:[rank124]:W0921 13:52:54.667000 437724 torch/_library/opaque_object.py:288] register_opaque_type is deprecated, use register_custom_class instead
[rank0]:[rank124]:W0921 13:52:54.668000 437724 torch/_library/opaque_object.py:211] typ='value' is deprecated, use typ='constant' instead
[rank0]:[rank124]:W0921 13:52:54.670000 437724 torch/_library/opaque_object.py:381] is_opaque_value_type is deprecated, use is_opaque_constant_type instead
[rank0]:[rank124]:W0921 13:52:54.670000 437724 torch/_library/opaque_object.py:288] register_opaque_type is deprecated, use register_custom_class instead
[rank0]:[rank124]:W0921 13:52:54.670000 437724 torch/_library/opaque_object.py:211] typ='value' is deprecated, use typ='constant' instead
[rank0]:[rank124]:W0921 13:52:54.672000 437724 torch/_library/opaque_object.py:381] is_opaque_value_type is deprecated, use is_opaque_constant_type instead
[rank0]:[rank124]:W0921 13:52:54.672000 437724 torch/_library/opaque_object.py:288] register_opaque_type is deprecated, use register_custom_class instead
[rank0]:[rank124]:W0921 13:52:54.672000 437724 torch/_library/opaque_object.py:211] typ='value' is deprecated, use typ='constant' instead
[rank0]:[rank96]:W0921 13:52:54.673000 662964 torch/_library/opaque_object.py:381] is_opaque_value_type is deprecated, use is_opaque_constant_type instead
[rank0]:[rank96]:W0921 13:52:54.674000 662964 torch/_library/opaque_object.py:288] register_opaque_type is deprecated, use register_custom_class instead
[rank0]:[rank96]:W0921 13:52:54.674000 662964 torch/_library/opaque_object.py:211] typ='value' is deprecated, use typ='constant' instead
[rank0]:[rank96]:W0921 13:52:54.676000 662964 torch/_library/opaque_object.py:381] is_opaque_value_type is deprecated, use is_opaque_constant_type instead
[rank0]:[rank96]:W0921 13:52:54.676000 662964 torch/_library/opaque_object.py:288] register_opaque_type is deprecated, use register_custom_class instead
[rank0]:[rank96]:W0921 13:52:54.676000 662964 torch/_library/opaque_object.py:211] typ='value' is deprecated, use typ='constant' instead
[rank0]:[rank96]:W0921 13:52:54.679000 662964 torch/_library/opaque_object.py:381] is_opaque_value_type is deprecated, use is_opaque_constant_type instead
[rank0]:[rank96]:W0921 13:52:54.679000 662964 torch/_library/opaque_object.py:288] register_opaque_type is deprecated, use register_custom_class instead
[rank0]:[rank96]:W0921 13:52:54.679000 662964 torch/_library/opaque_object.py:211] typ='value' is deprecated, use typ='constant' instead
[rank0]:[rank96]:W0921 13:52:54.681000 662964 torch/_library/opaque_object.py:381] is_opaque_value_type is deprecated, use is_opaque_constant_type instead
[rank0]:[rank96]:W0921 13:52:54.681000 662964 torch/_library/opaque_object.py:288] register_opaque_type is deprecated, use register_custom_class instead
[rank0]:[rank96]:W0921 13:52:54.681000 662964 torch/_library/opaque_object.py:211] typ='value' is deprecated, use typ='constant' instead
[rank0]:[rank72]:W0921 13:52:54.802000 145480 torch/_library/opaque_object.py:381] is_opaque_value_type is deprecated, use is_opaque_constant_type instead
[rank0]:[rank72]:W0921 13:52:54.803000 145480 torch/_library/opaque_object.py:288] register_opaque_type is deprecated, use register_custom_class instead
[rank0]:[rank72]:W0921 13:52:54.803000 145480 torch/_library/opaque_object.py:211] typ='value' is deprecated, use typ='constant' instead
[rank0]:[rank72]:W0921 13:52:54.806000 145480 torch/_library/opaque_object.py:381] is_opaque_value_type is deprecated, use is_opaque_constant_type instead
[rank0]:[rank72]:W0921 13:52:54.806000 145480 torch/_library/opaque_object.py:288] register_opaque_type is deprecated, use register_custom_class instead
[rank0]:[rank72]:W0921 13:52:54.806000 145480 torch/_library/opaque_object.py:211] typ='value' is deprecated, use typ='constant' instead
[rank0]:[rank72]:W0921 13:52:54.809000 145480 torch/_library/opaque_object.py:381] is_opaque_value_type is deprecated, use is_opaque_constant_type instead
[rank0]:[rank72]:W0921 13:52:54.809000 145480 torch/_library/opaque_object.py:288] register_opaque_type is deprecated, use register_custom_class instead
[rank0]:[rank72]:W0921 13:52:54.809000 145480 torch/_library/opaque_object.py:211] typ='value' is deprecated, use typ='constant' instead
[rank0]:[rank72]:W0921 13:52:54.811000 145480 torch/_library/opaque_object.py:381] is_opaque_value_type is deprecated, use is_opaque_constant_type instead
[rank0]:[rank72]:W0921 13:52:54.811000 145480 torch/_library/opaque_object.py:288] register_opaque_type is deprecated, use register_custom_class instead
[rank0]:[rank72]:W0921 13:52:54.811000 145480 torch/_library/opaque_object.py:211] typ='value' is deprecated, use typ='constant' instead
[rank0]:[rank84]:W0921 13:52:54.808000 146099 torch/_library/opaque_object.py:381] is_opaque_value_type is deprecated, use is_opaque_constant_type instead
[rank0]:[rank84]:W0921 13:52:54.810000 146099 torch/_library/opaque_object.py:288] register_opaque_type is deprecated, use register_custom_class instead
[rank0]:[rank84]:W0921 13:52:54.810000 146099 torch/_library/opaque_object.py:211] typ='value' is deprecated, use typ='constant' instead
[rank0]:[rank84]:W0921 13:52:54.814000 146099 torch/_library/opaque_object.py:381] is_opaque_value_type is deprecated, use is_opaque_constant_type instead
[rank0]:[rank84]:W0921 13:52:54.814000 146099 torch/_library/opaque_object.py:288] register_opaque_type is deprecated, use register_custom_class instead
[rank0]:[rank84]:W0921 13:52:54.814000 146099 torch/_library/opaque_object.py:211] typ='value' is deprecated, use typ='constant' instead
[rank0]:[rank32]:W0921 13:52:54.865000 158770 torch/_library/opaque_object.py:381] is_opaque_value_type is deprecated, use is_opaque_constant_type instead
[rank0]:[rank32]:W0921 13:52:54.866000 158770 torch/_library/opaque_object.py:288] register_opaque_type is deprecated, use register_custom_class instead
[rank0]:[rank32]:W0921 13:52:54.866000 158770 torch/_library/opaque_object.py:211] typ='value' is deprecated, use typ='constant' instead
[rank0]:[rank32]:W0921 13:52:54.868000 158770 torch/_library/opaque_object.py:381] is_opaque_value_type is deprecated, use is_opaque_constant_type instead
[rank0]:[rank32]:W0921 13:52:54.869000 158770 torch/_library/opaque_object.py:288] register_opaque_type is deprecated, use register_custom_class instead
[rank0]:[rank32]:W0921 13:52:54.869000 158770 torch/_library/opaque_object.py:211] typ='value' is deprecated, use typ='constant' instead
[rank0]:[rank32]:W0921 13:52:54.871000 158770 torch/_library/opaque_object.py:381] is_opaque_value_type is deprecated, use is_opaque_constant_type instead
[rank0]:[rank32]:W0921 13:52:54.871000 158770 torch/_library/opaque_object.py:288] register_opaque_type is deprecated, use register_custom_class instead
[rank0]:[rank32]:W0921 13:52:54.871000 158770 torch/_library/opaque_object.py:211] typ='value' is deprecated, use typ='constant' instead
[rank0]:[rank32]:W0921 13:52:54.873000 158770 torch/_library/opaque_object.py:381] is_opaque_value_type is deprecated, use is_opaque_constant_type instead
[rank0]:[rank32]:W0921 13:52:54.873000 158770 torch/_library/opaque_object.py:288] register_opaque_type is deprecated, use register_custom_class instead
[rank0]:[rank32]:W0921 13:52:54.873000 158770 torch/_library/opaque_object.py:211] typ='value' is deprecated, use typ='constant' instead
[rank0]:[rank40]:W0921 13:52:54.827000 153667 torch/_library/opaque_object.py:381] is_opaque_value_type is deprecated, use is_opaque_constant_type instead
[rank0]:[rank40]:W0921 13:52:54.828000 153667 torch/_library/opaque_object.py:288] register_opaque_type is deprecated, use register_custom_class instead
[rank0]:[rank40]:W0921 13:52:54.828000 153667 torch/_library/opaque_object.py:211] typ='value' is deprecated, use typ='constant' instead
[rank0]:[rank40]:W0921 13:52:54.831000 153667 torch/_library/opaque_object.py:381] is_opaque_value_type is deprecated, use is_opaque_constant_type instead
[rank0]:[rank40]:W0921 13:52:54.831000 153667 torch/_library/opaque_object.py:288] register_opaque_type is deprecated, use register_custom_class instead
[rank0]:[rank40]:W0921 13:52:54.831000 153667 torch/_library/opaque_object.py:211] typ='value' is deprecated, use typ='constant' instead
[rank0]:[rank40]:W0921 13:52:54.834000 153667 torch/_library/opaque_object.py:381] is_opaque_value_type is deprecated, use is_opaque_constant_type instead
[rank0]:[rank40]:W0921 13:52:54.834000 153667 torch/_library/opaque_object.py:288] register_opaque_type is deprecated, use register_custom_class instead
[rank0]:[rank40]:W0921 13:52:54.834000 153667 torch/_library/opaque_object.py:211] typ='value' is deprecated, use typ='constant' instead
[rank0]:[rank40]:W0921 13:52:54.836000 153667 torch/_library/opaque_object.py:381] is_opaque_value_type is deprecated, use is_opaque_constant_type instead
[rank0]:[rank40]:W0921 13:52:54.836000 153667 torch/_library/opaque_object.py:288] register_opaque_type is deprecated, use register_custom_class instead
[rank0]:[rank40]:W0921 13:52:54.836000 153667 torch/_library/opaque_object.py:211] typ='value' is deprecated, use typ='constant' instead
[rank0]:[rank100]:W0921 13:52:54.832000 543553 torch/_library/opaque_object.py:381] is_opaque_value_type is deprecated, use is_opaque_constant_type instead
[rank0]:[rank100]:W0921 13:52:54.833000 543553 torch/_library/opaque_object.py:288] register_opaque_type is deprecated, use register_custom_class instead
[rank0]:[rank100]:W0921 13:52:54.833000 543553 torch/_library/opaque_object.py:211] typ='value' is deprecated, use typ='constant' instead
[rank0]:[rank100]:W0921 13:52:54.835000 543553 torch/_library/opaque_object.py:381] is_opaque_value_type is deprecated, use is_opaque_constant_type instead
[rank0]:[rank100]:W0921 13:52:54.836000 543553 torch/_library/opaque_object.py:288] register_opaque_type is deprecated, use register_custom_class instead
[rank0]:[rank100]:W0921 13:52:54.836000 543553 torch/_library/opaque_object.py:211] typ='value' is deprecated, use typ='constant' instead
[rank0]:[rank100]:W0921 13:52:54.838000 543553 torch/_library/opaque_object.py:381] is_opaque_value_type is deprecated, use is_opaque_constant_type instead
[rank0]:[rank100]:W0921 13:52:54.838000 543553 torch/_library/opaque_object.py:288] register_opaque_type is deprecated, use register_custom_class instead
[rank0]:[rank100]:W0921 13:52:54.838000 543553 torch/_library/opaque_object.py:211] typ='value' is deprecated, use typ='constant' instead
[rank0]:[rank100]:W0921 13:52:54.840000 543553 torch/_library/opaque_object.py:381] is_opaque_value_type is deprecated, use is_opaque_constant_type instead
[rank0]:[rank100]:W0921 13:52:54.840000 543553 torch/_library/opaque_object.py:288] register_opaque_type is deprecated, use register_custom_class instead
[rank0]:[rank100]:W0921 13:52:54.840000 543553 torch/_library/opaque_object.py:211] typ='value' is deprecated, use typ='constant' instead
[rank0]:[rank56]:W0921 13:52:54.848000 152027 torch/_library/opaque_object.py:381] is_opaque_value_type is deprecated, use is_opaque_constant_type instead
[rank0]:[rank56]:W0921 13:52:54.849000 152027 torch/_library/opaque_object.py:288] register_opaque_type is deprecated, use register_custom_class instead
[rank0]:[rank56]:W0921 13:52:54.849000 152027 torch/_library/opaque_object.py:211] typ='value' is deprecated, use typ='constant' instead
[rank0]:[rank56]:W0921 13:52:54.852000 152027 torch/_library/opaque_object.py:381] is_opaque_value_type is deprecated, use is_opaque_constant_type instead
[rank0]:[rank56]:W0921 13:52:54.852000 152027 torch/_library/opaque_object.py:288] register_opaque_type is deprecated, use register_custom_class instead
[rank0]:[rank56]:W0921 13:52:54.852000 152027 torch/_library/opaque_object.py:211] typ='value' is deprecated, use typ='constant' instead
[rank0]:[rank56]:W0921 13:52:54.854000 152027 torch/_library/opaque_object.py:381] is_opaque_value_type is deprecated, use is_opaque_constant_type instead
[rank0]:[rank56]:W0921 13:52:54.854000 152027 torch/_library/opaque_object.py:288] register_opaque_type is deprecated, use register_custom_class instead
[rank0]:[rank56]:W0921 13:52:54.854000 152027 torch/_library/opaque_object.py:211] typ='value' is deprecated, use typ='constant' instead
[rank0]:[rank56]:W0921 13:52:54.856000 152027 torch/_library/opaque_object.py:381] is_opaque_value_type is deprecated, use is_opaque_constant_type instead
[rank0]:[rank56]:W0921 13:52:54.856000 152027 torch/_library/opaque_object.py:288] register_opaque_type is deprecated, use register_custom_class instead
[rank0]:[rank56]:W0921 13:52:54.856000 152027 torch/_library/opaque_object.py:211] typ='value' is deprecated, use typ='constant' instead
[rank0]:[rank76]:W0921 13:52:54.873000 145831 torch/_library/opaque_object.py:381] is_opaque_value_type is deprecated, use is_opaque_constant_type instead
[rank0]:[rank76]:W0921 13:52:54.874000 145831 torch/_library/opaque_object.py:288] register_opaque_type is deprecated, use register_custom_class instead
[rank0]:[rank76]:W0921 13:52:54.874000 145831 torch/_library/opaque_object.py:211] typ='value' is deprecated, use typ='constant' instead
[rank0]:[rank76]:W0921 13:52:54.877000 145831 torch/_library/opaque_object.py:381] is_opaque_value_type is deprecated, use is_opaque_constant_type instead
[rank0]:[rank76]:W0921 13:52:54.877000 145831 torch/_library/opaque_object.py:288] register_opaque_type is deprecated, use register_custom_class instead
[rank0]:[rank76]:W0921 13:52:54.877000 145831 torch/_library/opaque_object.py:211] typ='value' is deprecated, use typ='constant' instead
[rank0]:[rank76]:W0921 13:52:54.880000 145831 torch/_library/opaque_object.py:381] is_opaque_value_type is deprecated, use is_opaque_constant_type instead
[rank0]:[rank76]:W0921 13:52:54.880000 145831 torch/_library/opaque_object.py:288] register_opaque_type is deprecated, use register_custom_class instead
[rank0]:[rank76]:W0921 13:52:54.880000 145831 torch/_library/opaque_object.py:211] typ='value' is deprecated, use typ='constant' instead
[rank0]:[rank76]:W0921 13:52:54.882000 145831 torch/_library/opaque_object.py:381] is_opaque_value_type is deprecated, use is_opaque_constant_type instead
[rank0]:[rank76]:W0921 13:52:54.882000 145831 torch/_library/opaque_object.py:288] register_opaque_type is deprecated, use register_custom_class instead
[rank0]:[rank76]:W0921 13:52:54.882000 145831 torch/_library/opaque_object.py:211] typ='value' is deprecated, use typ='constant' instead
[rank0]:[rank68]:W0921 13:52:54.870000 147164 torch/_library/opaque_object.py:381] is_opaque_value_type is deprecated, use is_opaque_constant_type instead
[rank0]:[rank68]:W0921 13:52:54.872000 147164 torch/_library/opaque_object.py:288] register_opaque_type is deprecated, use register_custom_class instead
[rank0]:[rank68]:W0921 13:52:54.872000 147164 torch/_library/opaque_object.py:211] typ='value' is deprecated, use typ='constant' instead
[rank0]:[rank68]:W0921 13:52:54.874000 147164 torch/_library/opaque_object.py:381] is_opaque_value_type is deprecated, use is_opaque_constant_type instead
[rank0]:[rank68]:W0921 13:52:54.874000 147164 torch/_library/opaque_object.py:288] register_opaque_type is deprecated, use register_custom_class instead
[rank0]:[rank68]:W0921 13:52:54.874000 147164 torch/_library/opaque_object.py:211] typ='value' is deprecated, use typ='constant' instead
[rank0]:[rank68]:W0921 13:52:54.876000 147164 torch/_library/opaque_object.py:381] is_opaque_value_type is deprecated, use is_opaque_constant_type instead
[rank0]:[rank68]:W0921 13:52:54.876000 147164 torch/_library/opaque_object.py:288] register_opaque_type is deprecated, use register_custom_class instead
[rank0]:[rank68]:W0921 13:52:54.876000 147164 torch/_library/opaque_object.py:211] typ='value' is deprecated, use typ='constant' instead
[rank0]:[rank68]:W0921 13:52:54.877000 147164 torch/_library/opaque_object.py:381] is_opaque_value_type is deprecated, use is_opaque_constant_type instead
[rank0]:[rank68]:W0921 13:52:54.878000 147164 torch/_library/opaque_object.py:288] register_opaque_type is deprecated, use register_custom_class instead
[rank0]:[rank68]:W0921 13:52:54.878000 147164 torch/_library/opaque_object.py:211] typ='value' is deprecated, use typ='constant' instead
[rank0]:[rank92]:W0921 13:52:54.880000 144876 torch/_library/opaque_object.py:381] is_opaque_value_type is deprecated, use is_opaque_constant_type instead
[rank0]:[rank92]:W0921 13:52:54.881000 144876 torch/_library/opaque_object.py:288] register_opaque_type is deprecated, use register_custom_class instead
[rank0]:[rank92]:W0921 13:52:54.881000 144876 torch/_library/opaque_object.py:211] typ='value' is deprecated, use typ='constant' instead
[rank0]:[rank92]:W0921 13:52:54.883000 144876 torch/_library/opaque_object.py:381] is_opaque_value_type is deprecated, use is_opaque_constant_type instead
[rank0]:[rank92]:W0921 13:52:54.884000 144876 torch/_library/opaque_object.py:288] register_opaque_type is deprecated, use register_custom_class instead
[rank0]:[rank92]:W0921 13:52:54.884000 144876 torch/_library/opaque_object.py:211] typ='value' is deprecated, use typ='constant' instead
[rank0]:[rank92]:W0921 13:52:54.886000 144876 torch/_library/opaque_object.py:381] is_opaque_value_type is deprecated, use is_opaque_constant_type instead
[rank0]:[rank92]:W0921 13:52:54.886000 144876 torch/_library/opaque_object.py:288] register_opaque_type is deprecated, use register_custom_class instead
[rank0]:[rank92]:W0921 13:52:54.886000 144876 torch/_library/opaque_object.py:211] typ='value' is deprecated, use typ='constant' instead
[rank0]:[rank92]:W0921 13:52:54.888000 144876 torch/_library/opaque_object.py:381] is_opaque_value_type is deprecated, use is_opaque_constant_type instead
[rank0]:[rank92]:W0921 13:52:54.888000 144876 torch/_library/opaque_object.py:288] register_opaque_type is deprecated, use register_custom_class instead
[rank0]:[rank92]:W0921 13:52:54.888000 144876 torch/_library/opaque_object.py:211] typ='value' is deprecated, use typ='constant' instead
[rank0]:[rank64]:W0921 13:52:54.857000 149590 torch/_library/opaque_object.py:381] is_opaque_value_type is deprecated, use is_opaque_constant_type instead
[rank0]:[rank64]:W0921 13:52:54.858000 149590 torch/_library/opaque_object.py:288] register_opaque_type is deprecated, use register_custom_class instead
[rank0]:[rank64]:W0921 13:52:54.858000 149590 torch/_library/opaque_object.py:211] typ='value' is deprecated, use typ='constant' instead
[rank0]:[rank64]:W0921 13:52:54.860000 149590 torch/_library/opaque_object.py:381] is_opaque_value_type is deprecated, use is_opaque_constant_type instead
[rank0]:[rank64]:W0921 13:52:54.860000 149590 torch/_library/opaque_object.py:288] register_opaque_type is deprecated, use register_custom_class instead
[rank0]:[rank64]:W0921 13:52:54.860000 149590 torch/_library/opaque_object.py:211] typ='value' is deprecated, use typ='constant' instead
[rank0]:[rank64]:W0921 13:52:54.863000 149590 torch/_library/opaque_object.py:381] is_opaque_value_type is deprecated, use is_opaque_constant_type instead
[rank0]:[rank64]:W0921 13:52:54.863000 149590 torch/_library/opaque_object.py:288] register_opaque_type is deprecated, use register_custom_class instead
[rank0]:[rank64]:W0921 13:52:54.863000 149590 torch/_library/opaque_object.py:211] typ='value' is deprecated, use typ='constant' instead
[rank0]:[rank64]:W0921 13:52:54.864000 149590 torch/_library/opaque_object.py:381] is_opaque_value_type is deprecated, use is_opaque_constant_type instead
[rank0]:[rank64]:W0921 13:52:54.864000 149590 torch/_library/opaque_object.py:288] register_opaque_type is deprecated, use register_custom_class instead
[rank0]:[rank64]:W0921 13:52:54.864000 149590 torch/_library/opaque_object.py:211] typ='value' is deprecated, use typ='constant' instead
[rank0]:[rank84]:W0921 13:52:54.818000 146099 torch/_library/opaque_object.py:381] is_opaque_value_type is deprecated, use is_opaque_constant_type instead
[rank0]:[rank84]:W0921 13:52:54.818000 146099 torch/_library/opaque_object.py:288] register_opaque_type is deprecated, use register_custom_class instead
[rank0]:[rank84]:W0921 13:52:54.818000 146099 torch/_library/opaque_object.py:211] typ='value' is deprecated, use typ='constant' instead
[rank0]:[rank84]:W0921 13:52:54.821000 146099 torch/_library/opaque_object.py:381] is_opaque_value_type is deprecated, use is_opaque_constant_type instead
[rank0]:[rank84]:W0921 13:52:54.821000 146099 torch/_library/opaque_object.py:288] register_opaque_type is deprecated, use register_custom_class instead
[rank0]:[rank84]:W0921 13:52:54.821000 146099 torch/_library/opaque_object.py:211] typ='value' is deprecated, use typ='constant' instead
[rank0]:[rank52]:W0921 13:52:54.870000 151774 torch/_library/opaque_object.py:381] is_opaque_value_type is deprecated, use is_opaque_constant_type instead
[rank0]:[rank52]:W0921 13:52:54.871000 151774 torch/_library/opaque_object.py:288] register_opaque_type is deprecated, use register_custom_class instead
[rank0]:[rank52]:W0921 13:52:54.871000 151774 torch/_library/opaque_object.py:211] typ='value' is deprecated, use typ='constant' instead
[rank0]:[rank52]:W0921 13:52:54.873000 151774 torch/_library/opaque_object.py:381] is_opaque_value_type is deprecated, use is_opaque_constant_type instead
[rank0]:[rank52]:W0921 13:52:54.873000 151774 torch/_library/opaque_object.py:288] register_opaque_type is deprecated, use register_custom_class instead
[rank0]:[rank52]:W0921 13:52:54.873000 151774 torch/_library/opaque_object.py:211] typ='value' is deprecated, use typ='constant' instead
[rank0]:[rank52]:W0921 13:52:54.875000 151774 torch/_library/opaque_object.py:381] is_opaque_value_type is deprecated, use is_opaque_constant_type instead
[rank0]:[rank52]:W0921 13:52:54.876000 151774 torch/_library/opaque_object.py:288] register_opaque_type is deprecated, use register_custom_class instead
[rank0]:[rank52]:W0921 13:52:54.876000 151774 torch/_library/opaque_object.py:211] typ='value' is deprecated, use typ='constant' instead
[rank0]:[rank52]:W0921 13:52:54.877000 151774 torch/_library/opaque_object.py:381] is_opaque_value_type is deprecated, use is_opaque_constant_type instead
[rank0]:[rank52]:W0921 13:52:54.877000 151774 torch/_library/opaque_object.py:288] register_opaque_type is deprecated, use register_custom_class instead
[rank0]:[rank52]:W0921 13:52:54.877000 151774 torch/_library/opaque_object.py:211] typ='value' is deprecated, use typ='constant' instead
[rank0]:[rank36]:W0921 13:52:54.844000 177396 torch/_library/opaque_object.py:381] is_opaque_value_type is deprecated, use is_opaque_constant_type instead
[rank0]:[rank36]:W0921 13:52:54.845000 177396 torch/_library/opaque_object.py:288] register_opaque_type is deprecated, use register_custom_class instead
[rank0]:[rank36]:W0921 13:52:54.845000 177396 torch/_library/opaque_object.py:211] typ='value' is deprecated, use typ='constant' instead
[rank0]:[rank36]:W0921 13:52:54.847000 177396 torch/_library/opaque_object.py:381] is_opaque_value_type is deprecated, use is_opaque_constant_type instead
[rank0]:[rank36]:W0921 13:52:54.847000 177396 torch/_library/opaque_object.py:288] register_opaque_type is deprecated, use register_custom_class instead
[rank0]:[rank36]:W0921 13:52:54.847000 177396 torch/_library/opaque_object.py:211] typ='value' is deprecated, use typ='constant' instead
[rank0]:[rank36]:W0921 13:52:54.850000 177396 torch/_library/opaque_object.py:381] is_opaque_value_type is deprecated, use is_opaque_constant_type instead
[rank0]:[rank36]:W0921 13:52:54.850000 177396 torch/_library/opaque_object.py:288] register_opaque_type is deprecated, use register_custom_class instead
[rank0]:[rank36]:W0921 13:52:54.850000 177396 torch/_library/opaque_object.py:211] typ='value' is deprecated, use typ='constant' instead
[rank0]:[rank36]:W0921 13:52:54.851000 177396 torch/_library/opaque_object.py:381] is_opaque_value_type is deprecated, use is_opaque_constant_type instead
[rank0]:[rank36]:W0921 13:52:54.852000 177396 torch/_library/opaque_object.py:288] register_opaque_type is deprecated, use register_custom_class instead
[rank0]:[rank36]:W0921 13:52:54.852000 177396 torch/_library/opaque_object.py:211] typ='value' is deprecated, use typ='constant' instead
[rank0]:[rank28]:W0921 13:52:54.924000 154715 torch/_library/opaque_object.py:381] is_opaque_value_type is deprecated, use is_opaque_constant_type instead
[rank0]:[rank28]:W0921 13:52:54.925000 154715 torch/_library/opaque_object.py:288] register_opaque_type is deprecated, use register_custom_class instead
[rank0]:[rank28]:W0921 13:52:54.925000 154715 torch/_library/opaque_object.py:211] typ='value' is deprecated, use typ='constant' instead
[rank0]:[rank28]:W0921 13:52:54.927000 154715 torch/_library/opaque_object.py:381] is_opaque_value_type is deprecated, use is_opaque_constant_type instead
[rank0]:[rank28]:W0921 13:52:54.927000 154715 torch/_library/opaque_object.py:288] register_opaque_type is deprecated, use register_custom_class instead
[rank0]:[rank28]:W0921 13:52:54.928000 154715 torch/_library/opaque_object.py:211] typ='value' is deprecated, use typ='constant' instead
[rank0]:[rank28]:W0921 13:52:54.930000 154715 torch/_library/opaque_object.py:381] is_opaque_value_type is deprecated, use is_opaque_constant_type instead
[rank0]:[rank28]:W0921 13:52:54.930000 154715 torch/_library/opaque_object.py:288] register_opaque_type is deprecated, use register_custom_class instead
[rank0]:[rank28]:W0921 13:52:54.930000 154715 torch/_library/opaque_object.py:211] typ='value' is deprecated, use typ='constant' instead
[rank0]:[rank28]:W0921 13:52:54.932000 154715 torch/_library/opaque_object.py:381] is_opaque_value_type is deprecated, use is_opaque_constant_type instead
[rank0]:[rank28]:W0921 13:52:54.932000 154715 torch/_library/opaque_object.py:288] register_opaque_type is deprecated, use register_custom_class instead
[rank0]:[rank28]:W0921 13:52:54.932000 154715 torch/_library/opaque_object.py:211] typ='value' is deprecated, use typ='constant' instead
[rank0]:[rank0]:W0921 13:52:54.942000 224121 torch/_library/opaque_object.py:381] is_opaque_value_type is deprecated, use is_opaque_constant_type instead
[rank0]:[rank0]:W0921 13:52:54.944000 224121 torch/_library/opaque_object.py:288] register_opaque_type is deprecated, use register_custom_class instead
[rank0]:[rank0]:W0921 13:52:54.944000 224121 torch/_library/opaque_object.py:211] typ='value' is deprecated, use typ='constant' instead
[rank0]:[rank0]:W0921 13:52:54.947000 224121 torch/_library/opaque_object.py:381] is_opaque_value_type is deprecated, use is_opaque_constant_type instead
[rank0]:[rank0]:W0921 13:52:54.948000 224121 torch/_library/opaque_object.py:288] register_opaque_type is deprecated, use register_custom_class instead
[rank0]:[rank0]:W0921 13:52:54.948000 224121 torch/_library/opaque_object.py:211] typ='value' is deprecated, use typ='constant' instead
[rank0]:[rank0]:W0921 13:52:54.950000 224121 torch/_library/opaque_object.py:381] is_opaque_value_type is deprecated, use is_opaque_constant_type instead
[rank0]:[rank0]:W0921 13:52:54.950000 224121 torch/_library/opaque_object.py:288] register_opaque_type is deprecated, use register_custom_class instead
[rank0]:[rank0]:W0921 13:52:54.950000 224121 torch/_library/opaque_object.py:211] typ='value' is deprecated, use typ='constant' instead
[rank0]:[rank0]:W0921 13:52:54.952000 224121 torch/_library/opaque_object.py:381] is_opaque_value_type is deprecated, use is_opaque_constant_type instead
[rank0]:[rank0]:W0921 13:52:54.952000 224121 torch/_library/opaque_object.py:288] register_opaque_type is deprecated, use register_custom_class instead
[rank0]:[rank0]:W0921 13:52:54.952000 224121 torch/_library/opaque_object.py:211] typ='value' is deprecated, use typ='constant' instead
[rank0]:[rank12]:W0921 13:52:54.969000 189242 torch/_library/opaque_object.py:381] is_opaque_value_type is deprecated, use is_opaque_constant_type instead
[rank0]:[rank12]:W0921 13:52:54.970000 189242 torch/_library/opaque_object.py:288] register_opaque_type is deprecated, use register_custom_class instead
[rank0]:[rank12]:W0921 13:52:54.970000 189242 torch/_library/opaque_object.py:211] typ='value' is deprecated, use typ='constant' instead
[rank0]:[rank12]:W0921 13:52:54.973000 189242 torch/_library/opaque_object.py:381] is_opaque_value_type is deprecated, use is_opaque_constant_type instead
[rank0]:[rank12]:W0921 13:52:54.973000 189242 torch/_library/opaque_object.py:288] register_opaque_type is deprecated, use register_custom_class instead
[rank0]:[rank12]:W0921 13:52:54.973000 189242 torch/_library/opaque_object.py:211] typ='value' is deprecated, use typ='constant' instead
[rank0]:[rank12]:W0921 13:52:54.975000 189242 torch/_library/opaque_object.py:381] is_opaque_value_type is deprecated, use is_opaque_constant_type instead
[rank0]:[rank12]:W0921 13:52:54.975000 189242 torch/_library/opaque_object.py:288] register_opaque_type is deprecated, use register_custom_class instead
[rank0]:[rank12]:W0921 13:52:54.975000 189242 torch/_library/opaque_object.py:211] typ='value' is deprecated, use typ='constant' instead
[rank0]:[rank12]:W0921 13:52:54.977000 189242 torch/_library/opaque_object.py:381] is_opaque_value_type is deprecated, use is_opaque_constant_type instead
[rank0]:[rank12]:W0921 13:52:54.977000 189242 torch/_library/opaque_object.py:288] register_opaque_type is deprecated, use register_custom_class instead
[rank0]:[rank12]:W0921 13:52:54.977000 189242 torch/_library/opaque_object.py:211] typ='value' is deprecated, use typ='constant' instead
[rank0]:[rank24]:W0921 13:52:55.002000 191293 torch/_library/opaque_object.py:381] is_opaque_value_type is deprecated, use is_opaque_constant_type instead
[rank0]:[rank24]:W0921 13:52:55.003000 191293 torch/_library/opaque_object.py:288] register_opaque_type is deprecated, use register_custom_class instead
[rank0]:[rank24]:W0921 13:52:55.003000 191293 torch/_library/opaque_object.py:211] typ='value' is deprecated, use typ='constant' instead
[rank0]:[rank24]:W0921 13:52:55.005000 191293 torch/_library/opaque_object.py:381] is_opaque_value_type is deprecated, use is_opaque_constant_type instead
[rank0]:[rank24]:W0921 13:52:55.005000 191293 torch/_library/opaque_object.py:288] register_opaque_type is deprecated, use register_custom_class instead
[rank0]:[rank24]:W0921 13:52:55.006000 191293 torch/_library/opaque_object.py:211] typ='value' is deprecated, use typ='constant' instead
[rank0]:[rank24]:W0921 13:52:55.008000 191293 torch/_library/opaque_object.py:381] is_opaque_value_type is deprecated, use is_opaque_constant_type instead
[rank0]:[rank24]:W0921 13:52:55.008000 191293 torch/_library/opaque_object.py:288] register_opaque_type is deprecated, use register_custom_class instead
[rank0]:[rank24]:W0921 13:52:55.008000 191293 torch/_library/opaque_object.py:211] typ='value' is deprecated, use typ='constant' instead
[rank0]:[rank24]:W0921 13:52:55.010000 191293 torch/_library/opaque_object.py:381] is_opaque_value_type is deprecated, use is_opaque_constant_type instead
[rank0]:[rank24]:W0921 13:52:55.010000 191293 torch/_library/opaque_object.py:288] register_opaque_type is deprecated, use register_custom_class instead
[rank0]:[rank24]:W0921 13:52:55.010000 191293 torch/_library/opaque_object.py:211] typ='value' is deprecated, use typ='constant' instead
[rank0]:[rank60]:W0921 13:52:54.986000 151301 torch/_library/opaque_object.py:381] is_opaque_value_type is deprecated, use is_opaque_constant_type instead
[rank0]:[rank60]:W0921 13:52:54.988000 151301 torch/_library/opaque_object.py:288] register_opaque_type is deprecated, use register_custom_class instead
[rank0]:[rank60]:W0921 13:52:54.988000 151301 torch/_library/opaque_object.py:211] typ='value' is deprecated, use typ='constant' instead
[rank0]:[rank60]:W0921 13:52:54.991000 151301 torch/_library/opaque_object.py:381] is_opaque_value_type is deprecated, use is_opaque_constant_type instead
[rank0]:[rank60]:W0921 13:52:54.991000 151301 torch/_library/opaque_object.py:288] register_opaque_type is deprecated, use register_custom_class instead
[rank0]:[rank60]:W0921 13:52:54.991000 151301 torch/_library/opaque_object.py:211] typ='value' is deprecated, use typ='constant' instead
[rank0]:[rank60]:W0921 13:52:54.993000 151301 torch/_library/opaque_object.py:381] is_opaque_value_type is deprecated, use is_opaque_constant_type instead
[rank0]:[rank60]:W0921 13:52:54.993000 151301 torch/_library/opaque_object.py:288] register_opaque_type is deprecated, use register_custom_class instead
[rank0]:[rank60]:W0921 13:52:54.993000 151301 torch/_library/opaque_object.py:211] typ='value' is deprecated, use typ='constant' instead
[rank0]:[rank60]:W0921 13:52:54.996000 151301 torch/_library/opaque_object.py:381] is_opaque_value_type is deprecated, use is_opaque_constant_type instead
[rank0]:[rank60]:W0921 13:52:54.996000 151301 torch/_library/opaque_object.py:288] register_opaque_type is deprecated, use register_custom_class instead
[rank0]:[rank60]:W0921 13:52:54.996000 151301 torch/_library/opaque_object.py:211] typ='value' is deprecated, use typ='constant' instead
[rank0]:[rank20]:W0921 13:52:54.972000 189287 torch/_library/opaque_object.py:381] is_opaque_value_type is deprecated, use is_opaque_constant_type instead
[rank0]:[rank20]:W0921 13:52:54.973000 189287 torch/_library/opaque_object.py:288] register_opaque_type is deprecated, use register_custom_class instead
[rank0]:[rank20]:W0921 13:52:54.973000 189287 torch/_library/opaque_object.py:211] typ='value' is deprecated, use typ='constant' instead
[rank0]:[rank20]:W0921 13:52:54.976000 189287 torch/_library/opaque_object.py:381] is_opaque_value_type is deprecated, use is_opaque_constant_type instead
[rank0]:[rank20]:W0921 13:52:54.976000 189287 torch/_library/opaque_object.py:288] register_opaque_type is deprecated, use register_custom_class instead
[rank0]:[rank20]:W0921 13:52:54.976000 189287 torch/_library/opaque_object.py:211] typ='value' is deprecated, use typ='constant' instead
[rank0]:[rank20]:W0921 13:52:54.978000 189287 torch/_library/opaque_object.py:381] is_opaque_value_type is deprecated, use is_opaque_constant_type instead
[rank0]:[rank20]:W0921 13:52:54.978000 189287 torch/_library/opaque_object.py:288] register_opaque_type is deprecated, use register_custom_class instead
[rank0]:[rank20]:W0921 13:52:54.978000 189287 torch/_library/opaque_object.py:211] typ='value' is deprecated, use typ='constant' instead
[rank0]:[rank20]:W0921 13:52:54.979000 189287 torch/_library/opaque_object.py:381] is_opaque_value_type is deprecated, use is_opaque_constant_type instead
[rank0]:[rank20]:W0921 13:52:54.979000 189287 torch/_library/opaque_object.py:288] register_opaque_type is deprecated, use register_custom_class instead
[rank0]:[rank20]:W0921 13:52:54.980000 189287 torch/_library/opaque_object.py:211] typ='value' is deprecated, use typ='constant' instead
[rank0]:/mnt/dgxc/venvs/dsv4n/lib/python3.12/site-packages/torch/jit/_script.py:1491: FutureWarning: `torch.jit.script` is deprecated. Please switch to `torch.compile` or `torch.export`.
[rank0]:  warnings.warn(
[rank0]:/mnt/dgxc/venvs/dsv4n/lib/python3.12/site-packages/torch/jit/_script.py:1491: FutureWarning: `torch.jit.script` is deprecated. Please switch to `torch.compile` or `torch.export`.
[rank0]:  warnings.warn(
[rank0]:/mnt/dgxc/venvs/dsv4n/lib/python3.12/site-packages/torch/jit/_script.py:1491: FutureWarning: `torch.jit.script` is deprecated. Please switch to `torch.compile` or `torch.export`.
[rank0]:  warnings.warn(
[rank0]:/mnt/dgxc/venvs/dsv4n/lib/python3.12/site-packages/torch/jit/_script.py:1491: FutureWarning: `torch.jit.script` is deprecated. Please switch to `torch.compile` or `torch.export`.
[rank0]:  warnings.warn(
[rank0]:[rank44]:W0921 13:52:54.920000 153020 torch/_library/opaque_object.py:381] is_opaque_value_type is deprecated, use is_opaque_constant_type instead
[rank0]:[rank44]:W0921 13:52:54.921000 153020 torch/_library/opaque_object.py:288] register_opaque_type is deprecated, use register_custom_class instead
[rank0]:[rank44]:W0921 13:52:54.921000 153020 torch/_library/opaque_object.py:211] typ='value' is deprecated, use typ='constant' instead
[rank0]:[rank44]:W0921 13:52:54.925000 153020 torch/_library/opaque_object.py:381] is_opaque_value_type is deprecated, use is_opaque_constant_type instead
[rank0]:[rank44]:W0921 13:52:54.925000 153020 torch/_library/opaque_object.py:288] register_opaque_type is deprecated, use register_custom_class instead
[rank0]:[rank44]:W0921 13:52:54.925000 153020 torch/_library/opaque_object.py:211] typ='value' is deprecated, use typ='constant' instead
[rank0]:[rank44]:W0921 13:52:54.928000 153020 torch/_library/opaque_object.py:381] is_opaque_value_type is deprecated, use is_opaque_constant_type instead
[rank0]:[rank44]:W0921 13:52:54.928000 153020 torch/_library/opaque_object.py:288] register_opaque_type is deprecated, use register_custom_class instead
[rank0]:[rank44]:W0921 13:52:54.928000 153020 torch/_library/opaque_object.py:211] typ='value' is deprecated, use typ='constant' instead
[rank0]:[rank44]:W0921 13:52:54.931000 153020 torch/_library/opaque_object.py:381] is_opaque_value_type is deprecated, use is_opaque_constant_type instead
[rank0]:[rank44]:W0921 13:52:54.931000 153020 torch/_library/opaque_object.py:288] register_opaque_type is deprecated, use register_custom_class instead
[rank0]:[rank44]:W0921 13:52:54.931000 153020 torch/_library/opaque_object.py:211] typ='value' is deprecated, use typ='constant' instead
[rank0]:[rank48]:W0921 13:52:54.940000 152689 torch/_library/opaque_object.py:381] is_opaque_value_type is deprecated, use is_opaque_constant_type instead
[rank0]:[rank48]:W0921 13:52:54.941000 152689 torch/_library/opaque_object.py:288] register_opaque_type is deprecated, use register_custom_class instead
[rank0]:[rank48]:W0921 13:52:54.941000 152689 torch/_library/opaque_object.py:211] typ='value' is deprecated, use typ='constant' instead
[rank0]:[rank48]:W0921 13:52:54.944000 152689 torch/_library/opaque_object.py:381] is_opaque_value_type is deprecated, use is_opaque_constant_type instead
[rank0]:[rank48]:W0921 13:52:54.944000 152689 torch/_library/opaque_object.py:288] register_opaque_type is deprecated, use register_custom_class instead
[rank0]:[rank48]:W0921 13:52:54.944000 152689 torch/_library/opaque_object.py:211] typ='value' is deprecated, use typ='constant' instead
[rank0]:[rank48]:W0921 13:52:54.946000 152689 torch/_library/opaque_object.py:381] is_opaque_value_type is deprecated, use is_opaque_constant_type instead
[rank0]:[rank48]:W0921 13:52:54.946000 152689 torch/_library/opaque_object.py:288] register_opaque_type is deprecated, use register_custom_class instead
[rank0]:[rank48]:W0921 13:52:54.946000 152689 torch/_library/opaque_object.py:211] typ='value' is deprecated, use typ='constant' instead
[rank0]:[rank48]:W0921 13:52:54.948000 152689 torch/_library/opaque_object.py:381] is_opaque_value_type is deprecated, use is_opaque_constant_type instead
[rank0]:[rank48]:W0921 13:52:54.948000 152689 torch/_library/opaque_object.py:288] register_opaque_type is deprecated, use register_custom_class instead
[rank0]:[rank48]:W0921 13:52:54.948000 152689 torch/_library/opaque_object.py:211] typ='value' is deprecated, use typ='constant' instead
[rank0]:/mnt/dgxc/venvs/dsv4n/lib/python3.12/site-packages/torch/jit/_script.py:1491: FutureWarning: `torch.jit.script` is deprecated. Please switch to `torch.compile` or `torch.export`.
[rank0]:  warnings.warn(
[rank0]:[rank8]:W0921 13:52:55.107000 191929 torch/_library/opaque_object.py:381] is_opaque_value_type is deprecated, use is_opaque_constant_type instead
[rank0]:[rank8]:W0921 13:52:55.108000 191929 torch/_library/opaque_object.py:288] register_opaque_type is deprecated, use register_custom_class instead
[rank0]:[rank8]:W0921 13:52:55.108000 191929 torch/_library/opaque_object.py:211] typ='value' is deprecated, use typ='constant' instead
[rank0]:[rank8]:W0921 13:52:55.110000 191929 torch/_library/opaque_object.py:381] is_opaque_value_type is deprecated, use is_opaque_constant_type instead
[rank0]:[rank8]:W0921 13:52:55.111000 191929 torch/_library/opaque_object.py:288] register_opaque_type is deprecated, use register_custom_class instead
[rank0]:[rank8]:W0921 13:52:55.111000 191929 torch/_library/opaque_object.py:211] typ='value' is deprecated, use typ='constant' instead
[rank0]:/mnt/dgxc/venvs/dsv4n/lib/python3.12/site-packages/torch/jit/_script.py:1491: FutureWarning: `torch.jit.script` is deprecated. Please switch to `torch.compile` or `torch.export`.
[rank0]:  warnings.warn(
[rank0]:/mnt/dgxc/venvs/dsv4n/lib/python3.12/site-packages/torch/jit/_script.py:1491: FutureWarning: `torch.jit.script` is deprecated. Please switch to `torch.compile` or `torch.export`.
[rank0]:  warnings.warn(
[rank0]:/mnt/dgxc/venvs/dsv4n/lib/python3.12/site-packages/torch/jit/_script.py:1491: FutureWarning: `torch.jit.script` is deprecated. Please switch to `torch.compile` or `torch.export`.
[rank0]:  warnings.warn(
[rank0]:[rank4]:W0921 13:52:55.082000 192264 torch/_library/opaque_object.py:381] is_opaque_value_type is deprecated, use is_opaque_constant_type instead
[rank0]:[rank4]:W0921 13:52:55.083000 192264 torch/_library/opaque_object.py:288] register_opaque_type is deprecated, use register_custom_class instead
[rank0]:[rank4]:W0921 13:52:55.083000 192264 torch/_library/opaque_object.py:211] typ='value' is deprecated, use typ='constant' instead
[rank0]:[rank4]:W0921 13:52:55.086000 192264 torch/_library/opaque_object.py:381] is_opaque_value_type is deprecated, use is_opaque_constant_type instead
[rank0]:[rank4]:W0921 13:52:55.086000 192264 torch/_library/opaque_object.py:288] register_opaque_type is deprecated, use register_custom_class instead
[rank0]:[rank4]:W0921 13:52:55.086000 192264 torch/_library/opaque_object.py:211] typ='value' is deprecated, use typ='constant' instead
[rank0]:[rank4]:W0921 13:52:55.089000 192264 torch/_library/opaque_object.py:381] is_opaque_value_type is deprecated, use is_opaque_constant_type instead
[rank0]:[rank4]:W0921 13:52:55.089000 192264 torch/_library/opaque_object.py:288] register_opaque_type is deprecated, use register_custom_class instead
[rank0]:[rank4]:W0921 13:52:55.089000 192264 torch/_library/opaque_object.py:211] typ='value' is deprecated, use typ='constant' instead
[rank0]:[rank4]:W0921 13:52:55.092000 192264 torch/_library/opaque_object.py:381] is_opaque_value_type is deprecated, use is_opaque_constant_type instead
[rank0]:[rank4]:W0921 13:52:55.092000 192264 torch/_library/opaque_object.py:288] register_opaque_type is deprecated, use register_custom_class instead
[rank0]:[rank4]:W0921 13:52:55.092000 192264 torch/_library/opaque_object.py:211] typ='value' is deprecated, use typ='constant' instead
[rank0]:[rank16]:W0921 13:52:55.095000 193713 torch/_library/opaque_object.py:381] is_opaque_value_type is deprecated, use is_opaque_constant_type instead
[rank0]:[rank16]:W0921 13:52:55.097000 193713 torch/_library/opaque_object.py:288] register_opaque_type is deprecated, use register_custom_class instead
[rank0]:[rank16]:W0921 13:52:55.097000 193713 torch/_library/opaque_object.py:211] typ='value' is deprecated, use typ='constant' instead
[rank0]:[rank16]:W0921 13:52:55.103000 193713 torch/_library/opaque_object.py:381] is_opaque_value_type is deprecated, use is_opaque_constant_type instead
[rank0]:[rank16]:W0921 13:52:55.103000 193713 torch/_library/opaque_object.py:288] register_opaque_type is deprecated, use register_custom_class instead
[rank0]:[rank16]:W0921 13:52:55.103000 193713 torch/_library/opaque_object.py:211] typ='value' is deprecated, use typ='constant' instead
[rank0]:[rank16]:W0921 13:52:55.107000 193713 torch/_library/opaque_object.py:381] is_opaque_value_type is deprecated, use is_opaque_constant_type instead
[rank0]:[rank16]:W0921 13:52:55.107000 193713 torch/_library/opaque_object.py:288] register_opaque_type is deprecated, use register_custom_class instead
[rank0]:[rank16]:W0921 13:52:55.107000 193713 torch/_library/opaque_object.py:211] typ='value' is deprecated, use typ='constant' instead
[rank0]:[rank16]:W0921 13:52:55.110000 193713 torch/_library/opaque_object.py:381] is_opaque_value_type is deprecated, use is_opaque_constant_type instead
[rank0]:[rank16]:W0921 13:52:55.110000 193713 torch/_library/opaque_object.py:288] register_opaque_type is deprecated, use register_custom_class instead
[rank0]:[rank16]:W0921 13:52:55.110000 193713 torch/_library/opaque_object.py:211] typ='value' is deprecated, use typ='constant' instead
[rank0]:[rank8]:W0921 13:52:55.113000 191929 torch/_library/opaque_object.py:381] is_opaque_value_type is deprecated, use is_opaque_constant_type instead
[rank0]:[rank8]:W0921 13:52:55.113000 191929 torch/_library/opaque_object.py:288] register_opaque_type is deprecated, use register_custom_class instead
[rank0]:[rank8]:W0921 13:52:55.113000 191929 torch/_library/opaque_object.py:211] typ='value' is deprecated, use typ='constant' instead
[rank0]:[rank8]:W0921 13:52:55.115000 191929 torch/_library/opaque_object.py:381] is_opaque_value_type is deprecated, use is_opaque_constant_type instead
[rank0]:[rank8]:W0921 13:52:55.115000 191929 torch/_library/opaque_object.py:288] register_opaque_type is deprecated, use register_custom_class instead
[rank0]:[rank8]:W0921 13:52:55.115000 191929 torch/_library/opaque_object.py:211] typ='value' is deprecated, use typ='constant' instead
[rank0]:/mnt/dgxc/venvs/dsv4n/lib/python3.12/site-packages/torch/jit/_script.py:1491: FutureWarning: `torch.jit.script` is deprecated. Please switch to `torch.compile` or `torch.export`.
[rank0]:  warnings.warn(
[rank0]:/mnt/dgxc/venvs/dsv4n/lib/python3.12/site-packages/torch/jit/_script.py:1491: FutureWarning: `torch.jit.script` is deprecated. Please switch to `torch.compile` or `torch.export`.
[rank0]:  warnings.warn(
[rank0]:/mnt/dgxc/venvs/dsv4n/lib/python3.12/site-packages/torch/jit/_script.py:1491: FutureWarning: `torch.jit.script` is deprecated. Please switch to `torch.compile` or `torch.export`.
[rank0]:  warnings.warn(
[rank0]:/mnt/dgxc/venvs/dsv4n/lib/python3.12/site-packages/torch/jit/_script.py:1491: FutureWarning: `torch.jit.script` is deprecated. Please switch to `torch.compile` or `torch.export`.
[rank0]:  warnings.warn(
[rank0]:/mnt/dgxc/venvs/dsv4n/lib/python3.12/site-packages/torch/jit/_script.py:1491: FutureWarning: `torch.jit.script` is deprecated. Please switch to `torch.compile` or `torch.export`.
[rank0]:  warnings.warn(
[rank0]:/mnt/dgxc/venvs/dsv4n/lib/python3.12/site-packages/torch/jit/_script.py:1491: FutureWarning: `torch.jit.script` is deprecated. Please switch to `torch.compile` or `torch.export`.
[rank0]:  warnings.warn(
[rank0]:/mnt/dgxc/venvs/dsv4n/lib/python3.12/site-packages/torch/jit/_script.py:1491: FutureWarning: `torch.jit.script` is deprecated. Please switch to `torch.compile` or `torch.export`.
[rank0]:  warnings.warn(
[rank0]:/mnt/dgxc/venvs/dsv4n/lib/python3.12/site-packages/torch/jit/_script.py:1491: FutureWarning: `torch.jit.script` is deprecated. Please switch to `torch.compile` or `torch.export`.
[rank0]:  warnings.warn(
[rank0]:/mnt/dgxc/venvs/dsv4n/lib/python3.12/site-packages/torch/jit/_script.py:1491: FutureWarning: `torch.jit.script` is deprecated. Please switch to `torch.compile` or `torch.export`.
[rank0]:  warnings.warn(
[rank0]:/mnt/dgxc/venvs/dsv4n/lib/python3.12/site-packages/torch/jit/_script.py:1491: FutureWarning: `torch.jit.script` is deprecated. Please switch to `torch.compile` or `torch.export`.
[rank0]:  warnings.warn(
[rank0]:/mnt/dgxc/venvs/dsv4n/lib/python3.12/site-packages/torch/jit/_script.py:1491: FutureWarning: `torch.jit.script` is deprecated. Please switch to `torch.compile` or `torch.export`.
[rank0]:  warnings.warn(
[rank0]:/mnt/dgxc/venvs/dsv4n/lib/python3.12/site-packages/torch/jit/_script.py:1491: FutureWarning: `torch.jit.script` is deprecated. Please switch to `torch.compile` or `torch.export`.
[rank0]:  warnings.warn(
[rank0]:/mnt/dgxc/venvs/dsv4n/lib/python3.12/site-packages/torch/jit/_script.py:1491: FutureWarning: `torch.jit.script` is deprecated. Please switch to `torch.compile` or `torch.export`.
[rank0]:  warnings.warn(
[rank0]:/mnt/dgxc/venvs/dsv4n/lib/python3.12/site-packages/torch/jit/_script.py:1491: FutureWarning: `torch.jit.script` is deprecated. Please switch to `torch.compile` or `torch.export`.
[rank0]:  warnings.warn(
[rank0]:/mnt/dgxc/venvs/dsv4n/lib/python3.12/site-packages/torch/jit/_script.py:1491: FutureWarning: `torch.jit.script` is deprecated. Please switch to `torch.compile` or `torch.export`.
[rank0]:  warnings.warn(
[rank0]:/mnt/dgxc/venvs/dsv4n/lib/python3.12/site-packages/torch/jit/_script.py:1491: FutureWarning: `torch.jit.script` is deprecated. Please switch to `torch.compile` or `torch.export`.
[rank0]:  warnings.warn(
[rank0]:/mnt/dgxc/venvs/dsv4n/lib/python3.12/site-packages/torch/jit/_script.py:1491: FutureWarning: `torch.jit.script` is deprecated. Please switch to `torch.compile` or `torch.export`.
[rank0]:  warnings.warn(
[rank0]:/mnt/dgxc/venvs/dsv4n/lib/python3.12/site-packages/torch/jit/_script.py:1491: FutureWarning: `torch.jit.script` is deprecated. Please switch to `torch.compile` or `torch.export`.
[rank0]:  warnings.warn(
[rank0]:/mnt/dgxc/venvs/dsv4n/lib/python3.12/site-packages/torch/jit/_script.py:1491: FutureWarning: `torch.jit.script` is deprecated. Please switch to `torch.compile` or `torch.export`.
[rank0]:  warnings.warn(
[rank0]:/mnt/dgxc/venvs/dsv4n/lib/python3.12/site-packages/torch/jit/_script.py:1491: FutureWarning: `torch.jit.script` is deprecated. Please switch to `torch.compile` or `torch.export`.
[rank0]:  warnings.warn(
[rank0]:/mnt/dgxc/venvs/dsv4n/lib/python3.12/site-packages/torch/jit/_script.py:1491: FutureWarning: `torch.jit.script` is deprecated. Please switch to `torch.compile` or `torch.export`.
[rank0]:  warnings.warn(
[rank0]:/mnt/dgxc/venvs/dsv4n/lib/python3.12/site-packages/torch/jit/_script.py:1491: FutureWarning: `torch.jit.script` is deprecated. Please switch to `torch.compile` or `torch.export`.
[rank0]:  warnings.warn(
[rank0]:/mnt/dgxc/venvs/dsv4n/lib/python3.12/site-packages/torch/jit/_script.py:1491: FutureWarning: `torch.jit.script` is deprecated. Please switch to `torch.compile` or `torch.export`.
[rank0]:  warnings.warn(
[rank0]:/mnt/dgxc/venvs/dsv4n/lib/python3.12/site-packages/torch/jit/_script.py:1491: FutureWarning: `torch.jit.script` is deprecated. Please switch to `torch.compile` or `torch.export`.
[rank0]:  warnings.warn(
[rank0]:/mnt/dgxc/venvs/dsv4n/lib/python3.12/site-packages/torch/distributed/fsdp/_fully_shard/_fsdp_state.py:336: UserWarning: FSDP2-wrapped module (FSDPCheckpointWrapper) returned a view tensor. An in-place op on this view (e.g., `x += y`) will silently drop the pre-backward hook and skip the all-gather, which can cause backward to fail or produce wrong gradients. Use out-of-place ops (`out = out + y`, not `out += y`) or `.clone()` the output before any in-place op.
[rank0]:  output = self._register_pre_backward_hook(output)
[rank0]:/mnt/dgxc/venvs/dsv4n/lib/python3.12/site-packages/torch/distributed/fsdp/_fully_shard/_fsdp_state.py:336: UserWarning: FSDP2-wrapped module (FSDPCheckpointWrapper) returned a view tensor. An in-place op on this view (e.g., `x += y`) will silently drop the pre-backward hook and skip the all-gather, which can cause backward to fail or produce wrong gradients. Use out-of-place ops (`out = out + y`, not `out += y`) or `.clone()` the output before any in-place op.
[rank0]:  output = self._register_pre_backward_hook(output)
[rank0]:/mnt/dgxc/venvs/dsv4n/lib/python3.12/site-packages/torch/distributed/fsdp/_fully_shard/_fsdp_state.py:336: UserWarning: FSDP2-wrapped module (FSDPCheckpointWrapper) returned a view tensor. An in-place op on this view (e.g., `x += y`) will silently drop the pre-backward hook and skip the all-gather, which can cause backward to fail or produce wrong gradients. Use out-of-place ops (`out = out + y`, not `out += y`) or `.clone()` the output before any in-place op.
[rank0]:  output = self._register_pre_backward_hook(output)
[rank0]:/mnt/dgxc/venvs/dsv4n/lib/python3.12/site-packages/torch/distributed/fsdp/_fully_shard/_fsdp_state.py:336: UserWarning: FSDP2-wrapped module (FSDPCheckpointWrapper) returned a view tensor. An in-place op on this view (e.g., `x += y`) will silently drop the pre-backward hook and skip the all-gather, which can cause backward to fail or produce wrong gradients. Use out-of-place ops (`out = out + y`, not `out += y`) or `.clone()` the output before any in-place op.
[rank0]:  output = self._register_pre_backward_hook(output)
[rank0]:/mnt/dgxc/venvs/dsv4n/lib/python3.12/site-packages/torch/distributed/fsdp/_fully_shard/_fsdp_state.py:336: UserWarning: FSDP2-wrapped module (FSDPCheckpointWrapper) returned a view tensor. An in-place op on this view (e.g., `x += y`) will silently drop the pre-backward hook and skip the all-gather, which can cause backward to fail or produce wrong gradients. Use out-of-place ops (`out = out + y`, not `out += y`) or `.clone()` the output before any in-place op.
[rank0]:  output = self._register_pre_backward_hook(output)
[rank0]:/mnt/dgxc/venvs/dsv4n/lib/python3.12/site-packages/torch/distributed/fsdp/_fully_shard/_fsdp_state.py:336: UserWarning: FSDP2-wrapped module (FSDPCheckpointWrapper) returned a view tensor. An in-place op on this view (e.g., `x += y`) will silently drop the pre-backward hook and skip the all-gather, which can cause backward to fail or produce wrong gradients. Use out-of-place ops (`out = out + y`, not `out += y`) or `.clone()` the output before any in-place op.
[rank0]:  output = self._register_pre_backward_hook(output)
[rank0]:/mnt/dgxc/venvs/dsv4n/lib/python3.12/site-packages/torch/distributed/fsdp/_fully_shard/_fsdp_state.py:336: UserWarning: FSDP2-wrapped module (FSDPCheckpointWrapper) returned a view tensor. An in-place op on this view (e.g., `x += y`) will silently drop the pre-backward hook and skip the all-gather, which can cause backward to fail or produce wrong gradients. Use out-of-place ops (`out = out + y`, not `out += y`) or `.clone()` the output before any in-place op.
[rank0]:  output = self._register_pre_backward_hook(output)
[rank0]:/mnt/dgxc/venvs/dsv4n/lib/python3.12/site-packages/torch/distributed/fsdp/_fully_shard/_fsdp_state.py:336: UserWarning: FSDP2-wrapped module (FSDPCheckpointWrapper) returned a view tensor. An in-place op on this view (e.g., `x += y`) will silently drop the pre-backward hook and skip the all-gather, which can cause backward to fail or produce wrong gradients. Use out-of-place ops (`out = out + y`, not `out += y`) or `.clone()` the output before any in-place op.
[rank0]:  output = self._register_pre_backward_hook(output)
[rank0]:/mnt/dgxc/venvs/dsv4n/lib/python3.12/site-packages/torch/distributed/fsdp/_fully_shard/_fsdp_state.py:336: UserWarning: FSDP2-wrapped module (FSDPCheckpointWrapper) returned a view tensor. An in-place op on this view (e.g., `x += y`) will silently drop the pre-backward hook and skip the all-gather, which can cause backward to fail or produce wrong gradients. Use out-of-place ops (`out = out + y`, not `out += y`) or `.clone()` the output before any in-place op.
[rank0]:  output = self._register_pre_backward_hook(output)
[rank0]:/mnt/dgxc/venvs/dsv4n/lib/python3.12/site-packages/torch/distributed/fsdp/_fully_shard/_fsdp_state.py:336: UserWarning: FSDP2-wrapped module (FSDPCheckpointWrapper) returned a view tensor. An in-place op on this view (e.g., `x += y`) will silently drop the pre-backward hook and skip the all-gather, which can cause backward to fail or produce wrong gradients. Use out-of-place ops (`out = out + y`, not `out += y`) or `.clone()` the output before any in-place op.
[rank0]:  output = self._register_pre_backward_hook(output)
[rank0]:/mnt/dgxc/venvs/dsv4n/lib/python3.12/site-packages/torch/distributed/fsdp/_fully_shard/_fsdp_state.py:336: UserWarning: FSDP2-wrapped module (FSDPCheckpointWrapper) returned a view tensor. An in-place op on this view (e.g., `x += y`) will silently drop the pre-backward hook and skip the all-gather, which can cause backward to fail or produce wrong gradients. Use out-of-place ops (`out = out + y`, not `out += y`) or `.clone()` the output before any in-place op.
[rank0]:  output = self._register_pre_backward_hook(output)
[rank0]:/mnt/dgxc/venvs/dsv4n/lib/python3.12/site-packages/torch/distributed/fsdp/_fully_shard/_fsdp_state.py:336: UserWarning: FSDP2-wrapped module (FSDPCheckpointWrapper) returned a view tensor. An in-place op on this view (e.g., `x += y`) will silently drop the pre-backward hook and skip the all-gather, which can cause backward to fail or produce wrong gradients. Use out-of-place ops (`out = out + y`, not `out += y`) or `.clone()` the output before any in-place op.
[rank0]:  output = self._register_pre_backward_hook(output)
[rank0]:/mnt/dgxc/venvs/dsv4n/lib/python3.12/site-packages/torch/distributed/fsdp/_fully_shard/_fsdp_state.py:336: UserWarning: FSDP2-wrapped module (FSDPCheckpointWrapper) returned a view tensor. An in-place op on this view (e.g., `x += y`) will silently drop the pre-backward hook and skip the all-gather, which can cause backward to fail or produce wrong gradients. Use out-of-place ops (`out = out + y`, not `out += y`) or `.clone()` the output before any in-place op.
[rank0]:  output = self._register_pre_backward_hook(output)
[rank0]:/mnt/dgxc/venvs/dsv4n/lib/python3.12/site-packages/torch/distributed/fsdp/_fully_shard/_fsdp_state.py:336: UserWarning: FSDP2-wrapped module (FSDPCheckpointWrapper) returned a view tensor. An in-place op on this view (e.g., `x += y`) will silently drop the pre-backward hook and skip the all-gather, which can cause backward to fail or produce wrong gradients. Use out-of-place ops (`out = out + y`, not `out += y`) or `.clone()` the output before any in-place op.
[rank0]:  output = self._register_pre_backward_hook(output)
[rank0]:/mnt/dgxc/venvs/dsv4n/lib/python3.12/site-packages/torch/distributed/fsdp/_fully_shard/_fsdp_state.py:336: UserWarning: FSDP2-wrapped module (FSDPCheckpointWrapper) returned a view tensor. An in-place op on this view (e.g., `x += y`) will silently drop the pre-backward hook and skip the all-gather, which can cause backward to fail or produce wrong gradients. Use out-of-place ops (`out = out + y`, not `out += y`) or `.clone()` the output before any in-place op.
[rank0]:  output = self._register_pre_backward_hook(output)
[rank0]:/mnt/dgxc/venvs/dsv4n/lib/python3.12/site-packages/torch/distributed/fsdp/_fully_shard/_fsdp_state.py:336: UserWarning: FSDP2-wrapped module (FSDPCheckpointWrapper) returned a view tensor. An in-place op on this view (e.g., `x += y`) will silently drop the pre-backward hook and skip the all-gather, which can cause backward to fail or produce wrong gradients. Use out-of-place ops (`out = out + y`, not `out += y`) or `.clone()` the output before any in-place op.
[rank0]:  output = self._register_pre_backward_hook(output)
[rank0]:/mnt/dgxc/venvs/dsv4n/lib/python3.12/site-packages/torch/distributed/fsdp/_fully_shard/_fsdp_state.py:336: UserWarning: FSDP2-wrapped module (FSDPCheckpointWrapper) returned a view tensor. An in-place op on this view (e.g., `x += y`) will silently drop the pre-backward hook and skip the all-gather, which can cause backward to fail or produce wrong gradients. Use out-of-place ops (`out = out + y`, not `out += y`) or `.clone()` the output before any in-place op.
[rank0]:  output = self._register_pre_backward_hook(output)
[rank0]:/mnt/dgxc/venvs/dsv4n/lib/python3.12/site-packages/torch/distributed/fsdp/_fully_shard/_fsdp_state.py:336: UserWarning: FSDP2-wrapped module (FSDPCheckpointWrapper) returned a view tensor. An in-place op on this view (e.g., `x += y`) will silently drop the pre-backward hook and skip the all-gather, which can cause backward to fail or produce wrong gradients. Use out-of-place ops (`out = out + y`, not `out += y`) or `.clone()` the output before any in-place op.
[rank0]:  output = self._register_pre_backward_hook(output)
[rank0]:/mnt/dgxc/venvs/dsv4n/lib/python3.12/site-packages/torch/distributed/fsdp/_fully_shard/_fsdp_state.py:336: UserWarning: FSDP2-wrapped module (FSDPCheckpointWrapper) returned a view tensor. An in-place op on this view (e.g., `x += y`) will silently drop the pre-backward hook and skip the all-gather, which can cause backward to fail or produce wrong gradients. Use out-of-place ops (`out = out + y`, not `out += y`) or `.clone()` the output before any in-place op.
[rank0]:  output = self._register_pre_backward_hook(output)
[rank0]:/mnt/dgxc/venvs/dsv4n/lib/python3.12/site-packages/torch/distributed/fsdp/_fully_shard/_fsdp_state.py:336: UserWarning: FSDP2-wrapped module (FSDPCheckpointWrapper) returned a view tensor. An in-place op on this view (e.g., `x += y`) will silently drop the pre-backward hook and skip the all-gather, which can cause backward to fail or produce wrong gradients. Use out-of-place ops (`out = out + y`, not `out += y`) or `.clone()` the output before any in-place op.
[rank0]:  output = self._register_pre_backward_hook(output)
[rank0]:/mnt/dgxc/venvs/dsv4n/lib/python3.12/site-packages/torch/distributed/fsdp/_fully_shard/_fsdp_state.py:336: UserWarning: FSDP2-wrapped module (FSDPCheckpointWrapper) returned a view tensor. An in-place op on this view (e.g., `x += y`) will silently drop the pre-backward hook and skip the all-gather, which can cause backward to fail or produce wrong gradients. Use out-of-place ops (`out = out + y`, not `out += y`) or `.clone()` the output before any in-place op.
[rank0]:  output = self._register_pre_backward_hook(output)
[rank0]:/mnt/dgxc/venvs/dsv4n/lib/python3.12/site-packages/torch/distributed/fsdp/_fully_shard/_fsdp_state.py:336: UserWarning: FSDP2-wrapped module (FSDPCheckpointWrapper) returned a view tensor. An in-place op on this view (e.g., `x += y`) will silently drop the pre-backward hook and skip the all-gather, which can cause backward to fail or produce wrong gradients. Use out-of-place ops (`out = out + y`, not `out += y`) or `.clone()` the output before any in-place op.
[rank0]:  output = self._register_pre_backward_hook(output)
[rank0]:/mnt/dgxc/venvs/dsv4n/lib/python3.12/site-packages/torch/distributed/fsdp/_fully_shard/_fsdp_state.py:336: UserWarning: FSDP2-wrapped module (FSDPCheckpointWrapper) returned a view tensor. An in-place op on this view (e.g., `x += y`) will silently drop the pre-backward hook and skip the all-gather, which can cause backward to fail or produce wrong gradients. Use out-of-place ops (`out = out + y`, not `out += y`) or `.clone()` the output before any in-place op.
[rank0]:  output = self._register_pre_backward_hook(output)
[rank0]:/mnt/dgxc/venvs/dsv4n/lib/python3.12/site-packages/torch/distributed/fsdp/_fully_shard/_fsdp_state.py:336: UserWarning: FSDP2-wrapped module (FSDPCheckpointWrapper) returned a view tensor. An in-place op on this view (e.g., `x += y`) will silently drop the pre-backward hook and skip the all-gather, which can cause backward to fail or produce wrong gradients. Use out-of-place ops (`out = out + y`, not `out += y`) or `.clone()` the output before any in-place op.
[rank0]:  output = self._register_pre_backward_hook(output)
[rank0]:/mnt/dgxc/venvs/dsv4n/lib/python3.12/site-packages/torch/distributed/fsdp/_fully_shard/_fsdp_state.py:336: UserWarning: FSDP2-wrapped module (FSDPCheckpointWrapper) returned a view tensor. An in-place op on this view (e.g., `x += y`) will silently drop the pre-backward hook and skip the all-gather, which can cause backward to fail or produce wrong gradients. Use out-of-place ops (`out = out + y`, not `out += y`) or `.clone()` the output before any in-place op.
[rank0]:  output = self._register_pre_backward_hook(output)
[rank0]:/mnt/dgxc/venvs/dsv4n/lib/python3.12/site-packages/torch/distributed/fsdp/_fully_shard/_fsdp_state.py:336: UserWarning: FSDP2-wrapped module (FSDPCheckpointWrapper) returned a view tensor. An in-place op on this view (e.g., `x += y`) will silently drop the pre-backward hook and skip the all-gather, which can cause backward to fail or produce wrong gradients. Use out-of-place ops (`out = out + y`, not `out += y`) or `.clone()` the output before any in-place op.
[rank0]:  output = self._register_pre_backward_hook(output)
[rank0]:/mnt/dgxc/venvs/dsv4n/lib/python3.12/site-packages/torch/distributed/fsdp/_fully_shard/_fsdp_state.py:336: UserWarning: FSDP2-wrapped module (FSDPCheckpointWrapper) returned a view tensor. An in-place op on this view (e.g., `x += y`) will silently drop the pre-backward hook and skip the all-gather, which can cause backward to fail or produce wrong gradients. Use out-of-place ops (`out = out + y`, not `out += y`) or `.clone()` the output before any in-place op.
[rank0]:  output = self._register_pre_backward_hook(output)
[rank0]:/mnt/dgxc/venvs/dsv4n/lib/python3.12/site-packages/torch/distributed/fsdp/_fully_shard/_fsdp_state.py:336: UserWarning: FSDP2-wrapped module (FSDPCheckpointWrapper) returned a view tensor. An in-place op on this view (e.g., `x += y`) will silently drop the pre-backward hook and skip the all-gather, which can cause backward to fail or produce wrong gradients. Use out-of-place ops (`out = out + y`, not `out += y`) or `.clone()` the output before any in-place op.
[rank0]:  output = self._register_pre_backward_hook(output)
[rank0]:/mnt/dgxc/venvs/dsv4n/lib/python3.12/site-packages/torch/distributed/fsdp/_fully_shard/_fsdp_state.py:336: UserWarning: FSDP2-wrapped module (FSDPCheckpointWrapper) returned a view tensor. An in-place op on this view (e.g., `x += y`) will silently drop the pre-backward hook and skip the all-gather, which can cause backward to fail or produce wrong gradients. Use out-of-place ops (`out = out + y`, not `out += y`) or `.clone()` the output before any in-place op.
[rank0]:  output = self._register_pre_backward_hook(output)
[rank0]:/mnt/dgxc/venvs/dsv4n/lib/python3.12/site-packages/torch/distributed/fsdp/_fully_shard/_fsdp_state.py:336: UserWarning: FSDP2-wrapped module (FSDPCheckpointWrapper) returned a view tensor. An in-place op on this view (e.g., `x += y`) will silently drop the pre-backward hook and skip the all-gather, which can cause backward to fail or produce wrong gradients. Use out-of-place ops (`out = out + y`, not `out += y`) or `.clone()` the output before any in-place op.
[rank0]:  output = self._register_pre_backward_hook(output)
[rank0]:/mnt/dgxc/venvs/dsv4n/lib/python3.12/site-packages/torch/distributed/fsdp/_fully_shard/_fsdp_state.py:336: UserWarning: FSDP2-wrapped module (FSDPCheckpointWrapper) returned a view tensor. An in-place op on this view (e.g., `x += y`) will silently drop the pre-backward hook and skip the all-gather, which can cause backward to fail or produce wrong gradients. Use out-of-place ops (`out = out + y`, not `out += y`) or `.clone()` the output before any in-place op.
[rank0]:  output = self._register_pre_backward_hook(output)
[rank0]:/mnt/dgxc/venvs/dsv4n/lib/python3.12/site-packages/torch/distributed/fsdp/_fully_shard/_fsdp_state.py:336: UserWarning: FSDP2-wrapped module (FSDPCheckpointWrapper) returned a view tensor. An in-place op on this view (e.g., `x += y`) will silently drop the pre-backward hook and skip the all-gather, which can cause backward to fail or produce wrong gradients. Use out-of-place ops (`out = out + y`, not `out += y`) or `.clone()` the output before any in-place op.
[rank0]:  output = self._register_pre_backward_hook(output)
[rank0]:[rank28]:W0921 13:56:01.430000 154715 torch/distributed/tensor/_redistribute.py:394] While redistributing from (Replicate(), _NormPartial(2.0), _NormPartial(2.0)) to (Replicate(), Replicate(), Replicate()), 2 sequential all_reduce operations will be performed. This is suboptimal: multiple collective operations have higher latency (separate kernel launches and synchronization points) and may give inconsistent results between ranks due to different reduction orders. To optimize, flatten mesh dimensions ["efsdp", "ep"] so DTensor can use a single operation instead.
[rank0]:[rank120]:W0921 13:56:01.483000 457409 torch/distributed/tensor/_redistribute.py:394] While redistributing from (Replicate(), _NormPartial(2.0), _NormPartial(2.0)) to (Replicate(), Replicate(), Replicate()), 2 sequential all_reduce operations will be performed. This is suboptimal: multiple collective operations have higher latency (separate kernel launches and synchronization points) and may give inconsistent results between ranks due to different reduction orders. To optimize, flatten mesh dimensions ["efsdp", "ep"] so DTensor can use a single operation instead.
[rank0]:[rank100]:W0921 13:56:01.466000 543553 torch/distributed/tensor/_redistribute.py:394] While redistributing from (Replicate(), _NormPartial(2.0), _NormPartial(2.0)) to (Replicate(), Replicate(), Replicate()), 2 sequential all_reduce operations will be performed. This is suboptimal: multiple collective operations have higher latency (separate kernel launches and synchronization points) and may give inconsistent results between ranks due to different reduction orders. To optimize, flatten mesh dimensions ["efsdp", "ep"] so DTensor can use a single operation instead.
[rank0]:[rank56]:W0921 13:56:01.461000 152027 torch/distributed/tensor/_redistribute.py:394] While redistributing from (Replicate(), _NormPartial(2.0), _NormPartial(2.0)) to (Replicate(), Replicate(), Replicate()), 2 sequential all_reduce operations will be performed. This is suboptimal: multiple collective operations have higher latency (separate kernel launches and synchronization points) and may give inconsistent results between ranks due to different reduction orders. To optimize, flatten mesh dimensions ["efsdp", "ep"] so DTensor can use a single operation instead.
[rank0]:[rank40]:W0921 13:56:01.447000 153667 torch/distributed/tensor/_redistribute.py:394] While redistributing from (Replicate(), _NormPartial(2.0), _NormPartial(2.0)) to (Replicate(), Replicate(), Replicate()), 2 sequential all_reduce operations will be performed. This is suboptimal: multiple collective operations have higher latency (separate kernel launches and synchronization points) and may give inconsistent results between ranks due to different reduction orders. To optimize, flatten mesh dimensions ["efsdp", "ep"] so DTensor can use a single operation instead.
[rank0]:[rank8]:W0921 13:56:01.475000 191929 torch/distributed/tensor/_redistribute.py:394] While redistributing from (Replicate(), _NormPartial(2.0), _NormPartial(2.0)) to (Replicate(), Replicate(), Replicate()), 2 sequential all_reduce operations will be performed. This is suboptimal: multiple collective operations have higher latency (separate kernel launches and synchronization points) and may give inconsistent results between ranks due to different reduction orders. To optimize, flatten mesh dimensions ["efsdp", "ep"] so DTensor can use a single operation instead.
[rank0]:[rank116]:W0921 13:56:01.447000 534834 torch/distributed/tensor/_redistribute.py:394] While redistributing from (Replicate(), _NormPartial(2.0), _NormPartial(2.0)) to (Replicate(), Replicate(), Replicate()), 2 sequential all_reduce operations will be performed. This is suboptimal: multiple collective operations have higher latency (separate kernel launches and synchronization points) and may give inconsistent results between ranks due to different reduction orders. To optimize, flatten mesh dimensions ["efsdp", "ep"] so DTensor can use a single operation instead.
[rank0]:[rank24]:W0921 13:56:01.491000 191293 torch/distributed/tensor/_redistribute.py:394] While redistributing from (Replicate(), _NormPartial(2.0), _NormPartial(2.0)) to (Replicate(), Replicate(), Replicate()), 2 sequential all_reduce operations will be performed. This is suboptimal: multiple collective operations have higher latency (separate kernel launches and synchronization points) and may give inconsistent results between ranks due to different reduction orders. To optimize, flatten mesh dimensions ["efsdp", "ep"] so DTensor can use a single operation instead.
[rank0]:[rank0]:W0921 13:56:01.447000 224121 torch/distributed/tensor/_redistribute.py:394] While redistributing from (Replicate(), _NormPartial(2.0), _NormPartial(2.0)) to (Replicate(), Replicate(), Replicate()), 2 sequential all_reduce operations will be performed. This is suboptimal: multiple collective operations have higher latency (separate kernel launches and synchronization points) and may give inconsistent results between ranks due to different reduction orders. To optimize, flatten mesh dimensions ["efsdp", "ep"] so DTensor can use a single operation instead.
[rank0]:[rank108]:W0921 13:56:01.438000 534693 torch/distributed/tensor/_redistribute.py:394] While redistributing from (Replicate(), _NormPartial(2.0), _NormPartial(2.0)) to (Replicate(), Replicate(), Replicate()), 2 sequential all_reduce operations will be performed. This is suboptimal: multiple collective operations have higher latency (separate kernel launches and synchronization points) and may give inconsistent results between ranks due to different reduction orders. To optimize, flatten mesh dimensions ["efsdp", "ep"] so DTensor can use a single operation instead.
[rank0]:[rank72]:W0921 13:56:01.510000 145480 torch/distributed/tensor/_redistribute.py:394] While redistributing from (Replicate(), _NormPartial(2.0), _NormPartial(2.0)) to (Replicate(), Replicate(), Replicate()), 2 sequential all_reduce operations will be performed. This is suboptimal: multiple collective operations have higher latency (separate kernel launches and synchronization points) and may give inconsistent results between ranks due to different reduction orders. To optimize, flatten mesh dimensions ["efsdp", "ep"] so DTensor can use a single operation instead.
[rank0]:[rank92]:W0921 13:56:01.463000 144876 torch/distributed/tensor/_redistribute.py:394] While redistributing from (Replicate(), _NormPartial(2.0), _NormPartial(2.0)) to (Replicate(), Replicate(), Replicate()), 2 sequential all_reduce operations will be performed. This is suboptimal: multiple collective operations have higher latency (separate kernel launches and synchronization points) and may give inconsistent results between ranks due to different reduction orders. To optimize, flatten mesh dimensions ["efsdp", "ep"] so DTensor can use a single operation instead.
[rank0]:[rank112]:W0921 13:56:01.449000 533902 torch/distributed/tensor/_redistribute.py:394] While redistributing from (Replicate(), _NormPartial(2.0), _NormPartial(2.0)) to (Replicate(), Replicate(), Replicate()), 2 sequential all_reduce operations will be performed. This is suboptimal: multiple collective operations have higher latency (separate kernel launches and synchronization points) and may give inconsistent results between ranks due to different reduction orders. To optimize, flatten mesh dimensions ["efsdp", "ep"] so DTensor can use a single operation instead.
[rank0]:[rank12]:W0921 13:56:01.436000 189242 torch/distributed/tensor/_redistribute.py:394] While redistributing from (Replicate(), _NormPartial(2.0), _NormPartial(2.0)) to (Replicate(), Replicate(), Replicate()), 2 sequential all_reduce operations will be performed. This is suboptimal: multiple collective operations have higher latency (separate kernel launches and synchronization points) and may give inconsistent results between ranks due to different reduction orders. To optimize, flatten mesh dimensions ["efsdp", "ep"] so DTensor can use a single operation instead.
[rank0]:[rank64]:W0921 13:56:01.496000 149590 torch/distributed/tensor/_redistribute.py:394] While redistributing from (Replicate(), _NormPartial(2.0), _NormPartial(2.0)) to (Replicate(), Replicate(), Replicate()), 2 sequential all_reduce operations will be performed. This is suboptimal: multiple collective operations have higher latency (separate kernel launches and synchronization points) and may give inconsistent results between ranks due to different reduction orders. To optimize, flatten mesh dimensions ["efsdp", "ep"] so DTensor can use a single operation instead.
[rank0]:[rank80]:W0921 13:56:01.513000 146513 torch/distributed/tensor/_redistribute.py:394] While redistributing from (Replicate(), _NormPartial(2.0), _NormPartial(2.0)) to (Replicate(), Replicate(), Replicate()), 2 sequential all_reduce operations will be performed. This is suboptimal: multiple collective operations have higher latency (separate kernel launches and synchronization points) and may give inconsistent results between ranks due to different reduction orders. To optimize, flatten mesh dimensions ["efsdp", "ep"] so DTensor can use a single operation instead.
[rank0]:[rank88]:W0921 13:56:01.470000 146127 torch/distributed/tensor/_redistribute.py:394] While redistributing from (Replicate(), _NormPartial(2.0), _NormPartial(2.0)) to (Replicate(), Replicate(), Replicate()), 2 sequential all_reduce operations will be performed. This is suboptimal: multiple collective operations have higher latency (separate kernel launches and synchronization points) and may give inconsistent results between ranks due to different reduction orders. To optimize, flatten mesh dimensions ["efsdp", "ep"] so DTensor can use a single operation instead.
[rank0]:[rank60]:W0921 13:56:01.509000 151301 torch/distributed/tensor/_redistribute.py:394] While redistributing from (Replicate(), _NormPartial(2.0), _NormPartial(2.0)) to (Replicate(), Replicate(), Replicate()), 2 sequential all_reduce operations will be performed. This is suboptimal: multiple collective operations have higher latency (separate kernel launches and synchronization points) and may give inconsistent results between ranks due to different reduction orders. To optimize, flatten mesh dimensions ["efsdp", "ep"] so DTensor can use a single operation instead.
[rank0]:[rank124]:W0921 13:56:01.512000 437724 torch/distributed/tensor/_redistribute.py:394] While redistributing from (Replicate(), _NormPartial(2.0), _NormPartial(2.0)) to (Replicate(), Replicate(), Replicate()), 2 sequential all_reduce operations will be performed. This is suboptimal: multiple collective operations have higher latency (separate kernel launches and synchronization points) and may give inconsistent results between ranks due to different reduction orders. To optimize, flatten mesh dimensions ["efsdp", "ep"] so DTensor can use a single operation instead.
[rank0]:[rank20]:W0921 13:56:01.476000 189287 torch/distributed/tensor/_redistribute.py:394] While redistributing from (Replicate(), _NormPartial(2.0), _NormPartial(2.0)) to (Replicate(), Replicate(), Replicate()), 2 sequential all_reduce operations will be performed. This is suboptimal: multiple collective operations have higher latency (separate kernel launches and synchronization points) and may give inconsistent results between ranks due to different reduction orders. To optimize, flatten mesh dimensions ["efsdp", "ep"] so DTensor can use a single operation instead.
[rank0]:[rank104]:W0921 13:56:01.449000 468462 torch/distributed/tensor/_redistribute.py:394] While redistributing from (Replicate(), _NormPartial(2.0), _NormPartial(2.0)) to (Replicate(), Replicate(), Replicate()), 2 sequential all_reduce operations will be performed. This is suboptimal: multiple collective operations have higher latency (separate kernel launches and synchronization points) and may give inconsistent results between ranks due to different reduction orders. To optimize, flatten mesh dimensions ["efsdp", "ep"] so DTensor can use a single operation instead.
[rank0]:[rank52]:W0921 13:56:01.475000 151774 torch/distributed/tensor/_redistribute.py:394] While redistributing from (Replicate(), _NormPartial(2.0), _NormPartial(2.0)) to (Replicate(), Replicate(), Replicate()), 2 sequential all_reduce operations will be performed. This is suboptimal: multiple collective operations have higher latency (separate kernel launches and synchronization points) and may give inconsistent results between ranks due to different reduction orders. To optimize, flatten mesh dimensions ["efsdp", "ep"] so DTensor can use a single operation instead.
[rank0]:[rank16]:W0921 13:56:01.537000 193713 torch/distributed/tensor/_redistribute.py:394] While redistributing from (Replicate(), _NormPartial(2.0), _NormPartial(2.0)) to (Replicate(), Replicate(), Replicate()), 2 sequential all_reduce operations will be performed. This is suboptimal: multiple collective operations have higher latency (separate kernel launches and synchronization points) and may give inconsistent results between ranks due to different reduction orders. To optimize, flatten mesh dimensions ["efsdp", "ep"] so DTensor can use a single operation instead.
[rank0]:[rank36]:W0921 13:56:01.521000 177396 torch/distributed/tensor/_redistribute.py:394] While redistributing from (Replicate(), _NormPartial(2.0), _NormPartial(2.0)) to (Replicate(), Replicate(), Replicate()), 2 sequential all_reduce operations will be performed. This is suboptimal: multiple collective operations have higher latency (separate kernel launches and synchronization points) and may give inconsistent results between ranks due to different reduction orders. To optimize, flatten mesh dimensions ["efsdp", "ep"] so DTensor can use a single operation instead.
[rank0]:[rank68]:W0921 13:56:01.453000 147164 torch/distributed/tensor/_redistribute.py:394] While redistributing from (Replicate(), _NormPartial(2.0), _NormPartial(2.0)) to (Replicate(), Replicate(), Replicate()), 2 sequential all_reduce operations will be performed. This is suboptimal: multiple collective operations have higher latency (separate kernel launches and synchronization points) and may give inconsistent results between ranks due to different reduction orders. To optimize, flatten mesh dimensions ["efsdp", "ep"] so DTensor can use a single operation instead.
[rank0]:[rank4]:W0921 13:56:01.513000 192264 torch/distributed/tensor/_redistribute.py:394] While redistributing from (Replicate(), _NormPartial(2.0), _NormPartial(2.0)) to (Replicate(), Replicate(), Replicate()), 2 sequential all_reduce operations will be performed. This is suboptimal: multiple collective operations have higher latency (separate kernel launches and synchronization points) and may give inconsistent results between ranks due to different reduction orders. To optimize, flatten mesh dimensions ["efsdp", "ep"] so DTensor can use a single operation instead.
[rank0]:[rank44]:W0921 13:56:01.527000 153020 torch/distributed/tensor/_redistribute.py:394] While redistributing from (Replicate(), _NormPartial(2.0), _NormPartial(2.0)) to (Replicate(), Replicate(), Replicate()), 2 sequential all_reduce operations will be performed. This is suboptimal: multiple collective operations have higher latency (separate kernel launches and synchronization points) and may give inconsistent results between ranks due to different reduction orders. To optimize, flatten mesh dimensions ["efsdp", "ep"] so DTensor can use a single operation instead.
[rank0]:[rank32]:W0921 13:56:01.535000 158770 torch/distributed/tensor/_redistribute.py:394] While redistributing from (Replicate(), _NormPartial(2.0), _NormPartial(2.0)) to (Replicate(), Replicate(), Replicate()), 2 sequential all_reduce operations will be performed. This is suboptimal: multiple collective operations have higher latency (separate kernel launches and synchronization points) and may give inconsistent results between ranks due to different reduction orders. To optimize, flatten mesh dimensions ["efsdp", "ep"] so DTensor can use a single operation instead.
[rank0]:[rank76]:W0921 13:56:01.559000 145831 torch/distributed/tensor/_redistribute.py:394] While redistributing from (Replicate(), _NormPartial(2.0), _NormPartial(2.0)) to (Replicate(), Replicate(), Replicate()), 2 sequential all_reduce operations will be performed. This is suboptimal: multiple collective operations have higher latency (separate kernel launches and synchronization points) and may give inconsistent results between ranks due to different reduction orders. To optimize, flatten mesh dimensions ["efsdp", "ep"] so DTensor can use a single operation instead.
[rank0]:[rank96]:W0921 13:56:01.544000 662964 torch/distributed/tensor/_redistribute.py:394] While redistributing from (Replicate(), _NormPartial(2.0), _NormPartial(2.0)) to (Replicate(), Replicate(), Replicate()), 2 sequential all_reduce operations will be performed. This is suboptimal: multiple collective operations have higher latency (separate kernel launches and synchronization points) and may give inconsistent results between ranks due to different reduction orders. To optimize, flatten mesh dimensions ["efsdp", "ep"] so DTensor can use a single operation instead.
[rank0]:[rank48]:W0921 13:56:01.545000 152689 torch/distributed/tensor/_redistribute.py:394] While redistributing from (Replicate(), _NormPartial(2.0), _NormPartial(2.0)) to (Replicate(), Replicate(), Replicate()), 2 sequential all_reduce operations will be performed. This is suboptimal: multiple collective operations have higher latency (separate kernel launches and synchronization points) and may give inconsistent results between ranks due to different reduction orders. To optimize, flatten mesh dimensions ["efsdp", "ep"] so DTensor can use a single operation instead.
[rank0]:[rank84]:W0921 13:56:01.643000 146099 torch/distributed/tensor/_redistribute.py:394] While redistributing from (Replicate(), _NormPartial(2.0), _NormPartial(2.0)) to (Replicate(), Replicate(), Replicate()), 2 sequential all_reduce operations will be performed. This is suboptimal: multiple collective operations have higher latency (separate kernel launches and synchronization points) and may give inconsistent results between ranks due to different reduction orders. To optimize, flatten mesh dimensions ["efsdp", "ep"] so DTensor can use a single operation instead.
[rank0]:wandb: updating run metadata
[rank0]:wandb: uploading output.log; uploading wandb-summary.json; uploading config.yaml
[rank0]:wandb: uploading history steps 18-19, summary, console lines 101-103
[rank0]:wandb: 
[rank0]:wandb: Run history:
[rank0]:wandb:                    grad_norm ▂▆█▃▅▄▃▅▅▃▂▂▂▂▁▂▂▁▁▁
[rank0]:wandb: loss_metrics/global_avg_loss ▇▄▇█▆▅▄▃▃▃▂▂▁▁▁▁▁▁▁▁
[rank0]:wandb: loss_metrics/global_max_loss ▇▄▇█▆▆▄▃▃▃▂▂▁▁▁▁▁▁▁▁
[rank0]:wandb:                     lr/AdamW ▄█████▇▇▆▆▅▅▄▄▃▃▂▂▁▁
[rank0]:wandb:         memory/max_active(%) ▁███████████████████
[rank0]:wandb:       memory/max_active(GiB) ▁███████████████████
[rank0]:wandb:       memory/max_reserved(%) ▁▇▇▇▇▇▇█████████████
[rank0]:wandb:     memory/max_reserved(GiB) ▁▇▇▇▇▇▇█████████████
[rank0]:wandb:     memory/num_alloc_retries ▁▁▁▁▁▁▁▁▁▁▁▁▁▁▁▁▁▁▁▁
[rank0]:wandb:              memory/num_ooms ▁▁▁▁▁▁▁▁▁▁▁▁▁▁▁▁▁▁▁▁
[rank0]:wandb:                           +7 ...
[rank0]:wandb: 
[rank0]:wandb: Run summary:
[rank0]:wandb:                    grad_norm 4.15201
[rank0]:wandb: loss_metrics/global_avg_loss 2.9427
[rank0]:wandb: loss_metrics/global_max_loss 3.04583
[rank0]:wandb:                     lr/AdamW 5e-05
[rank0]:wandb:         memory/max_active(%) 65.0177
[rank0]:wandb:       memory/max_active(GiB) 179.77393
[rank0]:wandb:       memory/max_reserved(%) 81.65122
[rank0]:wandb:     memory/max_reserved(GiB) 225.76562
[rank0]:wandb:     memory/num_alloc_retries 0
[rank0]:wandb:              memory/num_ooms 0
[rank0]:wandb:                           +7 ...
[rank0]:wandb: 
[rank0]:wandb: 🚀 View run final_128_12x_ws_swiglu-128gpu-j970 at: https://wandb.ai/caia-costello-lambd/dsv4-gb300-torchtitan/runs/mmwp5x81
[rank0]:wandb: ⭐️ View project at: https://wandb.ai/caia-costello-lambd/dsv4-gb300-torchtitan
[rank0]:wandb: Synced 5 W&B file(s), 0 media file(s), 0 artifact file(s) and 0 other file(s)
[rank0]:wandb: Find logs at: outputs/tb/20260921-1352/wandb/run-20260921_135218-mmwp5x81/logs
[rank0]:[titan] 2026-09-21 13:52:34,802 - torchtitan.distributed.fsdp - INFO - fsdp dense-never: layer 39 experts sharded separately (reshard=True), dense params kept unsharded (reshard=False)
[rank0]:[titan] 2026-09-21 13:52:34,820 - torchtitan.distributed.fsdp - INFO - fsdp dense-never: layer 40 experts sharded separately (reshard=True), dense params kept unsharded (reshard=False)
[rank0]:[titan] 2026-09-21 13:52:34,841 - torchtitan.distributed.fsdp - INFO - fsdp dense-never: layer 41 experts sharded separately (reshard=True), dense params kept unsharded (reshard=False)
[rank0]:[titan] 2026-09-21 13:52:34,859 - torchtitan.distributed.fsdp - INFO - fsdp dense-never: layer 42 experts sharded separately (reshard=True), dense params kept unsharded (reshard=False)
[rank0]:[titan] 2026-09-21 13:52:34,911 - torchtitan.distributed.fsdp - INFO - Applied HSDP to the model
[rank0]:[titan] 2026-09-21 13:52:34,913 - torchtitan.models.deepseek_v3.parallelize - INFO - block-input offload: wrapped 43 decoder blocks
[rank0]:[titan] 2026-09-21 13:52:50,195 - torchtitan.trainer - INFO - Peak FLOPS used for computing MFU: 2.500e+15
[rank0]:[titan] 2026-09-21 13:52:50,195 - torchtitan.trainer - INFO - CUDA memory usage for model: 20.02GiB(7.24%)
[rank0]:[titan] 2026-09-21 13:52:50,202 - torchtitan.components.optimizer.optimizer - INFO - Optimizer AdamW (model_part=0): 1242 params [.*] {'fused': True, 'foreach': False, 'lr': 0.0008, 'betas': (0.9, 0.95), 'eps': 1e-08, 'weight_decay': 0.1}
[rank0]:[titan] 2026-09-21 13:52:50,208 - torchtitan.components.tokenizer - INFO - Loading tokenizer from tokenizer.json
[rank0]:[titan] 2026-09-21 13:52:50,330 - httpx - INFO - HTTP Request: HEAD https://s3.amazonaws.com/datasets.huggingface.co/datasets/datasets/json/json.py "HTTP/1.1 200 OK"
[rank0]:[titan] 2026-09-21 13:52:50,438 - torchtitan.protocols.state_dict_adapter - WARNING - model.safetensors.index.json not found at hf_assets_path: ./tests/assets/tokenizer/model.safetensors.index.json.                     Defaulting to saving a single safetensors file if checkpoint is saved in HF format
[rank0]:[titan] 2026-09-21 13:52:50,438 - torchtitan.components.checkpointer.base - WARNING - initial_load_model_only=True has no effect without an initial_load_path.
[rank0]:[titan] 2026-09-21 13:52:50,438 - torchtitan.trainer - INFO - Trainer is initialized with 98304 tokens per DP rank, 12582912 tokens per train step, gradient accumulation steps 1, maximum context length 8192, total steps 20 (warmup 2)
[rank0]:[titan] 2026-09-21 13:52:50,439 - torchtitan.trainer - INFO - Training starts at step 1
[rank0]:[titan] 2026-09-21 13:56:21,018 - torchtitan.observability.metrics - INFO - step:  1  loss: 11.94497  grad_norm: 12.8281  memory: 185.74GiB(67.18%)  tps: 421  tflops: 37.35  mfu: 1.49%
[rank0]:[titan] 2026-09-21 13:56:21,019 - torchtitan.distributed.utils - INFO - Synchronizing and adjusting timeout for all ProcessGroups to 0:01:40
[rank0]:[titan] 2026-09-21 13:57:03,164 - torchtitan.observability.metrics - INFO - step:  2  loss:  7.16887  grad_norm: 41.6928  memory: 217.43GiB(78.64%)  tps: 2,333  tflops: 206.73  mfu: 8.27%
[rank0]:[titan] 2026-09-21 13:57:22,527 - torchtitan.observability.metrics - INFO - step:  3  loss: 11.53709  grad_norm: 60.2704  memory: 218.83GiB(79.14%)  tps: 5,077  tflops: 450.01  mfu: 18.00%
[rank0]:[titan] 2026-09-21 13:57:39,890 - torchtitan.observability.metrics - INFO - step:  4  loss: 12.72228  grad_norm: 18.5279  memory: 219.03GiB(79.21%)  tps: 5,662  tflops: 501.82  mfu: 20.07%
[rank0]:[titan] 2026-09-21 13:57:57,084 - torchtitan.observability.metrics - INFO - step:  5  loss: 10.46122  grad_norm: 35.3050  memory: 219.03GiB(79.21%)  tps: 5,718  tflops: 506.80  mfu: 20.27%
[rank0]:[titan] 2026-09-21 13:58:14,034 - torchtitan.observability.metrics - INFO - step:  6  loss:  9.19707  grad_norm: 25.7863  memory: 222.05GiB(80.31%)  tps: 5,800  tflops: 514.05  mfu: 20.56%
[rank0]:[titan] 2026-09-21 13:58:31,026 - torchtitan.observability.metrics - INFO - step:  7  loss:  7.21310  grad_norm: 22.9275  memory: 222.05GiB(80.31%)  tps: 5,786  tflops: 512.81  mfu: 20.51%
[rank0]:[titan] 2026-09-21 13:58:48,760 - torchtitan.observability.metrics - INFO - step:  8  loss:  5.69890  grad_norm: 33.2894  memory: 223.68GiB(80.90%)  tps: 5,544  tflops: 491.33  mfu: 19.65%
[rank0]:[titan] 2026-09-21 13:59:06,044 - torchtitan.observability.metrics - INFO - step:  9  loss:  5.57768  grad_norm: 36.2332  memory: 223.68GiB(80.90%)  tps: 5,688  tflops: 504.14  mfu: 20.17%
[rank0]:[titan] 2026-09-21 13:59:23,039 - torchtitan.observability.metrics - INFO - step: 10  loss:  5.17134  grad_norm: 21.6903  memory: 223.68GiB(80.90%)  tps: 5,785  tflops: 512.69  mfu: 20.51%
[rank0]:[titan] 2026-09-21 13:59:40,055 - torchtitan.observability.metrics - INFO - step: 11  loss:  4.23557  grad_norm: 15.4323  memory: 223.68GiB(80.90%)  tps: 5,778  tflops: 512.07  mfu: 20.48%
[rank0]:[titan] 2026-09-21 13:59:57,012 - torchtitan.observability.metrics - INFO - step: 12  loss:  3.67102  grad_norm: 10.2990  memory: 223.68GiB(80.90%)  tps: 5,798  tflops: 513.87  mfu: 20.55%
[rank0]:[titan] 2026-09-21 14:00:13,934 - torchtitan.observability.metrics - INFO - step: 13  loss:  3.58123  grad_norm: 10.4357  memory: 223.68GiB(80.90%)  tps: 5,810  tflops: 514.90  mfu: 20.60%
[rank0]:[titan] 2026-09-21 14:00:30,809 - torchtitan.observability.metrics - INFO - step: 14  loss:  3.52114  grad_norm: 13.8853  memory: 223.68GiB(80.90%)  tps: 5,826  tflops: 516.38  mfu: 20.66%
[rank0]:[titan] 2026-09-21 14:00:47,886 - torchtitan.observability.metrics - INFO - step: 15  loss:  3.30625  grad_norm:  6.9609  memory: 223.68GiB(80.90%)  tps: 5,757  tflops: 510.24  mfu: 20.41%
[rank0]:[titan] 2026-09-21 14:01:04,772 - torchtitan.observability.metrics - INFO - step: 16  loss:  3.28106  grad_norm: 10.4845  memory: 223.68GiB(80.90%)  tps: 5,822  tflops: 516.00  mfu: 20.64%
[rank0]:[titan] 2026-09-21 14:01:21,627 - torchtitan.observability.metrics - INFO - step: 17  loss:  3.20511  grad_norm: 10.0422  memory: 223.68GiB(80.90%)  tps: 5,833  tflops: 516.99  mfu: 20.68%
[rank0]:[titan] 2026-09-21 14:01:38,473 - torchtitan.observability.metrics - INFO - step: 18  loss:  3.07286  grad_norm:  7.3977  memory: 223.68GiB(80.90%)  tps: 5,836  tflops: 517.23  mfu: 20.69%
[rank0]:[titan] 2026-09-21 14:01:55,326 - torchtitan.observability.metrics - INFO - step: 19  loss:  2.98416  grad_norm:  5.3227  memory: 225.77GiB(81.65%)  tps: 5,833  tflops: 517.02  mfu: 20.68%
[rank0]:[titan] 2026-09-21 14:02:12,222 - torchtitan.observability.metrics - INFO - step: 20  loss:  2.94270  grad_norm:  4.1520  memory: 225.77GiB(81.65%)  tps: 5,819  tflops: 515.73  mfu: 20.63%
[rank0]:[titan] 2026-09-21 14:02:12,223 - torchtitan.trainer - INFO - Sleeping 2 seconds for other ranks to complete
[rank0]:[titan] 2026-09-21 14:02:14,223 - torchtitan.trainer - INFO - Training completed
[rank0]:[titan] 2026-09-21 14:02:17,283 - __main__ - INFO - Process group destroyed
W0921 14:02:59.898000 146335 torch/distributed/elastic/rendezvous/dynamic_rendezvous.py:1346] The node 'yqb01-qa01-mgx-00049_146335_0' has failed to send a keep-alive heartbeat to the rendezvous '970' due to an error of type RendezvousTimeoutError.
W0921 14:02:59.900000 457229 torch/distributed/elastic/rendezvous/dynamic_rendezvous.py:1346] The node 'yqb01-qa01-mgx-00069_457229_0' has failed to send a keep-alive heartbeat to the rendezvous '970' due to an error of type RendezvousTimeoutError.
W0921 14:02:59.901000 533718 torch/distributed/elastic/rendezvous/dynamic_rendezvous.py:1346] The node 'yqb01-qa01-mgx-00064_533718_0' has failed to send a keep-alive heartbeat to the rendezvous '970' due to an error of type RendezvousTimeoutError.
W0921 14:02:59.900000 534507 torch/distributed/elastic/rendezvous/dynamic_rendezvous.py:1346] The node 'yqb01-qa01-mgx-00063_534507_0' has failed to send a keep-alive heartbeat to the rendezvous '970' due to an error of type RendezvousTimeoutError.
W0921 14:02:59.900000 191113 torch/distributed/elastic/rendezvous/dynamic_rendezvous.py:1346] The node 'yqb01-qa01-mgx-00008_191113_0' has failed to send a keep-alive heartbeat to the rendezvous '970' due to an error of type RendezvousTimeoutError.
W0921 14:02:59.900000 177222 torch/distributed/elastic/rendezvous/dynamic_rendezvous.py:1346] The node 'yqb01-qa01-mgx-00038_177222_0' has failed to send a keep-alive heartbeat to the rendezvous '970' due to an error of type RendezvousTimeoutError.
W0921 14:02:59.899000 468282 torch/distributed/elastic/rendezvous/dynamic_rendezvous.py:1346] The node 'yqb01-qa01-mgx-00060_468282_0' has failed to send a keep-alive heartbeat to the rendezvous '970' due to an error of type RendezvousTimeoutError.
W0921 14:02:59.897000 145949 torch/distributed/elastic/rendezvous/dynamic_rendezvous.py:1346] The node 'yqb01-qa01-mgx-00051_145949_0' has failed to send a keep-alive heartbeat to the rendezvous '970' due to an error of type RendezvousTimeoutError.
W0921 14:02:59.896000 437547 torch/distributed/elastic/rendezvous/dynamic_rendezvous.py:1346] The node 'yqb01-qa01-mgx-00070_437547_0' has failed to send a keep-alive heartbeat to the rendezvous '970' due to an error of type RendezvousTimeoutError.
W0921 14:02:59.900000 192085 torch/distributed/elastic/rendezvous/dynamic_rendezvous.py:1346] The node 'yqb01-qa01-mgx-00002_192085_0' has failed to send a keep-alive heartbeat to the rendezvous '970' due to an error of type RendezvousTimeoutError.
W0921 14:02:59.900000 543371 torch/distributed/elastic/rendezvous/dynamic_rendezvous.py:1346] The node 'yqb01-qa01-mgx-00056_543371_0' has failed to send a keep-alive heartbeat to the rendezvous '970' due to an error of type RendezvousTimeoutError.
W0921 14:02:59.900000 193531 torch/distributed/elastic/rendezvous/dynamic_rendezvous.py:1346] The node 'yqb01-qa01-mgx-00005_193531_0' has failed to send a keep-alive heartbeat to the rendezvous '970' due to an error of type RendezvousTimeoutError.
W0921 14:02:59.901000 151125 torch/distributed/elastic/rendezvous/dynamic_rendezvous.py:1346] The node 'yqb01-qa01-mgx-00044_151125_0' has failed to send a keep-alive heartbeat to the rendezvous '970' due to an error of type RendezvousTimeoutError.
W0921 14:02:59.900000 189065 torch/distributed/elastic/rendezvous/dynamic_rendezvous.py:1346] The node 'yqb01-qa01-mgx-00004_189065_0' has failed to send a keep-alive heartbeat to the rendezvous '970' due to an error of type RendezvousTimeoutError.
[rank0]:[titan] 2026-09-21 13:52:33,623 - torchtitan.distributed.fsdp - INFO - fsdp dense-never: layer 40 experts sharded separately (reshard=True), dense params kept unsharded (reshard=False)
[rank0]:[titan] 2026-09-21 13:52:33,648 - torchtitan.distributed.fsdp - INFO - fsdp dense-never: layer 41 experts sharded separately (reshard=True), dense params kept unsharded (reshard=False)
[rank0]:[titan] 2026-09-21 13:52:33,670 - torchtitan.distributed.fsdp - INFO - fsdp dense-never: layer 42 experts sharded separately (reshard=True), dense params kept unsharded (reshard=False)
[rank0]:[titan] 2026-09-21 13:52:33,733 - torchtitan.distributed.fsdp - INFO - Applied HSDP to the model
[rank0]:[titan] 2026-09-21 13:52:33,736 - torchtitan.models.deepseek_v3.parallelize - INFO - block-input offload: wrapped 43 decoder blocks
[rank0]:[titan] 2026-09-21 13:52:49,295 - torchtitan.trainer - INFO - Peak FLOPS used for computing MFU: 2.500e+15
[rank0]:[titan] 2026-09-21 13:52:30,655 - torchtitan.distributed.fsdp - INFO - fsdp dense-never: layer 40 experts sharded separately (reshard=True), dense params kept unsharded (reshard=False)
[rank0]:[titan] 2026-09-21 13:52:30,677 - torchtitan.distributed.fsdp - INFO - fsdp dense-never: layer 41 experts sharded separately (reshard=True), dense params kept unsharded (reshard=False)
[rank0]:[titan] 2026-09-21 13:52:30,695 - torchtitan.distributed.fsdp - INFO - fsdp dense-never: layer 42 experts sharded separately (reshard=True), dense params kept unsharded (reshard=False)
[rank0]:[titan] 2026-09-21 13:52:30,749 - torchtitan.distributed.fsdp - INFO - Applied HSDP to the model
[rank0]:[titan] 2026-09-21 13:52:30,750 - torchtitan.models.deepseek_v3.parallelize - INFO - block-input offload: wrapped 43 decoder blocks
[rank0]:[titan] 2026-09-21 13:52:47,795 - torchtitan.trainer - INFO - Peak FLOPS used for computing MFU: 2.500e+15
[rank0]:[titan] 2026-09-21 13:52:47,796 - torchtitan.trainer - INFO - CUDA memory usage for model: 20.02GiB(7.24%)
[rank0]:[titan] 2026-09-21 13:52:47,802 - torchtitan.components.optimizer.optimizer - INFO - Optimizer AdamW (model_part=0): 1242 params [.*] {'fused': True, 'foreach': False, 'lr': 0.0008, 'betas': (0.9, 0.95), 'eps': 1e-08, 'weight_decay': 0.1}
[rank0]:[titan] 2026-09-21 13:52:47,808 - torchtitan.components.tokenizer - INFO - Loading tokenizer from tokenizer.json
[rank0]:[titan] 2026-09-21 13:52:47,927 - httpx - INFO - HTTP Request: HEAD https://s3.amazonaws.com/datasets.huggingface.co/datasets/datasets/json/json.py "HTTP/1.1 200 OK"
[rank0]:[titan] 2026-09-21 13:52:48,071 - torchtitan.protocols.state_dict_adapter - WARNING - model.safetensors.index.json not found at hf_assets_path: ./tests/assets/tokenizer/model.safetensors.index.json.                     Defaulting to saving a single safetensors file if checkpoint is saved in HF format
[rank0]:[titan] 2026-09-21 13:52:49,296 - torchtitan.trainer - INFO - CUDA memory usage for model: 20.02GiB(7.24%)
[rank0]:[titan] 2026-09-21 13:52:49,305 - torchtitan.components.optimizer.optimizer - INFO - Optimizer AdamW (model_part=0): 1242 params [.*] {'fused': True, 'foreach': False, 'lr': 0.0008, 'betas': (0.9, 0.95), 'eps': 1e-08, 'weight_decay': 0.1}
[rank0]:[titan] 2026-09-21 13:52:49,312 - torchtitan.components.tokenizer - INFO - Loading tokenizer from tokenizer.json
[rank0]:[titan] 2026-09-21 13:52:49,454 - httpx - INFO - HTTP Request: HEAD https://s3.amazonaws.com/datasets.huggingface.co/datasets/datasets/json/json.py "HTTP/1.1 200 OK"
[rank0]:[titan] 2026-09-21 13:52:49,633 - torchtitan.protocols.state_dict_adapter - WARNING - model.safetensors.index.json not found at hf_assets_path: ./tests/assets/tokenizer/model.safetensors.index.json.                     Defaulting to saving a single safetensors file if checkpoint is saved in HF format
[rank0]:[titan] 2026-09-21 13:52:33,814 - torchtitan.distributed.fsdp - INFO - fsdp dense-never: layer 40 experts sharded separately (reshard=True), dense params kept unsharded (reshard=False)
[rank0]:[titan] 2026-09-21 13:52:33,839 - torchtitan.distributed.fsdp - INFO - fsdp dense-never: layer 41 experts sharded separately (reshard=True), dense params kept unsharded (reshard=False)
[rank0]:[titan] 2026-09-21 13:52:33,860 - torchtitan.distributed.fsdp - INFO - fsdp dense-never: layer 42 experts sharded separately (reshard=True), dense params kept unsharded (reshard=False)
[rank0]:[titan] 2026-09-21 13:52:33,921 - torchtitan.distributed.fsdp - INFO - Applied HSDP to the model
[rank0]:[titan] 2026-09-21 13:52:33,924 - torchtitan.models.deepseek_v3.parallelize - INFO - block-input offload: wrapped 43 decoder blocks
[rank0]:[titan] 2026-09-21 13:52:49,295 - torchtitan.trainer - INFO - Peak FLOPS used for computing MFU: 2.500e+15
[rank0]:[titan] 2026-09-21 13:52:48,072 - torchtitan.components.checkpointer.base - WARNING - initial_load_model_only=True has no effect without an initial_load_path.
[rank0]:[titan] 2026-09-21 13:52:48,072 - torchtitan.trainer - INFO - Trainer is initialized with 98304 tokens per DP rank, 12582912 tokens per train step, gradient accumulation steps 1, maximum context length 8192, total steps 20 (warmup 2)
[rank0]:[titan] 2026-09-21 13:52:48,072 - torchtitan.trainer - INFO - Training starts at step 1
[rank0]:[titan] 2026-09-21 13:56:21,019 - torchtitan.observability.metrics - INFO - step:  1  loss: 11.94497  grad_norm: 12.8281  memory: 187.38GiB(67.77%)  tps: 402  tflops: 35.67  mfu: 1.43%
[rank0]:[titan] 2026-09-21 13:56:21,020 - torchtitan.distributed.utils - INFO - Synchronizing and adjusting timeout for all ProcessGroups to 0:01:40
[rank0]:[titan] 2026-09-21 13:52:49,634 - torchtitan.components.checkpointer.base - WARNING - initial_load_model_only=True has no effect without an initial_load_path.
[rank0]:[titan] 2026-09-21 13:52:49,634 - torchtitan.trainer - INFO - Trainer is initialized with 98304 tokens per DP rank, 12582912 tokens per train step, gradient accumulation steps 1, maximum context length 8192, total steps 20 (warmup 2)
[rank0]:[titan] 2026-09-21 13:52:49,635 - torchtitan.trainer - INFO - Training starts at step 1
[rank0]:[titan] 2026-09-21 13:56:21,018 - torchtitan.observability.metrics - INFO - step:  1  loss: 11.94497  grad_norm: 12.8281  memory: 189.26GiB(68.45%)  tps: 405  tflops: 35.90  mfu: 1.44%
[rank0]:[titan] 2026-09-21 13:56:21,019 - torchtitan.distributed.utils - INFO - Synchronizing and adjusting timeout for all ProcessGroups to 0:01:40
[rank0]:[titan] 2026-09-21 13:57:03,165 - torchtitan.observability.metrics - INFO - step:  2  loss:  7.16887  grad_norm: 41.6928  memory: 216.29GiB(78.22%)  tps: 2,332  tflops: 206.73  mfu: 8.27%
[rank0]:[titan] 2026-09-21 13:57:22,528 - torchtitan.observability.metrics - INFO - step:  3  loss: 11.53709  grad_norm: 60.2704  memory: 223.71GiB(80.91%)  tps: 5,077  tflops: 449.98  mfu: 18.00%
[rank0]:[titan] 2026-09-21 13:57:39,892 - torchtitan.observability.metrics - INFO - step:  4  loss: 12.72228  grad_norm: 18.5279  memory: 223.71GiB(80.91%)  tps: 5,662  tflops: 501.79  mfu: 20.07%
[rank0]:[titan] 2026-09-21 13:57:03,165 - torchtitan.observability.metrics - INFO - step:  2  loss:  7.16887  grad_norm: 41.6928  memory: 221.41GiB(80.08%)  tps: 2,332  tflops: 206.73  mfu: 8.27%
[rank0]:[titan] 2026-09-21 13:57:22,527 - torchtitan.observability.metrics - INFO - step:  3  loss: 11.53709  grad_norm: 60.2704  memory: 221.41GiB(80.08%)  tps: 5,077  tflops: 449.98  mfu: 18.00%
[rank0]:[titan] 2026-09-21 13:57:39,891 - torchtitan.observability.metrics - INFO - step:  4  loss: 12.72228  grad_norm: 18.5279  memory: 221.41GiB(80.08%)  tps: 5,662  tflops: 501.79  mfu: 20.07%
[rank0]:[titan] 2026-09-21 13:57:57,085 - torchtitan.observability.metrics - INFO - step:  5  loss: 10.46122  grad_norm: 35.3050  memory: 223.71GiB(80.91%)  tps: 5,718  tflops: 506.76  mfu: 20.27%
[rank0]:[titan] 2026-09-21 13:57:57,084 - torchtitan.observability.metrics - INFO - step:  5  loss: 10.46122  grad_norm: 35.3050  memory: 221.41GiB(80.08%)  tps: 5,718  tflops: 506.76  mfu: 20.27%
[rank0]:[titan] 2026-09-21 13:52:33,143 - torchtitan.distributed.fsdp - INFO - fsdp dense-never: layer 40 experts sharded separately (reshard=True), dense params kept unsharded (reshard=False)
[rank0]:[titan] 2026-09-21 13:52:33,167 - torchtitan.distributed.fsdp - INFO - fsdp dense-never: layer 41 experts sharded separately (reshard=True), dense params kept unsharded (reshard=False)
[rank0]:[titan] 2026-09-21 13:52:33,188 - torchtitan.distributed.fsdp - INFO - fsdp dense-never: layer 42 experts sharded separately (reshard=True), dense params kept unsharded (reshard=False)
[rank0]:[titan] 2026-09-21 13:52:33,247 - torchtitan.distributed.fsdp - INFO - Applied HSDP to the model
[rank0]:[titan] 2026-09-21 13:52:33,249 - torchtitan.models.deepseek_v3.parallelize - INFO - block-input offload: wrapped 43 decoder blocks
[rank0]:[titan] 2026-09-21 13:52:49,818 - torchtitan.trainer - INFO - Peak FLOPS used for computing MFU: 2.500e+15
[rank0]:[titan] 2026-09-21 13:52:49,296 - torchtitan.trainer - INFO - CUDA memory usage for model: 20.02GiB(7.24%)
[rank0]:[titan] 2026-09-21 13:52:49,305 - torchtitan.components.optimizer.optimizer - INFO - Optimizer AdamW (model_part=0): 1242 params [.*] {'fused': True, 'foreach': False, 'lr': 0.0008, 'betas': (0.9, 0.95), 'eps': 1e-08, 'weight_decay': 0.1}
[rank0]:[titan] 2026-09-21 13:52:49,311 - torchtitan.components.tokenizer - INFO - Loading tokenizer from tokenizer.json
[rank0]:[titan] 2026-09-21 13:52:49,455 - httpx - INFO - HTTP Request: HEAD https://s3.amazonaws.com/datasets.huggingface.co/datasets/datasets/json/json.py "HTTP/1.1 200 OK"
[rank0]:[titan] 2026-09-21 13:52:49,600 - torchtitan.protocols.state_dict_adapter - WARNING - model.safetensors.index.json not found at hf_assets_path: ./tests/assets/tokenizer/model.safetensors.index.json.                     Defaulting to saving a single safetensors file if checkpoint is saved in HF format
[rank0]:[titan] 2026-09-21 13:58:14,035 - torchtitan.observability.metrics - INFO - step:  6  loss:  9.19707  grad_norm: 25.7863  memory: 223.71GiB(80.91%)  tps: 5,800  tflops: 514.02  mfu: 20.56%
[rank0]:[titan] 2026-09-21 13:58:31,026 - torchtitan.observability.metrics - INFO - step:  7  loss:  7.21310  grad_norm: 22.9275  memory: 223.71GiB(80.91%)  tps: 5,786  tflops: 512.79  mfu: 20.51%
[rank0]:[titan] 2026-09-21 13:58:48,761 - torchtitan.observability.metrics - INFO - step:  8  loss:  5.69890  grad_norm: 33.2894  memory: 223.71GiB(80.91%)  tps: 5,543  tflops: 491.29  mfu: 19.65%
[rank0]:[titan] 2026-09-21 13:58:14,035 - torchtitan.observability.metrics - INFO - step:  6  loss:  9.19707  grad_norm: 25.7863  memory: 223.25GiB(80.74%)  tps: 5,800  tflops: 514.02  mfu: 20.56%
[rank0]:[titan] 2026-09-21 13:58:31,026 - torchtitan.observability.metrics - INFO - step:  7  loss:  7.21310  grad_norm: 22.9275  memory: 223.25GiB(80.74%)  tps: 5,786  tflops: 512.79  mfu: 20.51%
[rank0]:[titan] 2026-09-21 13:58:48,761 - torchtitan.observability.metrics - INFO - step:  8  loss:  5.69890  grad_norm: 33.2894  memory: 223.25GiB(80.74%)  tps: 5,543  tflops: 491.29  mfu: 19.65%
[rank0]:[titan] 2026-09-21 13:52:49,600 - torchtitan.components.checkpointer.base - WARNING - initial_load_model_only=True has no effect without an initial_load_path.
[rank0]:[titan] 2026-09-21 13:52:49,601 - torchtitan.trainer - INFO - Trainer is initialized with 98304 tokens per DP rank, 12582912 tokens per train step, gradient accumulation steps 1, maximum context length 8192, total steps 20 (warmup 2)
[rank0]:[titan] 2026-09-21 13:52:49,601 - torchtitan.trainer - INFO - Training starts at step 1
[rank0]:[titan] 2026-09-21 13:56:21,017 - torchtitan.observability.metrics - INFO - step:  1  loss: 11.94497  grad_norm: 12.8281  memory: 189.69GiB(68.60%)  tps: 405  tflops: 35.90  mfu: 1.44%
[rank0]:[titan] 2026-09-21 13:56:21,018 - torchtitan.distributed.utils - INFO - Synchronizing and adjusting timeout for all ProcessGroups to 0:01:40
[rank0]:[titan] 2026-09-21 13:59:06,045 - torchtitan.observability.metrics - INFO - step:  9  loss:  5.57768  grad_norm: 36.2332  memory: 223.71GiB(80.91%)  tps: 5,688  tflops: 504.11  mfu: 20.16%
[rank0]:[titan] 2026-09-21 13:59:23,040 - torchtitan.observability.metrics - INFO - step: 10  loss:  5.17134  grad_norm: 21.6903  memory: 223.71GiB(80.91%)  tps: 5,784  tflops: 512.67  mfu: 20.51%
[rank0]:[titan] 2026-09-21 13:59:40,056 - torchtitan.observability.metrics - INFO - step: 11  loss:  4.23557  grad_norm: 15.4323  memory: 223.71GiB(80.91%)  tps: 5,777  tflops: 512.03  mfu: 20.48%
[rank0]:[titan] 2026-09-21 13:59:06,044 - torchtitan.observability.metrics - INFO - step:  9  loss:  5.57768  grad_norm: 36.2332  memory: 223.25GiB(80.74%)  tps: 5,688  tflops: 504.11  mfu: 20.16%
[rank0]:[titan] 2026-09-21 13:59:23,040 - torchtitan.observability.metrics - INFO - step: 10  loss:  5.17134  grad_norm: 21.6903  memory: 223.25GiB(80.74%)  tps: 5,784  tflops: 512.67  mfu: 20.51%
[rank0]:[titan] 2026-09-21 13:59:40,056 - torchtitan.observability.metrics - INFO - step: 11  loss:  4.23557  grad_norm: 15.4323  memory: 223.25GiB(80.74%)  tps: 5,777  tflops: 512.03  mfu: 20.48%
[rank0]:[titan] 2026-09-21 13:57:03,163 - torchtitan.observability.metrics - INFO - step:  2  loss:  7.16887  grad_norm: 41.6928  memory: 222.64GiB(80.52%)  tps: 2,332  tflops: 206.73  mfu: 8.27%
[rank0]:[titan] 2026-09-21 13:57:22,526 - torchtitan.observability.metrics - INFO - step:  3  loss: 11.53709  grad_norm: 60.2704  memory: 222.64GiB(80.52%)  tps: 5,077  tflops: 449.98  mfu: 18.00%
[rank0]:[titan] 2026-09-21 13:57:39,890 - torchtitan.observability.metrics - INFO - step:  4  loss: 12.72228  grad_norm: 18.5279  memory: 222.64GiB(80.52%)  tps: 5,662  tflops: 501.80  mfu: 20.07%
[rank0]:[titan] 2026-09-21 13:59:57,012 - torchtitan.observability.metrics - INFO - step: 12  loss:  3.67102  grad_norm: 10.2990  memory: 223.71GiB(80.91%)  tps: 5,798  tflops: 513.84  mfu: 20.55%
[rank0]:[titan] 2026-09-21 14:00:13,935 - torchtitan.observability.metrics - INFO - step: 13  loss:  3.58123  grad_norm: 10.4357  memory: 223.71GiB(80.91%)  tps: 5,809  tflops: 514.87  mfu: 20.59%
[rank0]:[titan] 2026-09-21 14:00:30,809 - torchtitan.observability.metrics - INFO - step: 14  loss:  3.52114  grad_norm: 13.8853  memory: 223.71GiB(80.91%)  tps: 5,826  tflops: 516.35  mfu: 20.65%
[rank0]:[titan] 2026-09-21 13:59:57,013 - torchtitan.observability.metrics - INFO - step: 12  loss:  3.67102  grad_norm: 10.2990  memory: 223.25GiB(80.74%)  tps: 5,798  tflops: 513.84  mfu: 20.55%
[rank0]:[titan] 2026-09-21 14:00:13,935 - torchtitan.observability.metrics - INFO - step: 13  loss:  3.58123  grad_norm: 10.4357  memory: 223.25GiB(80.74%)  tps: 5,809  tflops: 514.87  mfu: 20.59%
[rank0]:[titan] 2026-09-21 14:00:30,810 - torchtitan.observability.metrics - INFO - step: 14  loss:  3.52114  grad_norm: 13.8853  memory: 223.25GiB(80.74%)  tps: 5,826  tflops: 516.34  mfu: 20.65%
[rank0]:[titan] 2026-09-21 13:52:49,818 - torchtitan.trainer - INFO - CUDA memory usage for model: 20.02GiB(7.24%)
[rank0]:[titan] 2026-09-21 13:52:49,826 - torchtitan.components.optimizer.optimizer - INFO - Optimizer AdamW (model_part=0): 1242 params [.*] {'fused': True, 'foreach': False, 'lr': 0.0008, 'betas': (0.9, 0.95), 'eps': 1e-08, 'weight_decay': 0.1}
[rank0]:[titan] 2026-09-21 13:52:49,833 - torchtitan.components.tokenizer - INFO - Loading tokenizer from tokenizer.json
[rank0]:[titan] 2026-09-21 13:52:49,986 - httpx - INFO - HTTP Request: HEAD https://s3.amazonaws.com/datasets.huggingface.co/datasets/datasets/json/json.py "HTTP/1.1 200 OK"
[rank0]:[titan] 2026-09-21 13:52:50,162 - torchtitan.protocols.state_dict_adapter - WARNING - model.safetensors.index.json not found at hf_assets_path: ./tests/assets/tokenizer/model.safetensors.index.json.                     Defaulting to saving a single safetensors file if checkpoint is saved in HF format
[rank0]:[titan] 2026-09-21 13:57:57,083 - torchtitan.observability.metrics - INFO - step:  5  loss: 10.46122  grad_norm: 35.3050  memory: 222.64GiB(80.52%)  tps: 5,718  tflops: 506.76  mfu: 20.27%
[rank0]:[titan] 2026-09-21 14:00:47,886 - torchtitan.observability.metrics - INFO - step: 15  loss:  3.30625  grad_norm:  6.9609  memory: 223.71GiB(80.91%)  tps: 5,757  tflops: 510.21  mfu: 20.41%
[rank0]:[titan] 2026-09-21 14:01:04,773 - torchtitan.observability.metrics - INFO - step: 16  loss:  3.28106  grad_norm: 10.4845  memory: 223.71GiB(80.91%)  tps: 5,822  tflops: 515.97  mfu: 20.64%
[rank0]:[titan] 2026-09-21 14:01:21,627 - torchtitan.observability.metrics - INFO - step: 17  loss:  3.20511  grad_norm: 10.0422  memory: 223.71GiB(80.91%)  tps: 5,833  tflops: 516.95  mfu: 20.68%
[rank0]:[titan] 2026-09-21 14:00:47,886 - torchtitan.observability.metrics - INFO - step: 15  loss:  3.30625  grad_norm:  6.9609  memory: 224.42GiB(81.16%)  tps: 5,757  tflops: 510.22  mfu: 20.41%
[rank0]:[titan] 2026-09-21 14:01:04,773 - torchtitan.observability.metrics - INFO - step: 16  loss:  3.28106  grad_norm: 10.4845  memory: 224.42GiB(81.16%)  tps: 5,822  tflops: 515.96  mfu: 20.64%
[rank0]:[titan] 2026-09-21 14:01:21,628 - torchtitan.observability.metrics - INFO - step: 17  loss:  3.20511  grad_norm: 10.0422  memory: 224.42GiB(81.16%)  tps: 5,833  tflops: 516.95  mfu: 20.68%
[rank0]:[titan] 2026-09-21 13:52:50,162 - torchtitan.components.checkpointer.base - WARNING - initial_load_model_only=True has no effect without an initial_load_path.
[rank0]:[titan] 2026-09-21 13:52:50,163 - torchtitan.trainer - INFO - Trainer is initialized with 98304 tokens per DP rank, 12582912 tokens per train step, gradient accumulation steps 1, maximum context length 8192, total steps 20 (warmup 2)
[rank0]:[titan] 2026-09-21 13:52:50,163 - torchtitan.trainer - INFO - Training starts at step 1
[rank0]:[titan] 2026-09-21 13:56:21,016 - torchtitan.observability.metrics - INFO - step:  1  loss: 11.94497  grad_norm: 12.8281  memory: 184.88GiB(66.86%)  tps: 405  tflops: 35.90  mfu: 1.44%
[rank0]:[titan] 2026-09-21 13:56:21,017 - torchtitan.distributed.utils - INFO - Synchronizing and adjusting timeout for all ProcessGroups to 0:01:40
[rank0]:[titan] 2026-09-21 13:58:14,033 - torchtitan.observability.metrics - INFO - step:  6  loss:  9.19707  grad_norm: 25.7863  memory: 223.40GiB(80.80%)  tps: 5,800  tflops: 514.02  mfu: 20.56%
[rank0]:[titan] 2026-09-21 13:58:31,025 - torchtitan.observability.metrics - INFO - step:  7  loss:  7.21310  grad_norm: 22.9275  memory: 223.40GiB(80.80%)  tps: 5,786  tflops: 512.79  mfu: 20.51%
[rank0]:[titan] 2026-09-21 13:58:48,759 - torchtitan.observability.metrics - INFO - step:  8  loss:  5.69890  grad_norm: 33.2894  memory: 223.40GiB(80.80%)  tps: 5,543  tflops: 491.29  mfu: 19.65%
[rank0]:[titan] 2026-09-21 14:01:38,473 - torchtitan.observability.metrics - INFO - step: 18  loss:  3.07286  grad_norm:  7.3977  memory: 223.71GiB(80.91%)  tps: 5,835  tflops: 517.20  mfu: 20.69%
[rank0]:[titan] 2026-09-21 14:01:55,327 - torchtitan.observability.metrics - INFO - step: 19  loss:  2.98416  grad_norm:  5.3227  memory: 224.14GiB(81.06%)  tps: 5,833  tflops: 516.98  mfu: 20.68%
[rank0]:[titan] 2026-09-21 14:02:12,222 - torchtitan.observability.metrics - INFO - step: 20  loss:  2.94270  grad_norm:  4.1520  memory: 224.14GiB(81.06%)  tps: 5,819  tflops: 515.71  mfu: 20.63%
[rank0]:[titan] 2026-09-21 14:02:12,222 - torchtitan.trainer - INFO - Training completed
[rank0]:[titan] 2026-09-21 14:02:14,195 - __main__ - INFO - Process group destroyed
[rank0]:[titan] 2026-09-21 14:01:38,474 - torchtitan.observability.metrics - INFO - step: 18  loss:  3.07286  grad_norm:  7.3977  memory: 224.42GiB(81.16%)  tps: 5,835  tflops: 517.20  mfu: 20.69%
[rank0]:[titan] 2026-09-21 14:01:55,327 - torchtitan.observability.metrics - INFO - step: 19  loss:  2.98416  grad_norm:  5.3227  memory: 224.42GiB(81.16%)  tps: 5,833  tflops: 516.98  mfu: 20.68%
[rank0]:[titan] 2026-09-21 14:02:12,223 - torchtitan.observability.metrics - INFO - step: 20  loss:  2.94270  grad_norm:  4.1520  memory: 224.42GiB(81.16%)  tps: 5,819  tflops: 515.70  mfu: 20.63%
[rank0]:[titan] 2026-09-21 14:02:12,223 - torchtitan.trainer - INFO - Training completed
[rank0]:[titan] 2026-09-21 14:02:14,755 - __main__ - INFO - Process group destroyed
[rank0]:[titan] 2026-09-21 13:57:03,162 - torchtitan.observability.metrics - INFO - step:  2  loss:  7.16887  grad_norm: 41.6928  memory: 217.39GiB(78.62%)  tps: 2,332  tflops: 206.73  mfu: 8.27%
[rank0]:[titan] 2026-09-21 13:57:22,525 - torchtitan.observability.metrics - INFO - step:  3  loss: 11.53709  grad_norm: 60.2704  memory: 220.16GiB(79.62%)  tps: 5,077  tflops: 449.98  mfu: 18.00%
[rank0]:[titan] 2026-09-21 13:57:39,889 - torchtitan.observability.metrics - INFO - step:  4  loss: 12.72228  grad_norm: 18.5279  memory: 220.16GiB(79.62%)  tps: 5,662  tflops: 501.79  mfu: 20.07%
[rank0]:[titan] 2026-09-21 13:59:06,043 - torchtitan.observability.metrics - INFO - step:  9  loss:  5.57768  grad_norm: 36.2332  memory: 223.71GiB(80.91%)  tps: 5,688  tflops: 504.11  mfu: 20.16%
[rank0]:[titan] 2026-09-21 13:59:23,038 - torchtitan.observability.metrics - INFO - step: 10  loss:  5.17134  grad_norm: 21.6903  memory: 223.71GiB(80.91%)  tps: 5,784  tflops: 512.67  mfu: 20.51%
[rank0]:[titan] 2026-09-21 13:59:40,055 - torchtitan.observability.metrics - INFO - step: 11  loss:  4.23557  grad_norm: 15.4323  memory: 223.71GiB(80.91%)  tps: 5,777  tflops: 512.03  mfu: 20.48%
[rank0]:[titan] 2026-09-21 13:57:57,082 - torchtitan.observability.metrics - INFO - step:  5  loss: 10.46122  grad_norm: 35.3050  memory: 220.16GiB(79.62%)  tps: 5,718  tflops: 506.76  mfu: 20.27%
[rank0]:[titan] 2026-09-21 13:59:57,011 - torchtitan.observability.metrics - INFO - step: 12  loss:  3.67102  grad_norm: 10.2990  memory: 223.71GiB(80.91%)  tps: 5,798  tflops: 513.84  mfu: 20.55%
[rank0]:[titan] 2026-09-21 14:00:13,934 - torchtitan.observability.metrics - INFO - step: 13  loss:  3.58123  grad_norm: 10.4357  memory: 223.71GiB(80.91%)  tps: 5,809  tflops: 514.87  mfu: 20.59%
[rank0]:[titan] 2026-09-21 14:00:30,808 - torchtitan.observability.metrics - INFO - step: 14  loss:  3.52114  grad_norm: 13.8853  memory: 223.71GiB(80.91%)  tps: 5,826  tflops: 516.34  mfu: 20.65%
[rank0]:[titan] 2026-09-21 13:58:14,032 - torchtitan.observability.metrics - INFO - step:  6  loss:  9.19707  grad_norm: 25.7863  memory: 220.16GiB(79.62%)  tps: 5,800  tflops: 514.02  mfu: 20.56%
[rank0]:[titan] 2026-09-21 13:58:31,024 - torchtitan.observability.metrics - INFO - step:  7  loss:  7.21310  grad_norm: 22.9275  memory: 220.16GiB(79.62%)  tps: 5,786  tflops: 512.79  mfu: 20.51%
[rank0]:[titan] 2026-09-21 13:58:48,758 - torchtitan.observability.metrics - INFO - step:  8  loss:  5.69890  grad_norm: 33.2894  memory: 220.77GiB(79.84%)  tps: 5,543  tflops: 491.29  mfu: 19.65%
[rank0]:[titan] 2026-09-21 13:52:33,879 - torchtitan.distributed.fsdp - INFO - fsdp dense-never: layer 40 experts sharded separately (reshard=True), dense params kept unsharded (reshard=False)
[rank0]:[titan] 2026-09-21 13:52:33,901 - torchtitan.distributed.fsdp - INFO - fsdp dense-never: layer 41 experts sharded separately (reshard=True), dense params kept unsharded (reshard=False)
[rank0]:[titan] 2026-09-21 13:52:33,918 - torchtitan.distributed.fsdp - INFO - fsdp dense-never: layer 42 experts sharded separately (reshard=True), dense params kept unsharded (reshard=False)
[rank0]:[titan] 2026-09-21 13:52:33,972 - torchtitan.distributed.fsdp - INFO - Applied HSDP to the model
[rank0]:[titan] 2026-09-21 13:52:33,974 - torchtitan.models.deepseek_v3.parallelize - INFO - block-input offload: wrapped 43 decoder blocks
[rank0]:[titan] 2026-09-21 13:52:49,812 - torchtitan.trainer - INFO - Peak FLOPS used for computing MFU: 2.500e+15
[rank0]:[titan] 2026-09-21 14:00:47,885 - torchtitan.observability.metrics - INFO - step: 15  loss:  3.30625  grad_norm:  6.9609  memory: 223.71GiB(80.91%)  tps: 5,757  tflops: 510.21  mfu: 20.41%
[rank0]:[titan] 2026-09-21 14:01:04,772 - torchtitan.observability.metrics - INFO - step: 16  loss:  3.28106  grad_norm: 10.4845  memory: 223.71GiB(80.91%)  tps: 5,822  tflops: 515.97  mfu: 20.64%
[rank0]:[titan] 2026-09-21 14:01:21,626 - torchtitan.observability.metrics - INFO - step: 17  loss:  3.20511  grad_norm: 10.0422  memory: 223.71GiB(80.91%)  tps: 5,833  tflops: 516.95  mfu: 20.68%
[rank0]:[titan] 2026-09-21 13:59:06,042 - torchtitan.observability.metrics - INFO - step:  9  loss:  5.57768  grad_norm: 36.2332  memory: 220.77GiB(79.84%)  tps: 5,688  tflops: 504.11  mfu: 20.16%
[rank0]:[titan] 2026-09-21 13:59:23,037 - torchtitan.observability.metrics - INFO - step: 10  loss:  5.17134  grad_norm: 21.6903  memory: 220.77GiB(79.84%)  tps: 5,784  tflops: 512.67  mfu: 20.51%
[rank0]:[titan] 2026-09-21 13:59:40,053 - torchtitan.observability.metrics - INFO - step: 11  loss:  4.23557  grad_norm: 15.4323  memory: 220.77GiB(79.84%)  tps: 5,777  tflops: 512.03  mfu: 20.48%
[rank0]:[titan] 2026-09-21 14:01:38,472 - torchtitan.observability.metrics - INFO - step: 18  loss:  3.07286  grad_norm:  7.3977  memory: 223.71GiB(80.91%)  tps: 5,835  tflops: 517.20  mfu: 20.69%
[rank0]:[titan] 2026-09-21 14:01:55,326 - torchtitan.observability.metrics - INFO - step: 19  loss:  2.98416  grad_norm:  5.3227  memory: 223.71GiB(80.91%)  tps: 5,833  tflops: 516.98  mfu: 20.68%
[rank0]:[titan] 2026-09-21 14:02:12,221 - torchtitan.observability.metrics - INFO - step: 20  loss:  2.94270  grad_norm:  4.1520  memory: 223.71GiB(80.91%)  tps: 5,819  tflops: 515.70  mfu: 20.63%
[rank0]:[titan] 2026-09-21 14:02:12,222 - torchtitan.trainer - INFO - Training completed
[rank0]:[titan] 2026-09-21 14:02:14,757 - __main__ - INFO - Process group destroyed
[rank0]:[titan] 2026-09-21 13:59:57,010 - torchtitan.observability.metrics - INFO - step: 12  loss:  3.67102  grad_norm: 10.2990  memory: 220.77GiB(79.84%)  tps: 5,798  tflops: 513.84  mfu: 20.55%
[rank0]:[titan] 2026-09-21 14:00:13,933 - torchtitan.observability.metrics - INFO - step: 13  loss:  3.58123  grad_norm: 10.4357  memory: 220.77GiB(79.84%)  tps: 5,809  tflops: 514.87  mfu: 20.59%
[rank0]:[titan] 2026-09-21 14:00:30,807 - torchtitan.observability.metrics - INFO - step: 14  loss:  3.52114  grad_norm: 13.8853  memory: 220.77GiB(79.84%)  tps: 5,826  tflops: 516.34  mfu: 20.65%
[rank0]:[titan] 2026-09-21 14:00:47,884 - torchtitan.observability.metrics - INFO - step: 15  loss:  3.30625  grad_norm:  6.9609  memory: 220.77GiB(79.84%)  tps: 5,757  tflops: 510.21  mfu: 20.41%
[rank0]:[titan] 2026-09-21 14:01:04,770 - torchtitan.observability.metrics - INFO - step: 16  loss:  3.28106  grad_norm: 10.4845  memory: 220.79GiB(79.85%)  tps: 5,822  tflops: 515.97  mfu: 20.64%
[rank0]:[titan] 2026-09-21 14:01:21,625 - torchtitan.observability.metrics - INFO - step: 17  loss:  3.20511  grad_norm: 10.0422  memory: 223.71GiB(80.91%)  tps: 5,833  tflops: 516.95  mfu: 20.68%
[rank0]:[titan] 2026-09-21 14:01:38,471 - torchtitan.observability.metrics - INFO - step: 18  loss:  3.07286  grad_norm:  7.3977  memory: 223.71GiB(80.91%)  tps: 5,835  tflops: 517.20  mfu: 20.69%
[rank0]:[titan] 2026-09-21 14:01:55,325 - torchtitan.observability.metrics - INFO - step: 19  loss:  2.98416  grad_norm:  5.3227  memory: 223.71GiB(80.91%)  tps: 5,833  tflops: 516.98  mfu: 20.68%
[rank0]:[titan] 2026-09-21 14:02:12,220 - torchtitan.observability.metrics - INFO - step: 20  loss:  2.94270  grad_norm:  4.1520  memory: 223.71GiB(80.91%)  tps: 5,819  tflops: 515.70  mfu: 20.63%
[rank0]:[titan] 2026-09-21 14:02:12,220 - torchtitan.trainer - INFO - Training completed
[rank0]:[titan] 2026-09-21 14:02:14,726 - __main__ - INFO - Process group destroyed
[rank0]:[titan] 2026-09-21 13:52:49,813 - torchtitan.trainer - INFO - CUDA memory usage for model: 20.02GiB(7.24%)
[rank0]:[titan] 2026-09-21 13:52:49,819 - torchtitan.components.optimizer.optimizer - INFO - Optimizer AdamW (model_part=0): 1242 params [.*] {'fused': True, 'foreach': False, 'lr': 0.0008, 'betas': (0.9, 0.95), 'eps': 1e-08, 'weight_decay': 0.1}
[rank0]:[titan] 2026-09-21 13:52:49,826 - torchtitan.components.tokenizer - INFO - Loading tokenizer from tokenizer.json
[rank0]:[titan] 2026-09-21 13:52:49,925 - httpx - INFO - HTTP Request: HEAD https://s3.amazonaws.com/datasets.huggingface.co/datasets/datasets/json/json.py "HTTP/1.1 200 OK"
[rank0]:[titan] 2026-09-21 13:52:50,069 - torchtitan.protocols.state_dict_adapter - WARNING - model.safetensors.index.json not found at hf_assets_path: ./tests/assets/tokenizer/model.safetensors.index.json.                     Defaulting to saving a single safetensors file if checkpoint is saved in HF format
[rank0]:[titan] 2026-09-21 13:52:34,072 - torchtitan.distributed.fsdp - INFO - fsdp dense-never: layer 40 experts sharded separately (reshard=True), dense params kept unsharded (reshard=False)
[rank0]:[titan] 2026-09-21 13:52:34,095 - torchtitan.distributed.fsdp - INFO - fsdp dense-never: layer 41 experts sharded separately (reshard=True), dense params kept unsharded (reshard=False)
[rank0]:[titan] 2026-09-21 13:52:34,114 - torchtitan.distributed.fsdp - INFO - fsdp dense-never: layer 42 experts sharded separately (reshard=True), dense params kept unsharded (reshard=False)
[rank0]:[titan] 2026-09-21 13:52:34,172 - torchtitan.distributed.fsdp - INFO - Applied HSDP to the model
[rank0]:[titan] 2026-09-21 13:52:34,174 - torchtitan.models.deepseek_v3.parallelize - INFO - block-input offload: wrapped 43 decoder blocks
[rank0]:[titan] 2026-09-21 13:52:50,195 - torchtitan.trainer - INFO - Peak FLOPS used for computing MFU: 2.500e+15
[rank0]:[titan] 2026-09-21 13:52:50,069 - torchtitan.components.checkpointer.base - WARNING - initial_load_model_only=True has no effect without an initial_load_path.
[rank0]:[titan] 2026-09-21 13:52:50,069 - torchtitan.trainer - INFO - Trainer is initialized with 98304 tokens per DP rank, 12582912 tokens per train step, gradient accumulation steps 1, maximum context length 8192, total steps 20 (warmup 2)
[rank0]:[titan] 2026-09-21 13:52:50,070 - torchtitan.trainer - INFO - Training starts at step 1
[rank0]:[titan] 2026-09-21 13:56:21,017 - torchtitan.observability.metrics - INFO - step:  1  loss: 11.94497  grad_norm: 12.8281  memory: 187.38GiB(67.77%)  tps: 402  tflops: 35.67  mfu: 1.43%
[rank0]:[titan] 2026-09-21 13:56:21,017 - torchtitan.distributed.utils - INFO - Synchronizing and adjusting timeout for all ProcessGroups to 0:01:40
[rank0]:[titan] 2026-09-21 13:57:03,163 - torchtitan.observability.metrics - INFO - step:  2  loss:  7.16887  grad_norm: 41.6928  memory: 221.66GiB(80.17%)  tps: 2,332  tflops: 206.73  mfu: 8.27%
[rank0]:[titan] 2026-09-21 13:57:22,526 - torchtitan.observability.metrics - INFO - step:  3  loss: 11.53709  grad_norm: 60.2704  memory: 221.66GiB(80.17%)  tps: 5,077  tflops: 449.99  mfu: 18.00%
[rank0]:[titan] 2026-09-21 13:57:39,889 - torchtitan.observability.metrics - INFO - step:  4  loss: 12.72228  grad_norm: 18.5279  memory: 221.66GiB(80.17%)  tps: 5,662  tflops: 501.80  mfu: 20.07%
[rank0]:[titan] 2026-09-21 13:57:57,083 - torchtitan.observability.metrics - INFO - step:  5  loss: 10.46122  grad_norm: 35.3050  memory: 221.66GiB(80.17%)  tps: 5,718  tflops: 506.77  mfu: 20.27%
[rank0]:[titan] 2026-09-21 13:52:33,919 - torchtitan.distributed.fsdp - INFO - fsdp dense-never: layer 40 experts sharded separately (reshard=True), dense params kept unsharded (reshard=False)
[rank0]:[titan] 2026-09-21 13:52:33,940 - torchtitan.distributed.fsdp - INFO - fsdp dense-never: layer 41 experts sharded separately (reshard=True), dense params kept unsharded (reshard=False)
[rank0]:[titan] 2026-09-21 13:52:33,958 - torchtitan.distributed.fsdp - INFO - fsdp dense-never: layer 42 experts sharded separately (reshard=True), dense params kept unsharded (reshard=False)
[rank0]:[titan] 2026-09-21 13:52:34,012 - torchtitan.distributed.fsdp - INFO - Applied HSDP to the model
[rank0]:[titan] 2026-09-21 13:52:34,014 - torchtitan.models.deepseek_v3.parallelize - INFO - block-input offload: wrapped 43 decoder blocks
[rank0]:[titan] 2026-09-21 13:52:50,198 - torchtitan.trainer - INFO - Peak FLOPS used for computing MFU: 2.500e+15
[rank0]:[titan] 2026-09-21 13:58:14,033 - torchtitan.observability.metrics - INFO - step:  6  loss:  9.19707  grad_norm: 25.7863  memory: 224.36GiB(81.14%)  tps: 5,800  tflops: 514.02  mfu: 20.56%
[rank0]:[titan] 2026-09-21 13:58:31,024 - torchtitan.observability.metrics - INFO - step:  7  loss:  7.21310  grad_norm: 22.9275  memory: 224.36GiB(81.14%)  tps: 5,786  tflops: 512.79  mfu: 20.51%
[rank0]:[titan] 2026-09-21 13:58:48,759 - torchtitan.observability.metrics - INFO - step:  8  loss:  5.69890  grad_norm: 33.2894  memory: 224.36GiB(81.14%)  tps: 5,543  tflops: 491.29  mfu: 19.65%
[rank0]:[titan] 2026-09-21 13:52:34,893 - torchtitan.distributed.fsdp - INFO - fsdp dense-never: layer 40 experts sharded separately (reshard=True), dense params kept unsharded (reshard=False)
[rank0]:[titan] 2026-09-21 13:52:34,914 - torchtitan.distributed.fsdp - INFO - fsdp dense-never: layer 41 experts sharded separately (reshard=True), dense params kept unsharded (reshard=False)
[rank0]:[titan] 2026-09-21 13:52:34,932 - torchtitan.distributed.fsdp - INFO - fsdp dense-never: layer 42 experts sharded separately (reshard=True), dense params kept unsharded (reshard=False)
[rank0]:[titan] 2026-09-21 13:52:34,986 - torchtitan.distributed.fsdp - INFO - Applied HSDP to the model
[rank0]:[titan] 2026-09-21 13:52:34,988 - torchtitan.models.deepseek_v3.parallelize - INFO - block-input offload: wrapped 43 decoder blocks
[rank0]:[titan] 2026-09-21 13:52:49,813 - torchtitan.trainer - INFO - Peak FLOPS used for computing MFU: 2.500e+15
[rank0]:[titan] 2026-09-21 13:59:06,043 - torchtitan.observability.metrics - INFO - step:  9  loss:  5.57768  grad_norm: 36.2332  memory: 224.36GiB(81.14%)  tps: 5,688  tflops: 504.11  mfu: 20.16%
[rank0]:[titan] 2026-09-21 13:59:23,038 - torchtitan.observability.metrics - INFO - step: 10  loss:  5.17134  grad_norm: 21.6903  memory: 224.36GiB(81.14%)  tps: 5,784  tflops: 512.67  mfu: 20.51%
[rank0]:[titan] 2026-09-21 13:59:40,054 - torchtitan.observability.metrics - INFO - step: 11  loss:  4.23557  grad_norm: 15.4323  memory: 224.36GiB(81.14%)  tps: 5,777  tflops: 512.03  mfu: 20.48%
[rank0]:[titan] 2026-09-21 13:52:50,195 - torchtitan.trainer - INFO - CUDA memory usage for model: 20.02GiB(7.24%)
[rank0]:[titan] 2026-09-21 13:52:50,202 - torchtitan.components.optimizer.optimizer - INFO - Optimizer AdamW (model_part=0): 1242 params [.*] {'fused': True, 'foreach': False, 'lr': 0.0008, 'betas': (0.9, 0.95), 'eps': 1e-08, 'weight_decay': 0.1}
[rank0]:[titan] 2026-09-21 13:52:50,208 - torchtitan.components.tokenizer - INFO - Loading tokenizer from tokenizer.json
[rank0]:[titan] 2026-09-21 13:52:50,325 - httpx - INFO - HTTP Request: HEAD https://s3.amazonaws.com/datasets.huggingface.co/datasets/datasets/json/json.py "HTTP/1.1 200 OK"
[rank0]:[titan] 2026-09-21 13:52:50,461 - torchtitan.protocols.state_dict_adapter - WARNING - model.safetensors.index.json not found at hf_assets_path: ./tests/assets/tokenizer/model.safetensors.index.json.                     Defaulting to saving a single safetensors file if checkpoint is saved in HF format
[rank0]:[titan] 2026-09-21 13:59:57,011 - torchtitan.observability.metrics - INFO - step: 12  loss:  3.67102  grad_norm: 10.2990  memory: 224.36GiB(81.14%)  tps: 5,798  tflops: 513.84  mfu: 20.55%
[rank0]:[titan] 2026-09-21 14:00:13,933 - torchtitan.observability.metrics - INFO - step: 13  loss:  3.58123  grad_norm: 10.4357  memory: 224.36GiB(81.14%)  tps: 5,809  tflops: 514.87  mfu: 20.59%
[rank0]:[titan] 2026-09-21 14:00:30,808 - torchtitan.observability.metrics - INFO - step: 14  loss:  3.52114  grad_norm: 13.8853  memory: 224.36GiB(81.14%)  tps: 5,826  tflops: 516.34  mfu: 20.65%
[rank0]:[titan] 2026-09-21 13:52:50,461 - torchtitan.components.checkpointer.base - WARNING - initial_load_model_only=True has no effect without an initial_load_path.
[rank0]:[titan] 2026-09-21 13:52:50,462 - torchtitan.trainer - INFO - Trainer is initialized with 98304 tokens per DP rank, 12582912 tokens per train step, gradient accumulation steps 1, maximum context length 8192, total steps 20 (warmup 2)
[rank0]:[titan] 2026-09-21 13:52:50,462 - torchtitan.trainer - INFO - Training starts at step 1
[rank0]:[titan] 2026-09-21 13:56:21,016 - torchtitan.observability.metrics - INFO - step:  1  loss: 11.94497  grad_norm: 12.8281  memory: 189.69GiB(68.60%)  tps: 402  tflops: 35.67  mfu: 1.43%
[rank0]:[titan] 2026-09-21 13:56:21,016 - torchtitan.distributed.utils - INFO - Synchronizing and adjusting timeout for all ProcessGroups to 0:01:40
[rank0]:[titan] 2026-09-21 14:00:47,885 - torchtitan.observability.metrics - INFO - step: 15  loss:  3.30625  grad_norm:  6.9609  memory: 224.65GiB(81.25%)  tps: 5,757  tflops: 510.21  mfu: 20.41%
[rank0]:[titan] 2026-09-21 14:01:04,771 - torchtitan.observability.metrics - INFO - step: 16  loss:  3.28106  grad_norm: 10.4845  memory: 224.65GiB(81.25%)  tps: 5,822  tflops: 515.96  mfu: 20.64%
[rank0]:[titan] 2026-09-21 14:01:21,626 - torchtitan.observability.metrics - INFO - step: 17  loss:  3.20511  grad_norm: 10.0422  memory: 224.65GiB(81.25%)  tps: 5,833  tflops: 516.95  mfu: 20.68%
[rank0]:[titan] 2026-09-21 13:57:03,162 - torchtitan.observability.metrics - INFO - step:  2  loss:  7.16887  grad_norm: 41.6928  memory: 214.71GiB(77.65%)  tps: 2,332  tflops: 206.73  mfu: 8.27%
[rank0]:[titan] 2026-09-21 13:57:22,525 - torchtitan.observability.metrics - INFO - step:  3  loss: 11.53709  grad_norm: 60.2704  memory: 219.91GiB(79.53%)  tps: 5,077  tflops: 449.98  mfu: 18.00%
[rank0]:[titan] 2026-09-21 13:57:39,888 - torchtitan.observability.metrics - INFO - step:  4  loss: 12.72228  grad_norm: 18.5279  memory: 220.18GiB(79.63%)  tps: 5,662  tflops: 501.79  mfu: 20.07%
[rank0]:[titan] 2026-09-21 13:52:50,198 - torchtitan.trainer - INFO - CUDA memory usage for model: 20.02GiB(7.24%)
[rank0]:[titan] 2026-09-21 13:52:50,205 - torchtitan.components.optimizer.optimizer - INFO - Optimizer AdamW (model_part=0): 1242 params [.*] {'fused': True, 'foreach': False, 'lr': 0.0008, 'betas': (0.9, 0.95), 'eps': 1e-08, 'weight_decay': 0.1}
[rank0]:[titan] 2026-09-21 13:52:50,211 - torchtitan.components.tokenizer - INFO - Loading tokenizer from tokenizer.json
[rank0]:[titan] 2026-09-21 13:52:50,339 - httpx - INFO - HTTP Request: HEAD https://s3.amazonaws.com/datasets.huggingface.co/datasets/datasets/json/json.py "HTTP/1.1 200 OK"
[rank0]:[titan] 2026-09-21 13:52:50,533 - torchtitan.protocols.state_dict_adapter - WARNING - model.safetensors.index.json not found at hf_assets_path: ./tests/assets/tokenizer/model.safetensors.index.json.                     Defaulting to saving a single safetensors file if checkpoint is saved in HF format
[rank0]:[titan] 2026-09-21 14:01:38,472 - torchtitan.observability.metrics - INFO - step: 18  loss:  3.07286  grad_norm:  7.3977  memory: 224.65GiB(81.25%)  tps: 5,835  tflops: 517.20  mfu: 20.69%
[rank0]:[titan] 2026-09-21 14:01:55,325 - torchtitan.observability.metrics - INFO - step: 19  loss:  2.98416  grad_norm:  5.3227  memory: 224.65GiB(81.25%)  tps: 5,833  tflops: 516.98  mfu: 20.68%
[rank0]:[titan] 2026-09-21 14:02:12,221 - torchtitan.observability.metrics - INFO - step: 20  loss:  2.94270  grad_norm:  4.1520  memory: 224.65GiB(81.25%)  tps: 5,819  tflops: 515.70  mfu: 20.63%
[rank0]:[titan] 2026-09-21 14:02:12,221 - torchtitan.trainer - INFO - Training completed
[rank0]:[titan] 2026-09-21 14:02:14,671 - __main__ - INFO - Process group destroyed
[rank0]:[titan] 2026-09-21 13:57:57,082 - torchtitan.observability.metrics - INFO - step:  5  loss: 10.46122  grad_norm: 35.3050  memory: 222.21GiB(80.37%)  tps: 5,718  tflops: 506.76  mfu: 20.27%
[rank0]:[titan] 2026-09-21 13:52:50,533 - torchtitan.components.checkpointer.base - WARNING - initial_load_model_only=True has no effect without an initial_load_path.
[rank0]:[titan] 2026-09-21 13:52:50,533 - torchtitan.trainer - INFO - Trainer is initialized with 98304 tokens per DP rank, 12582912 tokens per train step, gradient accumulation steps 1, maximum context length 8192, total steps 20 (warmup 2)
[rank0]:[titan] 2026-09-21 13:52:50,533 - torchtitan.trainer - INFO - Training starts at step 1
[rank0]:[titan] 2026-09-21 13:56:21,018 - torchtitan.observability.metrics - INFO - step:  1  loss: 11.94497  grad_norm: 12.8281  memory: 186.34GiB(67.39%)  tps: 402  tflops: 35.66  mfu: 1.43%
[rank0]:[titan] 2026-09-21 13:56:21,018 - torchtitan.distributed.utils - INFO - Synchronizing and adjusting timeout for all ProcessGroups to 0:01:40
[rank0]:[titan] 2026-09-21 13:52:49,813 - torchtitan.trainer - INFO - CUDA memory usage for model: 20.02GiB(7.24%)
[rank0]:[titan] 2026-09-21 13:52:49,820 - torchtitan.components.optimizer.optimizer - INFO - Optimizer AdamW (model_part=0): 1242 params [.*] {'fused': True, 'foreach': False, 'lr': 0.0008, 'betas': (0.9, 0.95), 'eps': 1e-08, 'weight_decay': 0.1}
[rank0]:[titan] 2026-09-21 13:52:49,826 - torchtitan.components.tokenizer - INFO - Loading tokenizer from tokenizer.json
[rank0]:[titan] 2026-09-21 13:52:49,949 - httpx - INFO - HTTP Request: HEAD https://s3.amazonaws.com/datasets.huggingface.co/datasets/datasets/json/json.py "HTTP/1.1 200 OK"
[rank0]:[titan] 2026-09-21 13:52:50,090 - torchtitan.protocols.state_dict_adapter - WARNING - model.safetensors.index.json not found at hf_assets_path: ./tests/assets/tokenizer/model.safetensors.index.json.                     Defaulting to saving a single safetensors file if checkpoint is saved in HF format
[rank0]:[titan] 2026-09-21 13:58:14,033 - torchtitan.observability.metrics - INFO - step:  6  loss:  9.19707  grad_norm: 25.7863  memory: 222.21GiB(80.37%)  tps: 5,800  tflops: 514.01  mfu: 20.56%
[rank0]:[titan] 2026-09-21 13:58:31,023 - torchtitan.observability.metrics - INFO - step:  7  loss:  7.21310  grad_norm: 22.9275  memory: 222.21GiB(80.37%)  tps: 5,786  tflops: 512.81  mfu: 20.51%
[rank0]:[titan] 2026-09-21 13:58:48,758 - torchtitan.observability.metrics - INFO - step:  8  loss:  5.69890  grad_norm: 33.2894  memory: 222.21GiB(80.37%)  tps: 5,543  tflops: 491.29  mfu: 19.65%
[rank0]:[titan] 2026-09-21 13:52:34,507 - torchtitan.distributed.fsdp - INFO - fsdp dense-never: layer 40 experts sharded separately (reshard=True), dense params kept unsharded (reshard=False)
[rank0]:[titan] 2026-09-21 13:52:34,537 - torchtitan.distributed.fsdp - INFO - fsdp dense-never: layer 41 experts sharded separately (reshard=True), dense params kept unsharded (reshard=False)
[rank0]:[titan] 2026-09-21 13:52:34,559 - torchtitan.distributed.fsdp - INFO - fsdp dense-never: layer 42 experts sharded separately (reshard=True), dense params kept unsharded (reshard=False)
[rank0]:[titan] 2026-09-21 13:52:34,624 - torchtitan.distributed.fsdp - INFO - Applied HSDP to the model
[rank0]:[titan] 2026-09-21 13:52:34,627 - torchtitan.models.deepseek_v3.parallelize - INFO - block-input offload: wrapped 43 decoder blocks
[rank0]:[titan] 2026-09-21 13:52:50,198 - torchtitan.trainer - INFO - Peak FLOPS used for computing MFU: 2.500e+15
[rank0]:[titan] 2026-09-21 13:57:03,164 - torchtitan.observability.metrics - INFO - step:  2  loss:  7.16887  grad_norm: 41.6928  memory: 220.19GiB(79.64%)  tps: 2,332  tflops: 206.73  mfu: 8.27%
[rank0]:[titan] 2026-09-21 13:57:22,527 - torchtitan.observability.metrics - INFO - step:  3  loss: 11.53709  grad_norm: 60.2704  memory: 220.19GiB(79.64%)  tps: 5,077  tflops: 449.98  mfu: 18.00%
[rank0]:[titan] 2026-09-21 13:57:39,890 - torchtitan.observability.metrics - INFO - step:  4  loss: 12.72228  grad_norm: 18.5279  memory: 220.19GiB(79.64%)  tps: 5,662  tflops: 501.79  mfu: 20.07%
[rank0]:[titan] 2026-09-21 13:52:50,090 - torchtitan.components.checkpointer.base - WARNING - initial_load_model_only=True has no effect without an initial_load_path.
[rank0]:[titan] 2026-09-21 13:52:50,090 - torchtitan.trainer - INFO - Trainer is initialized with 98304 tokens per DP rank, 12582912 tokens per train step, gradient accumulation steps 1, maximum context length 8192, total steps 20 (warmup 2)
[rank0]:[titan] 2026-09-21 13:52:50,090 - torchtitan.trainer - INFO - Training starts at step 1
[rank0]:[titan] 2026-09-21 13:56:21,017 - torchtitan.observability.metrics - INFO - step:  1  loss: 11.94497  grad_norm: 12.8281  memory: 187.38GiB(67.77%)  tps: 402  tflops: 35.67  mfu: 1.43%
[rank0]:[titan] 2026-09-21 13:56:21,018 - torchtitan.distributed.utils - INFO - Synchronizing and adjusting timeout for all ProcessGroups to 0:01:40
[rank0]:[titan] 2026-09-21 13:59:06,042 - torchtitan.observability.metrics - INFO - step:  9  loss:  5.57768  grad_norm: 36.2332  memory: 222.21GiB(80.37%)  tps: 5,688  tflops: 504.11  mfu: 20.16%
[rank0]:[titan] 2026-09-21 13:59:23,037 - torchtitan.observability.metrics - INFO - step: 10  loss:  5.17134  grad_norm: 21.6903  memory: 223.21GiB(80.73%)  tps: 5,784  tflops: 512.68  mfu: 20.51%
[rank0]:[titan] 2026-09-21 13:59:40,053 - torchtitan.observability.metrics - INFO - step: 11  loss:  4.23557  grad_norm: 15.4323  memory: 223.21GiB(80.73%)  tps: 5,777  tflops: 512.03  mfu: 20.48%
[rank0]:[titan] 2026-09-21 13:57:57,084 - torchtitan.observability.metrics - INFO - step:  5  loss: 10.46122  grad_norm: 35.3050  memory: 220.19GiB(79.64%)  tps: 5,718  tflops: 506.76  mfu: 20.27%
[rank0]:[titan] 2026-09-21 13:57:03,164 - torchtitan.observability.metrics - INFO - step:  2  loss:  7.16887  grad_norm: 41.6928  memory: 216.44GiB(78.28%)  tps: 2,332  tflops: 206.73  mfu: 8.27%
[rank0]:[titan] 2026-09-21 13:57:22,527 - torchtitan.observability.metrics - INFO - step:  3  loss: 11.53709  grad_norm: 60.2704  memory: 221.68GiB(80.17%)  tps: 5,077  tflops: 449.98  mfu: 18.00%
[rank0]:[titan] 2026-09-21 13:57:39,890 - torchtitan.observability.metrics - INFO - step:  4  loss: 12.72228  grad_norm: 18.5279  memory: 221.68GiB(80.17%)  tps: 5,662  tflops: 501.79  mfu: 20.07%
[rank0]:[titan] 2026-09-21 13:52:33,664 - torchtitan.distributed.fsdp - INFO - fsdp dense-never: layer 40 experts sharded separately (reshard=True), dense params kept unsharded (reshard=False)
[rank0]:[titan] 2026-09-21 13:52:33,688 - torchtitan.distributed.fsdp - INFO - fsdp dense-never: layer 41 experts sharded separately (reshard=True), dense params kept unsharded (reshard=False)
[rank0]:[titan] 2026-09-21 13:52:33,709 - torchtitan.distributed.fsdp - INFO - fsdp dense-never: layer 42 experts sharded separately (reshard=True), dense params kept unsharded (reshard=False)
[rank0]:[titan] 2026-09-21 13:52:33,767 - torchtitan.distributed.fsdp - INFO - Applied HSDP to the model
[rank0]:[titan] 2026-09-21 13:52:33,770 - torchtitan.models.deepseek_v3.parallelize - INFO - block-input offload: wrapped 43 decoder blocks
[rank0]:[titan] 2026-09-21 13:52:49,813 - torchtitan.trainer - INFO - Peak FLOPS used for computing MFU: 2.500e+15
[rank0]:[titan] 2026-09-21 13:59:57,010 - torchtitan.observability.metrics - INFO - step: 12  loss:  3.67102  grad_norm: 10.2990  memory: 223.21GiB(80.73%)  tps: 5,798  tflops: 513.84  mfu: 20.55%
[rank0]:[titan] 2026-09-21 14:00:13,932 - torchtitan.observability.metrics - INFO - step: 13  loss:  3.58123  grad_norm: 10.4357  memory: 223.21GiB(80.73%)  tps: 5,809  tflops: 514.87  mfu: 20.59%
[rank0]:[titan] 2026-09-21 14:00:30,807 - torchtitan.observability.metrics - INFO - step: 14  loss:  3.52114  grad_norm: 13.8853  memory: 223.21GiB(80.73%)  tps: 5,826  tflops: 516.34  mfu: 20.65%
[rank0]:[titan] 2026-09-21 13:52:50,199 - torchtitan.trainer - INFO - CUDA memory usage for model: 20.02GiB(7.24%)
[rank0]:[titan] 2026-09-21 13:52:50,207 - torchtitan.components.optimizer.optimizer - INFO - Optimizer AdamW (model_part=0): 1242 params [.*] {'fused': True, 'foreach': False, 'lr': 0.0008, 'betas': (0.9, 0.95), 'eps': 1e-08, 'weight_decay': 0.1}
[rank0]:[titan] 2026-09-21 13:52:50,214 - torchtitan.components.tokenizer - INFO - Loading tokenizer from tokenizer.json
[rank0]:[titan] 2026-09-21 13:52:50,369 - httpx - INFO - HTTP Request: HEAD https://s3.amazonaws.com/datasets.huggingface.co/datasets/datasets/json/json.py "HTTP/1.1 200 OK"
[rank0]:[titan] 2026-09-21 13:52:50,522 - torchtitan.protocols.state_dict_adapter - WARNING - model.safetensors.index.json not found at hf_assets_path: ./tests/assets/tokenizer/model.safetensors.index.json.                     Defaulting to saving a single safetensors file if checkpoint is saved in HF format
[rank0]:[titan] 2026-09-21 13:58:14,034 - torchtitan.observability.metrics - INFO - step:  6  loss:  9.19707  grad_norm: 25.7863  memory: 224.88GiB(81.33%)  tps: 5,800  tflops: 514.02  mfu: 20.56%
[rank0]:[titan] 2026-09-21 13:58:31,025 - torchtitan.observability.metrics - INFO - step:  7  loss:  7.21310  grad_norm: 22.9275  memory: 224.88GiB(81.33%)  tps: 5,786  tflops: 512.79  mfu: 20.51%
[rank0]:[titan] 2026-09-21 13:58:48,760 - torchtitan.observability.metrics - INFO - step:  8  loss:  5.69890  grad_norm: 33.2894  memory: 224.88GiB(81.33%)  tps: 5,543  tflops: 491.29  mfu: 19.65%
[rank0]:[titan] 2026-09-21 13:57:57,083 - torchtitan.observability.metrics - INFO - step:  5  loss: 10.46122  grad_norm: 35.3050  memory: 221.68GiB(80.17%)  tps: 5,718  tflops: 506.76  mfu: 20.27%
[rank0]:[titan] 2026-09-21 14:00:47,884 - torchtitan.observability.metrics - INFO - step: 15  loss:  3.30625  grad_norm:  6.9609  memory: 223.21GiB(80.73%)  tps: 5,757  tflops: 510.21  mfu: 20.41%
[rank0]:[titan] 2026-09-21 14:01:04,770 - torchtitan.observability.metrics - INFO - step: 16  loss:  3.28106  grad_norm: 10.4845  memory: 223.21GiB(80.73%)  tps: 5,822  tflops: 515.97  mfu: 20.64%
[rank0]:[titan] 2026-09-21 14:01:21,625 - torchtitan.observability.metrics - INFO - step: 17  loss:  3.20511  grad_norm: 10.0422  memory: 223.21GiB(80.73%)  tps: 5,833  tflops: 516.95  mfu: 20.68%
[rank0]:[titan] 2026-09-21 13:52:50,522 - torchtitan.components.checkpointer.base - WARNING - initial_load_model_only=True has no effect without an initial_load_path.
[rank0]:[titan] 2026-09-21 13:52:50,522 - torchtitan.trainer - INFO - Trainer is initialized with 98304 tokens per DP rank, 12582912 tokens per train step, gradient accumulation steps 1, maximum context length 8192, total steps 20 (warmup 2)
[rank0]:[titan] 2026-09-21 13:52:50,523 - torchtitan.trainer - INFO - Training starts at step 1
[rank0]:[titan] 2026-09-21 13:56:21,017 - torchtitan.observability.metrics - INFO - step:  1  loss: 11.94497  grad_norm: 12.8281  memory: 186.37GiB(67.40%)  tps: 407  tflops: 36.09  mfu: 1.44%
[rank0]:[titan] 2026-09-21 13:56:21,017 - torchtitan.distributed.utils - INFO - Synchronizing and adjusting timeout for all ProcessGroups to 0:01:40
[rank0]:[titan] 2026-09-21 13:59:06,044 - torchtitan.observability.metrics - INFO - step:  9  loss:  5.57768  grad_norm: 36.2332  memory: 224.88GiB(81.33%)  tps: 5,688  tflops: 504.11  mfu: 20.16%
[rank0]:[titan] 2026-09-21 13:59:23,039 - torchtitan.observability.metrics - INFO - step: 10  loss:  5.17134  grad_norm: 21.6903  memory: 224.88GiB(81.33%)  tps: 5,784  tflops: 512.67  mfu: 20.51%
[rank0]:[titan] 2026-09-21 13:59:40,055 - torchtitan.observability.metrics - INFO - step: 11  loss:  4.23557  grad_norm: 15.4323  memory: 224.88GiB(81.33%)  tps: 5,777  tflops: 512.03  mfu: 20.48%
[rank0]:[titan] 2026-09-21 13:58:14,034 - torchtitan.observability.metrics - INFO - step:  6  loss:  9.19707  grad_norm: 25.7863  memory: 221.68GiB(80.17%)  tps: 5,800  tflops: 514.02  mfu: 20.56%
[rank0]:[titan] 2026-09-21 13:58:31,025 - torchtitan.observability.metrics - INFO - step:  7  loss:  7.21310  grad_norm: 22.9275  memory: 223.20GiB(80.72%)  tps: 5,786  tflops: 512.79  mfu: 20.51%
[rank0]:[titan] 2026-09-21 13:58:48,760 - torchtitan.observability.metrics - INFO - step:  8  loss:  5.69890  grad_norm: 33.2894  memory: 223.20GiB(80.72%)  tps: 5,543  tflops: 491.29  mfu: 19.65%
[rank0]:[titan] 2026-09-21 13:52:32,585 - torchtitan.distributed.fsdp - INFO - fsdp dense-never: layer 40 experts sharded separately (reshard=True), dense params kept unsharded (reshard=False)
[rank0]:[titan] 2026-09-21 13:52:32,611 - torchtitan.distributed.fsdp - INFO - fsdp dense-never: layer 41 experts sharded separately (reshard=True), dense params kept unsharded (reshard=False)
[rank0]:[titan] 2026-09-21 13:52:32,633 - torchtitan.distributed.fsdp - INFO - fsdp dense-never: layer 42 experts sharded separately (reshard=True), dense params kept unsharded (reshard=False)
[rank0]:[titan] 2026-09-21 13:52:32,695 - torchtitan.distributed.fsdp - INFO - Applied HSDP to the model
[rank0]:[titan] 2026-09-21 13:52:32,698 - torchtitan.models.deepseek_v3.parallelize - INFO - block-input offload: wrapped 43 decoder blocks
[rank0]:[titan] 2026-09-21 13:52:47,792 - torchtitan.trainer - INFO - Peak FLOPS used for computing MFU: 2.500e+15
[rank0]:[titan] 2026-09-21 14:01:38,471 - torchtitan.observability.metrics - INFO - step: 18  loss:  3.07286  grad_norm:  7.3977  memory: 223.21GiB(80.73%)  tps: 5,835  tflops: 517.20  mfu: 20.69%
[rank0]:[titan] 2026-09-21 14:01:55,324 - torchtitan.observability.metrics - INFO - step: 19  loss:  2.98416  grad_norm:  5.3227  memory: 223.21GiB(80.73%)  tps: 5,833  tflops: 516.98  mfu: 20.68%
[rank0]:[titan] 2026-09-21 14:02:12,220 - torchtitan.observability.metrics - INFO - step: 20  loss:  2.94270  grad_norm:  4.1520  memory: 223.21GiB(80.73%)  tps: 5,819  tflops: 515.70  mfu: 20.63%
[rank0]:[titan] 2026-09-21 14:02:12,221 - torchtitan.trainer - INFO - Training completed
[rank0]:[titan] 2026-09-21 14:02:14,148 - __main__ - INFO - Process group destroyed
[rank0]:[titan] 2026-09-21 13:57:03,163 - torchtitan.observability.metrics - INFO - step:  2  loss:  7.16887  grad_norm: 41.6928  memory: 220.41GiB(79.72%)  tps: 2,332  tflops: 206.73  mfu: 8.27%
[rank0]:[titan] 2026-09-21 13:57:22,526 - torchtitan.observability.metrics - INFO - step:  3  loss: 11.53709  grad_norm: 60.2704  memory: 222.15GiB(80.34%)  tps: 5,077  tflops: 449.98  mfu: 18.00%
[rank0]:[titan] 2026-09-21 13:57:39,889 - torchtitan.observability.metrics - INFO - step:  4  loss: 12.72228  grad_norm: 18.5279  memory: 222.15GiB(80.34%)  tps: 5,662  tflops: 501.79  mfu: 20.07%
[rank0]:[titan] 2026-09-21 13:59:57,012 - torchtitan.observability.metrics - INFO - step: 12  loss:  3.67102  grad_norm: 10.2990  memory: 224.88GiB(81.33%)  tps: 5,798  tflops: 513.84  mfu: 20.55%
[rank0]:[titan] 2026-09-21 14:00:13,934 - torchtitan.observability.metrics - INFO - step: 13  loss:  3.58123  grad_norm: 10.4357  memory: 224.88GiB(81.33%)  tps: 5,809  tflops: 514.87  mfu: 20.59%
[rank0]:[titan] 2026-09-21 14:00:30,809 - torchtitan.observability.metrics - INFO - step: 14  loss:  3.52114  grad_norm: 13.8853  memory: 224.88GiB(81.33%)  tps: 5,826  tflops: 516.34  mfu: 20.65%
[rank0]:[titan] 2026-09-21 13:59:06,044 - torchtitan.observability.metrics - INFO - step:  9  loss:  5.57768  grad_norm: 36.2332  memory: 223.20GiB(80.72%)  tps: 5,688  tflops: 504.11  mfu: 20.16%
[rank0]:[titan] 2026-09-21 13:59:23,039 - torchtitan.observability.metrics - INFO - step: 10  loss:  5.17134  grad_norm: 21.6903  memory: 223.20GiB(80.72%)  tps: 5,784  tflops: 512.67  mfu: 20.51%
[rank0]:[titan] 2026-09-21 13:59:40,055 - torchtitan.observability.metrics - INFO - step: 11  loss:  4.23557  grad_norm: 15.4323  memory: 223.20GiB(80.72%)  tps: 5,777  tflops: 512.03  mfu: 20.48%
[rank0]:[titan] 2026-09-21 13:57:57,083 - torchtitan.observability.metrics - INFO - step:  5  loss: 10.46122  grad_norm: 35.3050  memory: 222.15GiB(80.34%)  tps: 5,718  tflops: 506.76  mfu: 20.27%
[rank0]:[titan] 2026-09-21 14:00:47,886 - torchtitan.observability.metrics - INFO - step: 15  loss:  3.30625  grad_norm:  6.9609  memory: 224.88GiB(81.33%)  tps: 5,757  tflops: 510.21  mfu: 20.41%
[rank0]:[titan] 2026-09-21 14:01:04,772 - torchtitan.observability.metrics - INFO - step: 16  loss:  3.28106  grad_norm: 10.4845  memory: 224.88GiB(81.33%)  tps: 5,822  tflops: 515.96  mfu: 20.64%
[rank0]:[titan] 2026-09-21 14:01:21,627 - torchtitan.observability.metrics - INFO - step: 17  loss:  3.20511  grad_norm: 10.0422  memory: 224.88GiB(81.33%)  tps: 5,833  tflops: 516.95  mfu: 20.68%
[rank0]:[titan] 2026-09-21 13:59:57,012 - torchtitan.observability.metrics - INFO - step: 12  loss:  3.67102  grad_norm: 10.2990  memory: 223.20GiB(80.72%)  tps: 5,798  tflops: 513.84  mfu: 20.55%
[rank0]:[titan] 2026-09-21 14:00:13,934 - torchtitan.observability.metrics - INFO - step: 13  loss:  3.58123  grad_norm: 10.4357  memory: 223.20GiB(80.72%)  tps: 5,809  tflops: 514.87  mfu: 20.59%
[rank0]:[titan] 2026-09-21 14:00:30,809 - torchtitan.observability.metrics - INFO - step: 14  loss:  3.52114  grad_norm: 13.8853  memory: 223.20GiB(80.72%)  tps: 5,826  tflops: 516.34  mfu: 20.65%
[rank0]:[titan] 2026-09-21 13:58:14,033 - torchtitan.observability.metrics - INFO - step:  6  loss:  9.19707  grad_norm: 25.7863  memory: 222.15GiB(80.34%)  tps: 5,800  tflops: 514.02  mfu: 20.56%
[rank0]:[titan] 2026-09-21 13:58:31,024 - torchtitan.observability.metrics - INFO - step:  7  loss:  7.21310  grad_norm: 22.9275  memory: 222.66GiB(80.53%)  tps: 5,786  tflops: 512.79  mfu: 20.51%
[rank0]:[titan] 2026-09-21 13:58:48,759 - torchtitan.observability.metrics - INFO - step:  8  loss:  5.69890  grad_norm: 33.2894  memory: 222.66GiB(80.53%)  tps: 5,543  tflops: 491.29  mfu: 19.65%
[rank0]:[titan] 2026-09-21 14:01:38,473 - torchtitan.observability.metrics - INFO - step: 18  loss:  3.07286  grad_norm:  7.3977  memory: 224.88GiB(81.33%)  tps: 5,835  tflops: 517.20  mfu: 20.69%
[rank0]:[titan] 2026-09-21 14:01:55,326 - torchtitan.observability.metrics - INFO - step: 19  loss:  2.98416  grad_norm:  5.3227  memory: 224.88GiB(81.33%)  tps: 5,833  tflops: 516.98  mfu: 20.68%
[rank0]:[titan] 2026-09-21 14:02:12,222 - torchtitan.observability.metrics - INFO - step: 20  loss:  2.94270  grad_norm:  4.1520  memory: 224.88GiB(81.33%)  tps: 5,819  tflops: 515.70  mfu: 20.63%
[rank0]:[titan] 2026-09-21 14:02:12,222 - torchtitan.trainer - INFO - Training completed
[rank0]:[titan] 2026-09-21 14:02:13,717 - __main__ - INFO - Process group destroyed
[rank0]:[titan] 2026-09-21 14:00:47,886 - torchtitan.observability.metrics - INFO - step: 15  loss:  3.30625  grad_norm:  6.9609  memory: 223.34GiB(80.77%)  tps: 5,757  tflops: 510.21  mfu: 20.41%
[rank0]:[titan] 2026-09-21 14:01:04,772 - torchtitan.observability.metrics - INFO - step: 16  loss:  3.28106  grad_norm: 10.4845  memory: 223.34GiB(80.77%)  tps: 5,822  tflops: 515.96  mfu: 20.64%
[rank0]:[titan] 2026-09-21 14:01:21,627 - torchtitan.observability.metrics - INFO - step: 17  loss:  3.20511  grad_norm: 10.0422  memory: 223.34GiB(80.77%)  tps: 5,833  tflops: 516.95  mfu: 20.68%
[rank0]:[titan] 2026-09-21 13:52:47,793 - torchtitan.trainer - INFO - CUDA memory usage for model: 20.02GiB(7.24%)
[rank0]:[titan] 2026-09-21 13:52:47,801 - torchtitan.components.optimizer.optimizer - INFO - Optimizer AdamW (model_part=0): 1242 params [.*] {'fused': True, 'foreach': False, 'lr': 0.0008, 'betas': (0.9, 0.95), 'eps': 1e-08, 'weight_decay': 0.1}
[rank0]:[titan] 2026-09-21 13:52:47,807 - torchtitan.components.tokenizer - INFO - Loading tokenizer from tokenizer.json
[rank0]:[titan] 2026-09-21 13:52:47,947 - httpx - INFO - HTTP Request: HEAD https://s3.amazonaws.com/datasets.huggingface.co/datasets/datasets/json/json.py "HTTP/1.1 200 OK"
[rank0]:[titan] 2026-09-21 13:52:48,107 - torchtitan.protocols.state_dict_adapter - WARNING - model.safetensors.index.json not found at hf_assets_path: ./tests/assets/tokenizer/model.safetensors.index.json.                     Defaulting to saving a single safetensors file if checkpoint is saved in HF format
[rank0]:[titan] 2026-09-21 13:59:06,043 - torchtitan.observability.metrics - INFO - step:  9  loss:  5.57768  grad_norm: 36.2332  memory: 222.66GiB(80.53%)  tps: 5,688  tflops: 504.12  mfu: 20.16%
[rank0]:[titan] 2026-09-21 13:59:23,038 - torchtitan.observability.metrics - INFO - step: 10  loss:  5.17134  grad_norm: 21.6903  memory: 222.66GiB(80.53%)  tps: 5,784  tflops: 512.67  mfu: 20.51%
[rank0]:[titan] 2026-09-21 13:59:40,054 - torchtitan.observability.metrics - INFO - step: 11  loss:  4.23557  grad_norm: 15.4323  memory: 222.66GiB(80.53%)  tps: 5,777  tflops: 512.03  mfu: 20.48%
[rank0]:[titan] 2026-09-21 14:01:38,473 - torchtitan.observability.metrics - INFO - step: 18  loss:  3.07286  grad_norm:  7.3977  memory: 223.34GiB(80.77%)  tps: 5,836  tflops: 517.20  mfu: 20.69%
[rank0]:[titan] 2026-09-21 14:01:55,326 - torchtitan.observability.metrics - INFO - step: 19  loss:  2.98416  grad_norm:  5.3227  memory: 223.34GiB(80.77%)  tps: 5,833  tflops: 516.98  mfu: 20.68%
[rank0]:[titan] 2026-09-21 14:02:12,222 - torchtitan.observability.metrics - INFO - step: 20  loss:  2.94270  grad_norm:  4.1520  memory: 223.90GiB(80.98%)  tps: 5,819  tflops: 515.70  mfu: 20.63%
[rank0]:[titan] 2026-09-21 14:02:12,222 - torchtitan.trainer - INFO - Training completed
[rank0]:[titan] 2026-09-21 14:02:14,210 - __main__ - INFO - Process group destroyed
[rank0]:[titan] 2026-09-21 13:52:49,814 - torchtitan.trainer - INFO - CUDA memory usage for model: 20.02GiB(7.24%)
[rank0]:[titan] 2026-09-21 13:52:49,823 - torchtitan.components.optimizer.optimizer - INFO - Optimizer AdamW (model_part=0): 1242 params [.*] {'fused': True, 'foreach': False, 'lr': 0.0008, 'betas': (0.9, 0.95), 'eps': 1e-08, 'weight_decay': 0.1}
[rank0]:[titan] 2026-09-21 13:52:49,829 - torchtitan.components.tokenizer - INFO - Loading tokenizer from tokenizer.json
[rank0]:[titan] 2026-09-21 13:52:49,973 - httpx - INFO - HTTP Request: HEAD https://s3.amazonaws.com/datasets.huggingface.co/datasets/datasets/json/json.py "HTTP/1.1 200 OK"
[rank0]:[titan] 2026-09-21 13:52:50,125 - torchtitan.protocols.state_dict_adapter - WARNING - model.safetensors.index.json not found at hf_assets_path: ./tests/assets/tokenizer/model.safetensors.index.json.                     Defaulting to saving a single safetensors file if checkpoint is saved in HF format
[rank0]:[titan] 2026-09-21 13:52:48,107 - torchtitan.components.checkpointer.base - WARNING - initial_load_model_only=True has no effect without an initial_load_path.
[rank0]:[titan] 2026-09-21 13:52:48,108 - torchtitan.trainer - INFO - Trainer is initialized with 98304 tokens per DP rank, 12582912 tokens per train step, gradient accumulation steps 1, maximum context length 8192, total steps 20 (warmup 2)
[rank0]:[titan] 2026-09-21 13:52:48,108 - torchtitan.trainer - INFO - Training starts at step 1
[rank0]:[titan] 2026-09-21 13:56:21,013 - torchtitan.observability.metrics - INFO - step:  1  loss: 11.94497  grad_norm: 12.8281  memory: 187.38GiB(67.77%)  tps: 405  tflops: 35.90  mfu: 1.44%
[rank0]:[titan] 2026-09-21 13:56:21,014 - torchtitan.distributed.utils - INFO - Synchronizing and adjusting timeout for all ProcessGroups to 0:01:40
[rank0]:[titan] 2026-09-21 13:59:57,011 - torchtitan.observability.metrics - INFO - step: 12  loss:  3.67102  grad_norm: 10.2990  memory: 222.66GiB(80.53%)  tps: 5,798  tflops: 513.84  mfu: 20.55%
[rank0]:[titan] 2026-09-21 14:00:13,933 - torchtitan.observability.metrics - INFO - step: 13  loss:  3.58123  grad_norm: 10.4357  memory: 222.66GiB(80.53%)  tps: 5,809  tflops: 514.87  mfu: 20.59%
[rank0]:[titan] 2026-09-21 14:00:30,808 - torchtitan.observability.metrics - INFO - step: 14  loss:  3.52114  grad_norm: 13.8853  memory: 222.66GiB(80.53%)  tps: 5,826  tflops: 516.34  mfu: 20.65%
[rank0]:[titan] 2026-09-21 13:52:50,126 - torchtitan.components.checkpointer.base - WARNING - initial_load_model_only=True has no effect without an initial_load_path.
[rank0]:[titan] 2026-09-21 13:52:50,126 - torchtitan.trainer - INFO - Trainer is initialized with 98304 tokens per DP rank, 12582912 tokens per train step, gradient accumulation steps 1, maximum context length 8192, total steps 20 (warmup 2)
[rank0]:[titan] 2026-09-21 13:52:50,127 - torchtitan.trainer - INFO - Training starts at step 1
[rank0]:[titan] 2026-09-21 13:56:21,016 - torchtitan.observability.metrics - INFO - step:  1  loss: 11.94497  grad_norm: 12.8281  memory: 189.63GiB(68.58%)  tps: 405  tflops: 35.90  mfu: 1.44%
[rank0]:[titan] 2026-09-21 13:56:21,017 - torchtitan.distributed.utils - INFO - Synchronizing and adjusting timeout for all ProcessGroups to 0:01:40
[rank0]:[titan] 2026-09-21 13:57:03,160 - torchtitan.observability.metrics - INFO - step:  2  loss:  7.16887  grad_norm: 41.6928  memory: 221.64GiB(80.16%)  tps: 2,332  tflops: 206.73  mfu: 8.27%
[rank0]:[titan] 2026-09-21 13:57:22,523 - torchtitan.observability.metrics - INFO - step:  3  loss: 11.53709  grad_norm: 60.2704  memory: 221.64GiB(80.16%)  tps: 5,077  tflops: 449.98  mfu: 18.00%
[rank0]:[titan] 2026-09-21 13:57:39,886 - torchtitan.observability.metrics - INFO - step:  4  loss: 12.72228  grad_norm: 18.5279  memory: 221.64GiB(80.16%)  tps: 5,662  tflops: 501.79  mfu: 20.07%
[rank0]:[titan] 2026-09-21 14:00:47,885 - torchtitan.observability.metrics - INFO - step: 15  loss:  3.30625  grad_norm:  6.9609  memory: 222.66GiB(80.53%)  tps: 5,757  tflops: 510.21  mfu: 20.41%
[rank0]:[titan] 2026-09-21 14:01:04,771 - torchtitan.observability.metrics - INFO - step: 16  loss:  3.28106  grad_norm: 10.4845  memory: 224.40GiB(81.16%)  tps: 5,822  tflops: 515.97  mfu: 20.64%
[rank0]:[titan] 2026-09-21 14:01:21,626 - torchtitan.observability.metrics - INFO - step: 17  loss:  3.20511  grad_norm: 10.0422  memory: 224.40GiB(81.16%)  tps: 5,833  tflops: 516.95  mfu: 20.68%
[rank0]:[titan] 2026-09-21 13:57:03,162 - torchtitan.observability.metrics - INFO - step:  2  loss:  7.16887  grad_norm: 41.6928  memory: 212.43GiB(76.83%)  tps: 2,332  tflops: 206.73  mfu: 8.27%
[rank0]:[titan] 2026-09-21 13:57:22,525 - torchtitan.observability.metrics - INFO - step:  3  loss: 11.53709  grad_norm: 60.2704  memory: 219.91GiB(79.53%)  tps: 5,077  tflops: 449.98  mfu: 18.00%
[rank0]:[titan] 2026-09-21 13:57:39,889 - torchtitan.observability.metrics - INFO - step:  4  loss: 12.72228  grad_norm: 18.5279  memory: 222.21GiB(80.37%)  tps: 5,662  tflops: 501.79  mfu: 20.07%
[rank0]:[titan] 2026-09-21 13:57:57,079 - torchtitan.observability.metrics - INFO - step:  5  loss: 10.46122  grad_norm: 35.3050  memory: 221.64GiB(80.16%)  tps: 5,718  tflops: 506.76  mfu: 20.27%
[rank0]:[titan] 2026-09-21 14:01:38,472 - torchtitan.observability.metrics - INFO - step: 18  loss:  3.07286  grad_norm:  7.3977  memory: 224.40GiB(81.16%)  tps: 5,835  tflops: 517.20  mfu: 20.69%
[rank0]:[titan] 2026-09-21 14:01:55,326 - torchtitan.observability.metrics - INFO - step: 19  loss:  2.98416  grad_norm:  5.3227  memory: 224.40GiB(81.16%)  tps: 5,833  tflops: 516.98  mfu: 20.68%
[rank0]:[titan] 2026-09-21 14:02:12,221 - torchtitan.observability.metrics - INFO - step: 20  loss:  2.94270  grad_norm:  4.1520  memory: 224.40GiB(81.16%)  tps: 5,819  tflops: 515.70  mfu: 20.63%
[rank0]:[titan] 2026-09-21 14:02:12,222 - torchtitan.trainer - INFO - Training completed
[rank0]:[titan] 2026-09-21 14:02:14,181 - __main__ - INFO - Process group destroyed
[rank0]:[titan] 2026-09-21 13:57:57,082 - torchtitan.observability.metrics - INFO - step:  5  loss: 10.46122  grad_norm: 35.3050  memory: 222.21GiB(80.37%)  tps: 5,718  tflops: 506.76  mfu: 20.27%
[rank0]:[titan] 2026-09-21 13:58:14,030 - torchtitan.observability.metrics - INFO - step:  6  loss:  9.19707  grad_norm: 25.7863  memory: 222.22GiB(80.37%)  tps: 5,800  tflops: 514.02  mfu: 20.56%
[rank0]:[titan] 2026-09-21 13:58:31,021 - torchtitan.observability.metrics - INFO - step:  7  loss:  7.21310  grad_norm: 22.9275  memory: 222.22GiB(80.37%)  tps: 5,786  tflops: 512.79  mfu: 20.51%
[rank0]:[titan] 2026-09-21 13:58:48,756 - torchtitan.observability.metrics - INFO - step:  8  loss:  5.69890  grad_norm: 33.2894  memory: 223.47GiB(80.82%)  tps: 5,543  tflops: 491.29  mfu: 19.65%
[rank0]:[titan] 2026-09-21 13:58:14,032 - torchtitan.observability.metrics - INFO - step:  6  loss:  9.19707  grad_norm: 25.7863  memory: 222.21GiB(80.37%)  tps: 5,800  tflops: 514.02  mfu: 20.56%
[rank0]:[titan] 2026-09-21 13:58:31,024 - torchtitan.observability.metrics - INFO - step:  7  loss:  7.21310  grad_norm: 22.9275  memory: 222.21GiB(80.37%)  tps: 5,786  tflops: 512.79  mfu: 20.51%
[rank0]:[titan] 2026-09-21 13:58:48,758 - torchtitan.observability.metrics - INFO - step:  8  loss:  5.69890  grad_norm: 33.2894  memory: 222.21GiB(80.37%)  tps: 5,543  tflops: 491.29  mfu: 19.65%
[rank0]:[titan] 2026-09-21 13:59:06,040 - torchtitan.observability.metrics - INFO - step:  9  loss:  5.57768  grad_norm: 36.2332  memory: 223.47GiB(80.82%)  tps: 5,688  tflops: 504.11  mfu: 20.16%
[rank0]:[titan] 2026-09-21 13:59:23,035 - torchtitan.observability.metrics - INFO - step: 10  loss:  5.17134  grad_norm: 21.6903  memory: 223.47GiB(80.82%)  tps: 5,784  tflops: 512.67  mfu: 20.51%
[rank0]:[titan] 2026-09-21 13:59:40,051 - torchtitan.observability.metrics - INFO - step: 11  loss:  4.23557  grad_norm: 15.4323  memory: 223.47GiB(80.82%)  tps: 5,777  tflops: 512.03  mfu: 20.48%
[rank0]:[titan] 2026-09-21 13:59:06,042 - torchtitan.observability.metrics - INFO - step:  9  loss:  5.57768  grad_norm: 36.2332  memory: 222.23GiB(80.37%)  tps: 5,688  tflops: 504.11  mfu: 20.16%
[rank0]:[titan] 2026-09-21 13:59:23,037 - torchtitan.observability.metrics - INFO - step: 10  loss:  5.17134  grad_norm: 21.6903  memory: 223.03GiB(80.66%)  tps: 5,784  tflops: 512.67  mfu: 20.51%
[rank0]:[titan] 2026-09-21 13:59:40,054 - torchtitan.observability.metrics - INFO - step: 11  loss:  4.23557  grad_norm: 15.4323  memory: 223.03GiB(80.66%)  tps: 5,778  tflops: 512.06  mfu: 20.48%
[rank0]:[titan] 2026-09-21 13:59:57,008 - torchtitan.observability.metrics - INFO - step: 12  loss:  3.67102  grad_norm: 10.2990  memory: 223.47GiB(80.82%)  tps: 5,798  tflops: 513.84  mfu: 20.55%
[rank0]:[titan] 2026-09-21 14:00:13,930 - torchtitan.observability.metrics - INFO - step: 13  loss:  3.58123  grad_norm: 10.4357  memory: 223.67GiB(80.89%)  tps: 5,809  tflops: 514.87  mfu: 20.59%
[rank0]:[titan] 2026-09-21 14:00:30,805 - torchtitan.observability.metrics - INFO - step: 14  loss:  3.52114  grad_norm: 13.8853  memory: 223.67GiB(80.89%)  tps: 5,826  tflops: 516.34  mfu: 20.65%
[rank0]:[titan] 2026-09-21 13:59:57,010 - torchtitan.observability.metrics - INFO - step: 12  loss:  3.67102  grad_norm: 10.2990  memory: 223.03GiB(80.66%)  tps: 5,798  tflops: 513.84  mfu: 20.55%
[rank0]:[titan] 2026-09-21 14:00:13,933 - torchtitan.observability.metrics - INFO - step: 13  loss:  3.58123  grad_norm: 10.4357  memory: 223.03GiB(80.66%)  tps: 5,809  tflops: 514.87  mfu: 20.59%
[rank0]:[titan] 2026-09-21 14:00:30,807 - torchtitan.observability.metrics - INFO - step: 14  loss:  3.52114  grad_norm: 13.8853  memory: 223.03GiB(80.66%)  tps: 5,826  tflops: 516.34  mfu: 20.65%
[rank0]:[titan] 2026-09-21 14:00:47,882 - torchtitan.observability.metrics - INFO - step: 15  loss:  3.30625  grad_norm:  6.9609  memory: 223.67GiB(80.89%)  tps: 5,757  tflops: 510.21  mfu: 20.41%
[rank0]:[titan] 2026-09-21 14:01:04,768 - torchtitan.observability.metrics - INFO - step: 16  loss:  3.28106  grad_norm: 10.4845  memory: 223.67GiB(80.89%)  tps: 5,822  tflops: 515.96  mfu: 20.64%
[rank0]:[titan] 2026-09-21 14:01:21,623 - torchtitan.observability.metrics - INFO - step: 17  loss:  3.20511  grad_norm: 10.0422  memory: 223.67GiB(80.89%)  tps: 5,833  tflops: 516.95  mfu: 20.68%
[rank0]:[titan] 2026-09-21 13:52:35,059 - torchtitan.distributed.fsdp - INFO - fsdp dense-never: layer 40 experts sharded separately (reshard=True), dense params kept unsharded (reshard=False)
[rank0]:[titan] 2026-09-21 13:52:35,097 - torchtitan.distributed.fsdp - INFO - fsdp dense-never: layer 41 experts sharded separately (reshard=True), dense params kept unsharded (reshard=False)
[rank0]:[titan] 2026-09-21 13:52:35,129 - torchtitan.distributed.fsdp - INFO - fsdp dense-never: layer 42 experts sharded separately (reshard=True), dense params kept unsharded (reshard=False)
[rank0]:[titan] 2026-09-21 13:52:35,212 - torchtitan.distributed.fsdp - INFO - Applied HSDP to the model
[rank0]:[titan] 2026-09-21 13:52:35,215 - torchtitan.models.deepseek_v3.parallelize - INFO - block-input offload: wrapped 43 decoder blocks
[rank0]:[titan] 2026-09-21 13:52:49,811 - torchtitan.trainer - INFO - Peak FLOPS used for computing MFU: 2.500e+15
[rank0]:[titan] 2026-09-21 14:00:47,884 - torchtitan.observability.metrics - INFO - step: 15  loss:  3.30625  grad_norm:  6.9609  memory: 223.03GiB(80.66%)  tps: 5,757  tflops: 510.21  mfu: 20.41%
[rank0]:[titan] 2026-09-21 14:01:04,771 - torchtitan.observability.metrics - INFO - step: 16  loss:  3.28106  grad_norm: 10.4845  memory: 223.03GiB(80.66%)  tps: 5,822  tflops: 515.97  mfu: 20.64%
[rank0]:[titan] 2026-09-21 14:01:21,625 - torchtitan.observability.metrics - INFO - step: 17  loss:  3.20511  grad_norm: 10.0422  memory: 223.03GiB(80.66%)  tps: 5,833  tflops: 516.95  mfu: 20.68%
[rank0]:[titan] 2026-09-21 14:01:38,469 - torchtitan.observability.metrics - INFO - step: 18  loss:  3.07286  grad_norm:  7.3977  memory: 223.67GiB(80.89%)  tps: 5,835  tflops: 517.20  mfu: 20.69%
[rank0]:[titan] 2026-09-21 14:01:55,322 - torchtitan.observability.metrics - INFO - step: 19  loss:  2.98416  grad_norm:  5.3227  memory: 223.67GiB(80.89%)  tps: 5,833  tflops: 516.98  mfu: 20.68%
[rank0]:[titan] 2026-09-21 14:02:12,218 - torchtitan.observability.metrics - INFO - step: 20  loss:  2.94270  grad_norm:  4.1520  memory: 223.67GiB(80.89%)  tps: 5,819  tflops: 515.70  mfu: 20.63%
[rank0]:[titan] 2026-09-21 14:02:12,218 - torchtitan.trainer - INFO - Training completed
[rank0]:[titan] 2026-09-21 14:02:14,276 - __main__ - INFO - Process group destroyed
[rank0]:[titan] 2026-09-21 14:01:38,471 - torchtitan.observability.metrics - INFO - step: 18  loss:  3.07286  grad_norm:  7.3977  memory: 223.03GiB(80.66%)  tps: 5,835  tflops: 517.20  mfu: 20.69%
[rank0]:[titan] 2026-09-21 14:01:55,325 - torchtitan.observability.metrics - INFO - step: 19  loss:  2.98416  grad_norm:  5.3227  memory: 223.03GiB(80.66%)  tps: 5,833  tflops: 516.98  mfu: 20.68%
[rank0]:[titan] 2026-09-21 14:02:12,220 - torchtitan.observability.metrics - INFO - step: 20  loss:  2.94270  grad_norm:  4.1520  memory: 223.03GiB(80.66%)  tps: 5,819  tflops: 515.70  mfu: 20.63%
[rank0]:[titan] 2026-09-21 14:02:12,221 - torchtitan.trainer - INFO - Training completed
[rank0]:[titan] 2026-09-21 14:02:14,673 - __main__ - INFO - Process group destroyed
[rank0]:[titan] 2026-09-21 13:52:49,812 - torchtitan.trainer - INFO - CUDA memory usage for model: 20.02GiB(7.24%)
[rank0]:[titan] 2026-09-21 13:52:49,820 - torchtitan.components.optimizer.optimizer - INFO - Optimizer AdamW (model_part=0): 1242 params [.*] {'fused': True, 'foreach': False, 'lr': 0.0008, 'betas': (0.9, 0.95), 'eps': 1e-08, 'weight_decay': 0.1}
[rank0]:[titan] 2026-09-21 13:52:49,825 - torchtitan.components.tokenizer - INFO - Loading tokenizer from tokenizer.json
[rank0]:[titan] 2026-09-21 13:52:49,945 - httpx - INFO - HTTP Request: HEAD https://s3.amazonaws.com/datasets.huggingface.co/datasets/datasets/json/json.py "HTTP/1.1 200 OK"
[rank0]:[titan] 2026-09-21 13:52:50,092 - torchtitan.protocols.state_dict_adapter - WARNING - model.safetensors.index.json not found at hf_assets_path: ./tests/assets/tokenizer/model.safetensors.index.json.                     Defaulting to saving a single safetensors file if checkpoint is saved in HF format
[rank0]:[titan] 2026-09-21 13:52:50,093 - torchtitan.components.checkpointer.base - WARNING - initial_load_model_only=True has no effect without an initial_load_path.
[rank0]:[titan] 2026-09-21 13:52:50,093 - torchtitan.trainer - INFO - Trainer is initialized with 98304 tokens per DP rank, 12582912 tokens per train step, gradient accumulation steps 1, maximum context length 8192, total steps 20 (warmup 2)
[rank0]:[titan] 2026-09-21 13:52:50,093 - torchtitan.trainer - INFO - Training starts at step 1
[rank0]:[titan] 2026-09-21 13:56:21,016 - torchtitan.observability.metrics - INFO - step:  1  loss: 11.94497  grad_norm: 12.8281  memory: 187.38GiB(67.77%)  tps: 405  tflops: 35.90  mfu: 1.44%
[rank0]:[titan] 2026-09-21 13:56:21,016 - torchtitan.distributed.utils - INFO - Synchronizing and adjusting timeout for all ProcessGroups to 0:01:40
[rank0]:[titan] 2026-09-21 13:57:03,162 - torchtitan.observability.metrics - INFO - step:  2  loss:  7.16887  grad_norm: 41.6928  memory: 222.13GiB(80.34%)  tps: 2,332  tflops: 206.73  mfu: 8.27%
[rank0]:[titan] 2026-09-21 13:57:22,525 - torchtitan.observability.metrics - INFO - step:  3  loss: 11.53709  grad_norm: 60.2704  memory: 222.13GiB(80.34%)  tps: 5,077  tflops: 449.98  mfu: 18.00%
[rank0]:[titan] 2026-09-21 13:57:39,889 - torchtitan.observability.metrics - INFO - step:  4  loss: 12.72228  grad_norm: 18.5279  memory: 223.01GiB(80.66%)  tps: 5,662  tflops: 501.79  mfu: 20.07%
[rank0]:[titan] 2026-09-21 13:52:34,009 - torchtitan.distributed.fsdp - INFO - fsdp dense-never: layer 40 experts sharded separately (reshard=True), dense params kept unsharded (reshard=False)
[rank0]:[titan] 2026-09-21 13:52:34,031 - torchtitan.distributed.fsdp - INFO - fsdp dense-never: layer 41 experts sharded separately (reshard=True), dense params kept unsharded (reshard=False)
[rank0]:[titan] 2026-09-21 13:52:34,049 - torchtitan.distributed.fsdp - INFO - fsdp dense-never: layer 42 experts sharded separately (reshard=True), dense params kept unsharded (reshard=False)
[rank0]:[titan] 2026-09-21 13:52:34,103 - torchtitan.distributed.fsdp - INFO - Applied HSDP to the model
[rank0]:[titan] 2026-09-21 13:52:34,105 - torchtitan.models.deepseek_v3.parallelize - INFO - block-input offload: wrapped 43 decoder blocks
[rank0]:[titan] 2026-09-21 13:52:49,290 - torchtitan.trainer - INFO - Peak FLOPS used for computing MFU: 2.500e+15
[rank0]:[titan] 2026-09-21 13:57:57,082 - torchtitan.observability.metrics - INFO - step:  5  loss: 10.46122  grad_norm: 35.3050  memory: 223.01GiB(80.66%)  tps: 5,718  tflops: 506.76  mfu: 20.27%
[rank0]:[titan] 2026-09-21 13:58:14,032 - torchtitan.observability.metrics - INFO - step:  6  loss:  9.19707  grad_norm: 25.7863  memory: 223.01GiB(80.66%)  tps: 5,800  tflops: 514.02  mfu: 20.56%
[rank0]:[titan] 2026-09-21 13:58:31,024 - torchtitan.observability.metrics - INFO - step:  7  loss:  7.21310  grad_norm: 22.9275  memory: 223.01GiB(80.66%)  tps: 5,786  tflops: 512.79  mfu: 20.51%
[rank0]:[titan] 2026-09-21 13:58:48,759 - torchtitan.observability.metrics - INFO - step:  8  loss:  5.69890  grad_norm: 33.2894  memory: 223.01GiB(80.66%)  tps: 5,543  tflops: 491.29  mfu: 19.65%
[rank0]:[titan] 2026-09-21 13:52:33,083 - torchtitan.distributed.fsdp - INFO - fsdp dense-never: layer 40 experts sharded separately (reshard=True), dense params kept unsharded (reshard=False)
[rank0]:[titan] 2026-09-21 13:52:33,106 - torchtitan.distributed.fsdp - INFO - fsdp dense-never: layer 41 experts sharded separately (reshard=True), dense params kept unsharded (reshard=False)
[rank0]:[titan] 2026-09-21 13:52:33,125 - torchtitan.distributed.fsdp - INFO - fsdp dense-never: layer 42 experts sharded separately (reshard=True), dense params kept unsharded (reshard=False)
[rank0]:[titan] 2026-09-21 13:52:33,183 - torchtitan.distributed.fsdp - INFO - Applied HSDP to the model
[rank0]:[titan] 2026-09-21 13:52:33,186 - torchtitan.models.deepseek_v3.parallelize - INFO - block-input offload: wrapped 43 decoder blocks
[rank0]:[titan] 2026-09-21 13:52:49,816 - torchtitan.trainer - INFO - Peak FLOPS used for computing MFU: 2.500e+15
[rank0]:[titan] 2026-09-21 13:59:06,042 - torchtitan.observability.metrics - INFO - step:  9  loss:  5.57768  grad_norm: 36.2332  memory: 223.01GiB(80.66%)  tps: 5,688  tflops: 504.13  mfu: 20.17%
[rank0]:[titan] 2026-09-21 13:59:23,037 - torchtitan.observability.metrics - INFO - step: 10  loss:  5.17134  grad_norm: 21.6903  memory: 223.01GiB(80.66%)  tps: 5,784  tflops: 512.67  mfu: 20.51%
[rank0]:[titan] 2026-09-21 13:59:40,053 - torchtitan.observability.metrics - INFO - step: 11  loss:  4.23557  grad_norm: 15.4323  memory: 223.01GiB(80.66%)  tps: 5,777  tflops: 512.03  mfu: 20.48%
[rank0]:[titan] 2026-09-21 13:52:34,567 - torchtitan.distributed.fsdp - INFO - fsdp dense-never: layer 40 experts sharded separately (reshard=True), dense params kept unsharded (reshard=False)
[rank0]:[titan] 2026-09-21 13:52:34,588 - torchtitan.distributed.fsdp - INFO - fsdp dense-never: layer 41 experts sharded separately (reshard=True), dense params kept unsharded (reshard=False)
[rank0]:[titan] 2026-09-21 13:52:34,606 - torchtitan.distributed.fsdp - INFO - fsdp dense-never: layer 42 experts sharded separately (reshard=True), dense params kept unsharded (reshard=False)
[rank0]:[titan] 2026-09-21 13:52:34,660 - torchtitan.distributed.fsdp - INFO - Applied HSDP to the model
[rank0]:[titan] 2026-09-21 13:52:34,661 - torchtitan.models.deepseek_v3.parallelize - INFO - block-input offload: wrapped 43 decoder blocks
[rank0]:[titan] 2026-09-21 13:52:49,293 - torchtitan.trainer - INFO - Peak FLOPS used for computing MFU: 2.500e+15
[rank0]:[titan] 2026-09-21 13:59:57,010 - torchtitan.observability.metrics - INFO - step: 12  loss:  3.67102  grad_norm: 10.2990  memory: 223.01GiB(80.66%)  tps: 5,798  tflops: 513.84  mfu: 20.55%
[rank0]:[titan] 2026-09-21 14:00:13,933 - torchtitan.observability.metrics - INFO - step: 13  loss:  3.58123  grad_norm: 10.4357  memory: 223.01GiB(80.66%)  tps: 5,809  tflops: 514.87  mfu: 20.59%
[rank0]:[titan] 2026-09-21 14:00:30,807 - torchtitan.observability.metrics - INFO - step: 14  loss:  3.52114  grad_norm: 13.8853  memory: 223.01GiB(80.66%)  tps: 5,826  tflops: 516.34  mfu: 20.65%
[rank0]:[titan] 2026-09-21 14:00:47,884 - torchtitan.observability.metrics - INFO - step: 15  loss:  3.30625  grad_norm:  6.9609  memory: 223.01GiB(80.66%)  tps: 5,757  tflops: 510.21  mfu: 20.41%
[rank0]:[titan] 2026-09-21 14:01:04,771 - torchtitan.observability.metrics - INFO - step: 16  loss:  3.28106  grad_norm: 10.4845  memory: 223.01GiB(80.66%)  tps: 5,822  tflops: 515.96  mfu: 20.64%
[rank0]:[titan] 2026-09-21 14:01:21,625 - torchtitan.observability.metrics - INFO - step: 17  loss:  3.20511  grad_norm: 10.0422  memory: 223.01GiB(80.66%)  tps: 5,833  tflops: 516.95  mfu: 20.68%
[rank0]:[titan] 2026-09-21 13:52:35,235 - torchtitan.distributed.fsdp - INFO - fsdp dense-never: layer 40 experts sharded separately (reshard=True), dense params kept unsharded (reshard=False)
[rank0]:[titan] 2026-09-21 13:52:35,260 - torchtitan.distributed.fsdp - INFO - fsdp dense-never: layer 41 experts sharded separately (reshard=True), dense params kept unsharded (reshard=False)
[rank0]:[titan] 2026-09-21 13:52:35,281 - torchtitan.distributed.fsdp - INFO - fsdp dense-never: layer 42 experts sharded separately (reshard=True), dense params kept unsharded (reshard=False)
[rank0]:[titan] 2026-09-21 13:52:35,340 - torchtitan.distributed.fsdp - INFO - Applied HSDP to the model
[rank0]:[titan] 2026-09-21 13:52:35,343 - torchtitan.models.deepseek_v3.parallelize - INFO - block-input offload: wrapped 43 decoder blocks
[rank0]:[titan] 2026-09-21 13:52:49,295 - torchtitan.trainer - INFO - Peak FLOPS used for computing MFU: 2.500e+15
[rank0]:[titan] 2026-09-21 13:52:49,290 - torchtitan.trainer - INFO - CUDA memory usage for model: 20.02GiB(7.24%)
[rank0]:[titan] 2026-09-21 13:52:49,297 - torchtitan.components.optimizer.optimizer - INFO - Optimizer AdamW (model_part=0): 1242 params [.*] {'fused': True, 'foreach': False, 'lr': 0.0008, 'betas': (0.9, 0.95), 'eps': 1e-08, 'weight_decay': 0.1}
[rank0]:[titan] 2026-09-21 13:52:49,303 - torchtitan.components.tokenizer - INFO - Loading tokenizer from tokenizer.json
[rank0]:[titan] 2026-09-21 13:52:49,424 - httpx - INFO - HTTP Request: HEAD https://s3.amazonaws.com/datasets.huggingface.co/datasets/datasets/json/json.py "HTTP/1.1 200 OK"
[rank0]:[titan] 2026-09-21 13:52:49,612 - torchtitan.protocols.state_dict_adapter - WARNING - model.safetensors.index.json not found at hf_assets_path: ./tests/assets/tokenizer/model.safetensors.index.json.                     Defaulting to saving a single safetensors file if checkpoint is saved in HF format
[rank0]:[titan] 2026-09-21 13:52:49,817 - torchtitan.trainer - INFO - CUDA memory usage for model: 20.02GiB(7.24%)
[rank0]:[titan] 2026-09-21 13:52:49,826 - torchtitan.components.optimizer.optimizer - INFO - Optimizer AdamW (model_part=0): 1242 params [.*] {'fused': True, 'foreach': False, 'lr': 0.0008, 'betas': (0.9, 0.95), 'eps': 1e-08, 'weight_decay': 0.1}
[rank0]:[titan] 2026-09-21 13:52:49,832 - torchtitan.components.tokenizer - INFO - Loading tokenizer from tokenizer.json
[rank0]:[titan] 2026-09-21 13:52:49,970 - httpx - INFO - HTTP Request: HEAD https://s3.amazonaws.com/datasets.huggingface.co/datasets/datasets/json/json.py "HTTP/1.1 200 OK"
[rank0]:[titan] 2026-09-21 13:52:50,113 - torchtitan.protocols.state_dict_adapter - WARNING - model.safetensors.index.json not found at hf_assets_path: ./tests/assets/tokenizer/model.safetensors.index.json.                     Defaulting to saving a single safetensors file if checkpoint is saved in HF format
[rank0]:[titan] 2026-09-21 14:01:38,471 - torchtitan.observability.metrics - INFO - step: 18  loss:  3.07286  grad_norm:  7.3977  memory: 223.01GiB(80.66%)  tps: 5,835  tflops: 517.20  mfu: 20.69%
[rank0]:[titan] 2026-09-21 14:01:55,325 - torchtitan.observability.metrics - INFO - step: 19  loss:  2.98416  grad_norm:  5.3227  memory: 223.01GiB(80.66%)  tps: 5,833  tflops: 516.98  mfu: 20.68%
[rank0]:[titan] 2026-09-21 14:02:12,220 - torchtitan.observability.metrics - INFO - step: 20  loss:  2.94270  grad_norm:  4.1520  memory: 223.01GiB(80.66%)  tps: 5,819  tflops: 515.71  mfu: 20.63%
[rank0]:[titan] 2026-09-21 14:02:12,221 - torchtitan.trainer - INFO - Training completed
[rank0]:[titan] 2026-09-21 14:02:14,741 - __main__ - INFO - Process group destroyed
[rank0]:[titan] 2026-09-21 13:52:49,612 - torchtitan.components.checkpointer.base - WARNING - initial_load_model_only=True has no effect without an initial_load_path.
[rank0]:[titan] 2026-09-21 13:52:49,612 - torchtitan.trainer - INFO - Trainer is initialized with 98304 tokens per DP rank, 12582912 tokens per train step, gradient accumulation steps 1, maximum context length 8192, total steps 20 (warmup 2)
[rank0]:[titan] 2026-09-21 13:52:49,613 - torchtitan.trainer - INFO - Training starts at step 1
[rank0]:[titan] 2026-09-21 13:56:21,017 - torchtitan.observability.metrics - INFO - step:  1  loss: 11.94497  grad_norm: 12.8281  memory: 186.38GiB(67.41%)  tps: 402  tflops: 35.67  mfu: 1.43%
[rank0]:[titan] 2026-09-21 13:56:21,017 - torchtitan.distributed.utils - INFO - Synchronizing and adjusting timeout for all ProcessGroups to 0:01:40
[rank0]:[titan] 2026-09-21 13:52:34,815 - torchtitan.distributed.fsdp - INFO - fsdp dense-never: layer 40 experts sharded separately (reshard=True), dense params kept unsharded (reshard=False)
[rank0]:[titan] 2026-09-21 13:52:34,837 - torchtitan.distributed.fsdp - INFO - fsdp dense-never: layer 41 experts sharded separately (reshard=True), dense params kept unsharded (reshard=False)
[rank0]:[titan] 2026-09-21 13:52:34,855 - torchtitan.distributed.fsdp - INFO - fsdp dense-never: layer 42 experts sharded separately (reshard=True), dense params kept unsharded (reshard=False)
[rank0]:[titan] 2026-09-21 13:52:34,908 - torchtitan.distributed.fsdp - INFO - Applied HSDP to the model
[rank0]:[titan] 2026-09-21 13:52:34,910 - torchtitan.models.deepseek_v3.parallelize - INFO - block-input offload: wrapped 43 decoder blocks
[rank0]:[titan] 2026-09-21 13:52:47,794 - torchtitan.trainer - INFO - Peak FLOPS used for computing MFU: 2.500e+15
[rank0]:[titan] 2026-09-21 13:52:50,114 - torchtitan.components.checkpointer.base - WARNING - initial_load_model_only=True has no effect without an initial_load_path.
[rank0]:[titan] 2026-09-21 13:52:50,114 - torchtitan.trainer - INFO - Trainer is initialized with 98304 tokens per DP rank, 12582912 tokens per train step, gradient accumulation steps 1, maximum context length 8192, total steps 20 (warmup 2)
[rank0]:[titan] 2026-09-21 13:52:50,115 - torchtitan.trainer - INFO - Training starts at step 1
[rank0]:[titan] 2026-09-21 13:56:21,015 - torchtitan.observability.metrics - INFO - step:  1  loss: 11.94497  grad_norm: 12.8281  memory: 186.67GiB(67.51%)  tps: 405  tflops: 35.90  mfu: 1.44%
[rank0]:[titan] 2026-09-21 13:56:21,016 - torchtitan.distributed.utils - INFO - Synchronizing and adjusting timeout for all ProcessGroups to 0:01:40
[rank0]:[titan] 2026-09-21 13:52:49,294 - torchtitan.trainer - INFO - CUDA memory usage for model: 20.02GiB(7.24%)
[rank0]:[titan] 2026-09-21 13:52:49,300 - torchtitan.components.optimizer.optimizer - INFO - Optimizer AdamW (model_part=0): 1242 params [.*] {'fused': True, 'foreach': False, 'lr': 0.0008, 'betas': (0.9, 0.95), 'eps': 1e-08, 'weight_decay': 0.1}
[rank0]:[titan] 2026-09-21 13:52:49,306 - torchtitan.components.tokenizer - INFO - Loading tokenizer from tokenizer.json
[rank0]:[titan] 2026-09-21 13:52:49,425 - httpx - INFO - HTTP Request: HEAD https://s3.amazonaws.com/datasets.huggingface.co/datasets/datasets/json/json.py "HTTP/1.1 200 OK"
[rank0]:[titan] 2026-09-21 13:52:49,631 - torchtitan.protocols.state_dict_adapter - WARNING - model.safetensors.index.json not found at hf_assets_path: ./tests/assets/tokenizer/model.safetensors.index.json.                     Defaulting to saving a single safetensors file if checkpoint is saved in HF format
[rank0]:[titan] 2026-09-21 13:52:49,296 - torchtitan.trainer - INFO - CUDA memory usage for model: 20.02GiB(7.24%)
[rank0]:[titan] 2026-09-21 13:52:49,304 - torchtitan.components.optimizer.optimizer - INFO - Optimizer AdamW (model_part=0): 1242 params [.*] {'fused': True, 'foreach': False, 'lr': 0.0008, 'betas': (0.9, 0.95), 'eps': 1e-08, 'weight_decay': 0.1}
[rank0]:[titan] 2026-09-21 13:52:49,310 - torchtitan.components.tokenizer - INFO - Loading tokenizer from tokenizer.json
[rank0]:[titan] 2026-09-21 13:52:49,448 - httpx - INFO - HTTP Request: HEAD https://s3.amazonaws.com/datasets.huggingface.co/datasets/datasets/json/json.py "HTTP/1.1 200 OK"
[rank0]:[titan] 2026-09-21 13:52:49,591 - torchtitan.protocols.state_dict_adapter - WARNING - model.safetensors.index.json not found at hf_assets_path: ./tests/assets/tokenizer/model.safetensors.index.json.                     Defaulting to saving a single safetensors file if checkpoint is saved in HF format
[rank0]:[titan] 2026-09-21 13:57:03,163 - torchtitan.observability.metrics - INFO - step:  2  loss:  7.16887  grad_norm: 41.6928  memory: 219.16GiB(79.26%)  tps: 2,332  tflops: 206.73  mfu: 8.27%
[rank0]:[titan] 2026-09-21 13:57:22,526 - torchtitan.observability.metrics - INFO - step:  3  loss: 11.53709  grad_norm: 60.2704  memory: 222.17GiB(80.35%)  tps: 5,077  tflops: 449.98  mfu: 18.00%
[rank0]:[titan] 2026-09-21 13:57:39,890 - torchtitan.observability.metrics - INFO - step:  4  loss: 12.72228  grad_norm: 18.5279  memory: 222.17GiB(80.35%)  tps: 5,662  tflops: 501.79  mfu: 20.07%
[rank0]:[titan] 2026-09-21 13:57:03,161 - torchtitan.observability.metrics - INFO - step:  2  loss:  7.16887  grad_norm: 41.6928  memory: 222.21GiB(80.36%)  tps: 2,332  tflops: 206.73  mfu: 8.27%
[rank0]:[titan] 2026-09-21 13:57:22,524 - torchtitan.observability.metrics - INFO - step:  3  loss: 11.53709  grad_norm: 60.2704  memory: 222.21GiB(80.36%)  tps: 5,077  tflops: 449.98  mfu: 18.00%
[rank0]:[titan] 2026-09-21 13:57:39,887 - torchtitan.observability.metrics - INFO - step:  4  loss: 12.72228  grad_norm: 18.5279  memory: 222.21GiB(80.36%)  tps: 5,662  tflops: 501.82  mfu: 20.07%
[rank0]:[titan] 2026-09-21 13:52:33,886 - torchtitan.distributed.fsdp - INFO - fsdp dense-never: layer 40 experts sharded separately (reshard=True), dense params kept unsharded (reshard=False)
[rank0]:[titan] 2026-09-21 13:52:33,907 - torchtitan.distributed.fsdp - INFO - fsdp dense-never: layer 41 experts sharded separately (reshard=True), dense params kept unsharded (reshard=False)
[rank0]:[titan] 2026-09-21 13:52:33,924 - torchtitan.distributed.fsdp - INFO - fsdp dense-never: layer 42 experts sharded separately (reshard=True), dense params kept unsharded (reshard=False)
[rank0]:[titan] 2026-09-21 13:52:33,976 - torchtitan.distributed.fsdp - INFO - Applied HSDP to the model
[rank0]:[titan] 2026-09-21 13:52:33,978 - torchtitan.models.deepseek_v3.parallelize - INFO - block-input offload: wrapped 43 decoder blocks
[rank0]:[titan] 2026-09-21 13:52:47,795 - torchtitan.trainer - INFO - Peak FLOPS used for computing MFU: 2.500e+15
[rank0]:[titan] 2026-09-21 13:52:32,400 - torchtitan.distributed.fsdp - INFO - fsdp dense-never: layer 40 experts sharded separately (reshard=True), dense params kept unsharded (reshard=False)
[rank0]:[titan] 2026-09-21 13:52:32,421 - torchtitan.distributed.fsdp - INFO - fsdp dense-never: layer 41 experts sharded separately (reshard=True), dense params kept unsharded (reshard=False)
[rank0]:[titan] 2026-09-21 13:52:32,439 - torchtitan.distributed.fsdp - INFO - fsdp dense-never: layer 42 experts sharded separately (reshard=True), dense params kept unsharded (reshard=False)
[rank0]:[titan] 2026-09-21 13:52:32,491 - torchtitan.distributed.fsdp - INFO - Applied HSDP to the model
[rank0]:[titan] 2026-09-21 13:52:32,493 - torchtitan.models.deepseek_v3.parallelize - INFO - block-input offload: wrapped 43 decoder blocks
[rank0]:[titan] 2026-09-21 13:52:47,795 - torchtitan.trainer - INFO - Peak FLOPS used for computing MFU: 2.500e+15
[rank0]:[titan] 2026-09-21 13:52:49,631 - torchtitan.components.checkpointer.base - WARNING - initial_load_model_only=True has no effect without an initial_load_path.
[rank0]:[titan] 2026-09-21 13:52:49,631 - torchtitan.trainer - INFO - Trainer is initialized with 98304 tokens per DP rank, 12582912 tokens per train step, gradient accumulation steps 1, maximum context length 8192, total steps 20 (warmup 2)
[rank0]:[titan] 2026-09-21 13:52:49,631 - torchtitan.trainer - INFO - Training starts at step 1
[rank0]:[titan] 2026-09-21 13:56:21,017 - torchtitan.observability.metrics - INFO - step:  1  loss: 11.94497  grad_norm: 12.8281  memory: 187.38GiB(67.77%)  tps: 402  tflops: 35.67  mfu: 1.43%
[rank0]:[titan] 2026-09-21 13:56:21,018 - torchtitan.distributed.utils - INFO - Synchronizing and adjusting timeout for all ProcessGroups to 0:01:40
[rank0]:[titan] 2026-09-21 13:52:49,591 - torchtitan.components.checkpointer.base - WARNING - initial_load_model_only=True has no effect without an initial_load_path.
[rank0]:[titan] 2026-09-21 13:52:49,592 - torchtitan.trainer - INFO - Trainer is initialized with 98304 tokens per DP rank, 12582912 tokens per train step, gradient accumulation steps 1, maximum context length 8192, total steps 20 (warmup 2)
[rank0]:[titan] 2026-09-21 13:52:49,592 - torchtitan.trainer - INFO - Training starts at step 1
[rank0]:[titan] 2026-09-21 13:56:21,018 - torchtitan.observability.metrics - INFO - step:  1  loss: 11.94497  grad_norm: 12.8281  memory: 189.25GiB(68.44%)  tps: 407  tflops: 36.09  mfu: 1.44%
[rank0]:[titan] 2026-09-21 13:56:21,018 - torchtitan.distributed.utils - INFO - Synchronizing and adjusting timeout for all ProcessGroups to 0:01:40
[rank0]:[titan] 2026-09-21 13:57:57,083 - torchtitan.observability.metrics - INFO - step:  5  loss: 10.46122  grad_norm: 35.3050  memory: 222.17GiB(80.35%)  tps: 5,718  tflops: 506.76  mfu: 20.27%
[rank0]:[titan] 2026-09-21 13:57:57,081 - torchtitan.observability.metrics - INFO - step:  5  loss: 10.46122  grad_norm: 35.3050  memory: 222.21GiB(80.36%)  tps: 5,718  tflops: 506.76  mfu: 20.27%
[rank0]:[titan] 2026-09-21 13:57:03,164 - torchtitan.observability.metrics - INFO - step:  2  loss:  7.16887  grad_norm: 41.6928  memory: 222.89GiB(80.61%)  tps: 2,332  tflops: 206.73  mfu: 8.27%
[rank0]:[titan] 2026-09-21 13:57:22,527 - torchtitan.observability.metrics - INFO - step:  3  loss: 11.53709  grad_norm: 60.2704  memory: 222.89GiB(80.61%)  tps: 5,077  tflops: 449.98  mfu: 18.00%
[rank0]:[titan] 2026-09-21 13:57:39,890 - torchtitan.observability.metrics - INFO - step:  4  loss: 12.72228  grad_norm: 18.5279  memory: 223.89GiB(80.97%)  tps: 5,662  tflops: 501.79  mfu: 20.07%
[rank0]:[titan] 2026-09-21 13:57:03,164 - torchtitan.observability.metrics - INFO - step:  2  loss:  7.16887  grad_norm: 41.6928  memory: 218.81GiB(79.13%)  tps: 2,332  tflops: 206.73  mfu: 8.27%
[rank0]:[titan] 2026-09-21 13:57:22,527 - torchtitan.observability.metrics - INFO - step:  3  loss: 11.53709  grad_norm: 60.2704  memory: 221.09GiB(79.96%)  tps: 5,077  tflops: 449.98  mfu: 18.00%
[rank0]:[titan] 2026-09-21 13:57:39,890 - torchtitan.observability.metrics - INFO - step:  4  loss: 12.72228  grad_norm: 18.5279  memory: 221.17GiB(79.99%)  tps: 5,662  tflops: 501.79  mfu: 20.07%
[rank0]:[titan] 2026-09-21 13:58:14,034 - torchtitan.observability.metrics - INFO - step:  6  loss:  9.19707  grad_norm: 25.7863  memory: 222.17GiB(80.35%)  tps: 5,800  tflops: 514.03  mfu: 20.56%
[rank0]:[titan] 2026-09-21 13:58:31,025 - torchtitan.observability.metrics - INFO - step:  7  loss:  7.21310  grad_norm: 22.9275  memory: 222.17GiB(80.35%)  tps: 5,786  tflops: 512.79  mfu: 20.51%
[rank0]:[titan] 2026-09-21 13:58:48,760 - torchtitan.observability.metrics - INFO - step:  8  loss:  5.69890  grad_norm: 33.2894  memory: 222.17GiB(80.35%)  tps: 5,543  tflops: 491.29  mfu: 19.65%
[rank0]:[titan] 2026-09-21 13:52:47,794 - torchtitan.trainer - INFO - CUDA memory usage for model: 20.02GiB(7.24%)
[rank0]:[titan] 2026-09-21 13:52:47,801 - torchtitan.components.optimizer.optimizer - INFO - Optimizer AdamW (model_part=0): 1242 params [.*] {'fused': True, 'foreach': False, 'lr': 0.0008, 'betas': (0.9, 0.95), 'eps': 1e-08, 'weight_decay': 0.1}
[rank0]:[titan] 2026-09-21 13:52:47,807 - torchtitan.components.tokenizer - INFO - Loading tokenizer from tokenizer.json
[rank0]:[titan] 2026-09-21 13:52:47,943 - httpx - INFO - HTTP Request: HEAD https://s3.amazonaws.com/datasets.huggingface.co/datasets/datasets/json/json.py "HTTP/1.1 200 OK"
[rank0]:[titan] 2026-09-21 13:52:48,085 - torchtitan.protocols.state_dict_adapter - WARNING - model.safetensors.index.json not found at hf_assets_path: ./tests/assets/tokenizer/model.safetensors.index.json.                     Defaulting to saving a single safetensors file if checkpoint is saved in HF format
[rank0]:[titan] 2026-09-21 13:58:14,031 - torchtitan.observability.metrics - INFO - step:  6  loss:  9.19707  grad_norm: 25.7863  memory: 224.33GiB(81.13%)  tps: 5,800  tflops: 514.02  mfu: 20.56%
[rank0]:[titan] 2026-09-21 13:58:31,022 - torchtitan.observability.metrics - INFO - step:  7  loss:  7.21310  grad_norm: 22.9275  memory: 224.33GiB(81.13%)  tps: 5,786  tflops: 512.79  mfu: 20.51%
[rank0]:[titan] 2026-09-21 13:58:48,757 - torchtitan.observability.metrics - INFO - step:  8  loss:  5.69890  grad_norm: 33.2894  memory: 224.33GiB(81.13%)  tps: 5,543  tflops: 491.29  mfu: 19.65%
[rank0]:[titan] 2026-09-21 13:52:47,796 - torchtitan.trainer - INFO - CUDA memory usage for model: 20.02GiB(7.24%)
[rank0]:[titan] 2026-09-21 13:52:47,802 - torchtitan.components.optimizer.optimizer - INFO - Optimizer AdamW (model_part=0): 1242 params [.*] {'fused': True, 'foreach': False, 'lr': 0.0008, 'betas': (0.9, 0.95), 'eps': 1e-08, 'weight_decay': 0.1}
[rank0]:[titan] 2026-09-21 13:52:47,808 - torchtitan.components.tokenizer - INFO - Loading tokenizer from tokenizer.json
[rank0]:[titan] 2026-09-21 13:52:47,937 - httpx - INFO - HTTP Request: HEAD https://s3.amazonaws.com/datasets.huggingface.co/datasets/datasets/json/json.py "HTTP/1.1 200 OK"
[rank0]:[titan] 2026-09-21 13:52:48,123 - torchtitan.protocols.state_dict_adapter - WARNING - model.safetensors.index.json not found at hf_assets_path: ./tests/assets/tokenizer/model.safetensors.index.json.                     Defaulting to saving a single safetensors file if checkpoint is saved in HF format
[rank0]:[titan] 2026-09-21 13:57:57,083 - torchtitan.observability.metrics - INFO - step:  5  loss: 10.46122  grad_norm: 35.3050  memory: 223.89GiB(80.97%)  tps: 5,718  tflops: 506.76  mfu: 20.27%
[rank0]:[titan] 2026-09-21 13:57:57,084 - torchtitan.observability.metrics - INFO - step:  5  loss: 10.46122  grad_norm: 35.3050  memory: 221.17GiB(79.99%)  tps: 5,718  tflops: 506.76  mfu: 20.27%
[rank0]:[titan] 2026-09-21 13:59:06,043 - torchtitan.observability.metrics - INFO - step:  9  loss:  5.57768  grad_norm: 36.2332  memory: 222.17GiB(80.35%)  tps: 5,688  tflops: 504.11  mfu: 20.16%
[rank0]:[titan] 2026-09-21 13:59:23,038 - torchtitan.observability.metrics - INFO - step: 10  loss:  5.17134  grad_norm: 21.6903  memory: 222.17GiB(80.35%)  tps: 5,784  tflops: 512.67  mfu: 20.51%
[rank0]:[titan] 2026-09-21 13:59:40,055 - torchtitan.observability.metrics - INFO - step: 11  loss:  4.23557  grad_norm: 15.4323  memory: 222.17GiB(80.35%)  tps: 5,777  tflops: 512.03  mfu: 20.48%
[rank0]:[titan] 2026-09-21 13:52:48,085 - torchtitan.components.checkpointer.base - WARNING - initial_load_model_only=True has no effect without an initial_load_path.
[rank0]:[titan] 2026-09-21 13:52:48,085 - torchtitan.trainer - INFO - Trainer is initialized with 98304 tokens per DP rank, 12582912 tokens per train step, gradient accumulation steps 1, maximum context length 8192, total steps 20 (warmup 2)
[rank0]:[titan] 2026-09-21 13:52:48,086 - torchtitan.trainer - INFO - Training starts at step 1
[rank0]:[titan] 2026-09-21 13:56:21,016 - torchtitan.observability.metrics - INFO - step:  1  loss: 11.94497  grad_norm: 12.8281  memory: 186.35GiB(67.39%)  tps: 402  tflops: 35.67  mfu: 1.43%
[rank0]:[titan] 2026-09-21 13:56:21,017 - torchtitan.distributed.utils - INFO - Synchronizing and adjusting timeout for all ProcessGroups to 0:01:40
[rank0]:[titan] 2026-09-21 13:59:06,041 - torchtitan.observability.metrics - INFO - step:  9  loss:  5.57768  grad_norm: 36.2332  memory: 224.33GiB(81.13%)  tps: 5,688  tflops: 504.11  mfu: 20.16%
[rank0]:[titan] 2026-09-21 13:59:23,036 - torchtitan.observability.metrics - INFO - step: 10  loss:  5.17134  grad_norm: 21.6903  memory: 224.33GiB(81.13%)  tps: 5,784  tflops: 512.67  mfu: 20.51%
[rank0]:[titan] 2026-09-21 13:59:40,052 - torchtitan.observability.metrics - INFO - step: 11  loss:  4.23557  grad_norm: 15.4323  memory: 224.33GiB(81.13%)  tps: 5,777  tflops: 512.03  mfu: 20.48%
[rank0]:[titan] 2026-09-21 13:52:48,123 - torchtitan.components.checkpointer.base - WARNING - initial_load_model_only=True has no effect without an initial_load_path.
[rank0]:[titan] 2026-09-21 13:52:48,123 - torchtitan.trainer - INFO - Trainer is initialized with 98304 tokens per DP rank, 12582912 tokens per train step, gradient accumulation steps 1, maximum context length 8192, total steps 20 (warmup 2)
[rank0]:[titan] 2026-09-21 13:52:48,123 - torchtitan.trainer - INFO - Training starts at step 1
[rank0]:[titan] 2026-09-21 13:56:21,018 - torchtitan.observability.metrics - INFO - step:  1  loss: 11.94497  grad_norm: 12.8281  memory: 188.46GiB(68.16%)  tps: 402  tflops: 35.66  mfu: 1.43%
[rank0]:[titan] 2026-09-21 13:56:21,019 - torchtitan.distributed.utils - INFO - Synchronizing and adjusting timeout for all ProcessGroups to 0:01:40
[rank0]:[titan] 2026-09-21 13:52:47,795 - torchtitan.trainer - INFO - CUDA memory usage for model: 20.02GiB(7.24%)
[rank0]:[titan] 2026-09-21 13:52:47,802 - torchtitan.components.optimizer.optimizer - INFO - Optimizer AdamW (model_part=0): 1242 params [.*] {'fused': True, 'foreach': False, 'lr': 0.0008, 'betas': (0.9, 0.95), 'eps': 1e-08, 'weight_decay': 0.1}
[rank0]:[titan] 2026-09-21 13:52:47,808 - torchtitan.components.tokenizer - INFO - Loading tokenizer from tokenizer.json
[rank0]:[titan] 2026-09-21 13:52:47,929 - httpx - INFO - HTTP Request: HEAD https://s3.amazonaws.com/datasets.huggingface.co/datasets/datasets/json/json.py "HTTP/1.1 200 OK"
[rank0]:[titan] 2026-09-21 13:52:48,123 - torchtitan.protocols.state_dict_adapter - WARNING - model.safetensors.index.json not found at hf_assets_path: ./tests/assets/tokenizer/model.safetensors.index.json.                     Defaulting to saving a single safetensors file if checkpoint is saved in HF format
[rank0]:[titan] 2026-09-21 13:58:14,034 - torchtitan.observability.metrics - INFO - step:  6  loss:  9.19707  grad_norm: 25.7863  memory: 223.89GiB(80.97%)  tps: 5,800  tflops: 514.02  mfu: 20.56%
[rank0]:[titan] 2026-09-21 13:58:31,025 - torchtitan.observability.metrics - INFO - step:  7  loss:  7.21310  grad_norm: 22.9275  memory: 223.89GiB(80.97%)  tps: 5,786  tflops: 512.79  mfu: 20.51%
[rank0]:[titan] 2026-09-21 13:58:48,760 - torchtitan.observability.metrics - INFO - step:  8  loss:  5.69890  grad_norm: 33.2894  memory: 223.89GiB(80.97%)  tps: 5,543  tflops: 491.29  mfu: 19.65%
[rank0]:[titan] 2026-09-21 13:58:14,034 - torchtitan.observability.metrics - INFO - step:  6  loss:  9.19707  grad_norm: 25.7863  memory: 224.41GiB(81.16%)  tps: 5,800  tflops: 514.02  mfu: 20.56%
[rank0]:[titan] 2026-09-21 13:58:31,025 - torchtitan.observability.metrics - INFO - step:  7  loss:  7.21310  grad_norm: 22.9275  memory: 224.41GiB(81.16%)  tps: 5,786  tflops: 512.79  mfu: 20.51%
[rank0]:[titan] 2026-09-21 13:58:48,760 - torchtitan.observability.metrics - INFO - step:  8  loss:  5.69890  grad_norm: 33.2894  memory: 224.41GiB(81.16%)  tps: 5,543  tflops: 491.29  mfu: 19.65%
[rank0]:[titan] 2026-09-21 13:59:57,011 - torchtitan.observability.metrics - INFO - step: 12  loss:  3.67102  grad_norm: 10.2990  memory: 222.17GiB(80.35%)  tps: 5,797  tflops: 513.83  mfu: 20.55%
[rank0]:[titan] 2026-09-21 14:00:13,934 - torchtitan.observability.metrics - INFO - step: 13  loss:  3.58123  grad_norm: 10.4357  memory: 222.17GiB(80.35%)  tps: 5,809  tflops: 514.87  mfu: 20.59%
[rank0]:[titan] 2026-09-21 14:00:30,808 - torchtitan.observability.metrics - INFO - step: 14  loss:  3.52114  grad_norm: 13.8853  memory: 222.45GiB(80.45%)  tps: 5,826  tflops: 516.34  mfu: 20.65%
[rank0]:[titan] 2026-09-21 13:57:03,163 - torchtitan.observability.metrics - INFO - step:  2  loss:  7.16887  grad_norm: 41.6928  memory: 218.36GiB(78.97%)  tps: 2,332  tflops: 206.73  mfu: 8.27%
[rank0]:[titan] 2026-09-21 13:57:22,526 - torchtitan.observability.metrics - INFO - step:  3  loss: 11.53709  grad_norm: 60.2704  memory: 219.65GiB(79.44%)  tps: 5,077  tflops: 449.98  mfu: 18.00%
[rank0]:[titan] 2026-09-21 13:57:39,889 - torchtitan.observability.metrics - INFO - step:  4  loss: 12.72228  grad_norm: 18.5279  memory: 219.65GiB(79.44%)  tps: 5,662  tflops: 501.79  mfu: 20.07%
[rank0]:[titan] 2026-09-21 13:59:57,009 - torchtitan.observability.metrics - INFO - step: 12  loss:  3.67102  grad_norm: 10.2990  memory: 224.33GiB(81.13%)  tps: 5,798  tflops: 513.84  mfu: 20.55%
[rank0]:[titan] 2026-09-21 14:00:13,931 - torchtitan.observability.metrics - INFO - step: 13  loss:  3.58123  grad_norm: 10.4357  memory: 224.33GiB(81.13%)  tps: 5,809  tflops: 514.87  mfu: 20.59%
[rank0]:[titan] 2026-09-21 14:00:30,806 - torchtitan.observability.metrics - INFO - step: 14  loss:  3.52114  grad_norm: 13.8853  memory: 224.33GiB(81.13%)  tps: 5,826  tflops: 516.35  mfu: 20.65%
[rank0]:[titan] 2026-09-21 13:57:03,165 - torchtitan.observability.metrics - INFO - step:  2  loss:  7.16887  grad_norm: 41.6928  memory: 217.39GiB(78.62%)  tps: 2,332  tflops: 206.73  mfu: 8.27%
[rank0]:[titan] 2026-09-21 13:57:22,527 - torchtitan.observability.metrics - INFO - step:  3  loss: 11.53709  grad_norm: 60.2704  memory: 220.61GiB(79.79%)  tps: 5,077  tflops: 449.98  mfu: 18.00%
[rank0]:[titan] 2026-09-21 13:57:39,891 - torchtitan.observability.metrics - INFO - step:  4  loss: 12.72228  grad_norm: 18.5279  memory: 220.90GiB(79.89%)  tps: 5,662  tflops: 501.79  mfu: 20.07%
[rank0]:[titan] 2026-09-21 13:52:48,123 - torchtitan.components.checkpointer.base - WARNING - initial_load_model_only=True has no effect without an initial_load_path.
[rank0]:[titan] 2026-09-21 13:52:48,123 - torchtitan.trainer - INFO - Trainer is initialized with 98304 tokens per DP rank, 12582912 tokens per train step, gradient accumulation steps 1, maximum context length 8192, total steps 20 (warmup 2)
[rank0]:[titan] 2026-09-21 13:52:48,124 - torchtitan.trainer - INFO - Training starts at step 1
[rank0]:[titan] 2026-09-21 13:56:21,017 - torchtitan.observability.metrics - INFO - step:  1  loss: 11.94497  grad_norm: 12.8281  memory: 190.88GiB(69.03%)  tps: 402  tflops: 35.66  mfu: 1.43%
[rank0]:[titan] 2026-09-21 13:56:21,018 - torchtitan.distributed.utils - INFO - Synchronizing and adjusting timeout for all ProcessGroups to 0:01:40
[rank0]:[titan] 2026-09-21 13:59:06,043 - torchtitan.observability.metrics - INFO - step:  9  loss:  5.57768  grad_norm: 36.2332  memory: 223.89GiB(80.97%)  tps: 5,688  tflops: 504.11  mfu: 20.16%
[rank0]:[titan] 2026-09-21 13:59:23,039 - torchtitan.observability.metrics - INFO - step: 10  loss:  5.17134  grad_norm: 21.6903  memory: 223.89GiB(80.97%)  tps: 5,784  tflops: 512.67  mfu: 20.51%
[rank0]:[titan] 2026-09-21 13:59:40,055 - torchtitan.observability.metrics - INFO - step: 11  loss:  4.23557  grad_norm: 15.4323  memory: 223.89GiB(80.97%)  tps: 5,777  tflops: 512.03  mfu: 20.48%
[rank0]:[titan] 2026-09-21 13:59:06,044 - torchtitan.observability.metrics - INFO - step:  9  loss:  5.57768  grad_norm: 36.2332  memory: 224.41GiB(81.16%)  tps: 5,688  tflops: 504.12  mfu: 20.16%
[rank0]:[titan] 2026-09-21 13:59:23,039 - torchtitan.observability.metrics - INFO - step: 10  loss:  5.17134  grad_norm: 21.6903  memory: 224.41GiB(81.16%)  tps: 5,784  tflops: 512.67  mfu: 20.51%
[rank0]:[titan] 2026-09-21 13:59:40,055 - torchtitan.observability.metrics - INFO - step: 11  loss:  4.23557  grad_norm: 15.4323  memory: 224.41GiB(81.16%)  tps: 5,777  tflops: 512.03  mfu: 20.48%
[rank0]:[titan] 2026-09-21 14:00:47,885 - torchtitan.observability.metrics - INFO - step: 15  loss:  3.30625  grad_norm:  6.9609  memory: 223.68GiB(80.90%)  tps: 5,757  tflops: 510.22  mfu: 20.41%
[rank0]:[titan] 2026-09-21 14:01:04,772 - torchtitan.observability.metrics - INFO - step: 16  loss:  3.28106  grad_norm: 10.4845  memory: 223.68GiB(80.90%)  tps: 5,822  tflops: 515.96  mfu: 20.64%
[rank0]:[titan] 2026-09-21 14:01:21,626 - torchtitan.observability.metrics - INFO - step: 17  loss:  3.20511  grad_norm: 10.0422  memory: 223.68GiB(80.90%)  tps: 5,833  tflops: 516.95  mfu: 20.68%
[rank0]:[titan] 2026-09-21 13:57:57,082 - torchtitan.observability.metrics - INFO - step:  5  loss: 10.46122  grad_norm: 35.3050  memory: 223.64GiB(80.88%)  tps: 5,718  tflops: 506.76  mfu: 20.27%
[rank0]:[titan] 2026-09-21 14:00:47,883 - torchtitan.observability.metrics - INFO - step: 15  loss:  3.30625  grad_norm:  6.9609  memory: 224.33GiB(81.13%)  tps: 5,757  tflops: 510.21  mfu: 20.41%
[rank0]:[titan] 2026-09-21 14:01:04,769 - torchtitan.observability.metrics - INFO - step: 16  loss:  3.28106  grad_norm: 10.4845  memory: 224.33GiB(81.13%)  tps: 5,822  tflops: 515.97  mfu: 20.64%
[rank0]:[titan] 2026-09-21 14:01:21,624 - torchtitan.observability.metrics - INFO - step: 17  loss:  3.20511  grad_norm: 10.0422  memory: 225.21GiB(81.45%)  tps: 5,833  tflops: 516.95  mfu: 20.68%
[rank0]:[titan] 2026-09-21 13:57:57,084 - torchtitan.observability.metrics - INFO - step:  5  loss: 10.46122  grad_norm: 35.3050  memory: 220.90GiB(79.89%)  tps: 5,718  tflops: 506.76  mfu: 20.27%
[rank0]:[titan] 2026-09-21 13:57:03,163 - torchtitan.observability.metrics - INFO - step:  2  loss:  7.16887  grad_norm: 41.6928  memory: 219.65GiB(79.44%)  tps: 2,332  tflops: 206.73  mfu: 8.27%
[rank0]:[titan] 2026-09-21 13:57:22,526 - torchtitan.observability.metrics - INFO - step:  3  loss: 11.53709  grad_norm: 60.2704  memory: 219.65GiB(79.44%)  tps: 5,077  tflops: 449.98  mfu: 18.00%
[rank0]:[titan] 2026-09-21 13:57:39,890 - torchtitan.observability.metrics - INFO - step:  4  loss: 12.72228  grad_norm: 18.5279  memory: 219.65GiB(79.44%)  tps: 5,662  tflops: 501.79  mfu: 20.07%
[rank0]:[titan] 2026-09-21 13:59:57,012 - torchtitan.observability.metrics - INFO - step: 12  loss:  3.67102  grad_norm: 10.2990  memory: 223.89GiB(80.97%)  tps: 5,798  tflops: 513.84  mfu: 20.55%
[rank0]:[titan] 2026-09-21 14:00:13,934 - torchtitan.observability.metrics - INFO - step: 13  loss:  3.58123  grad_norm: 10.4357  memory: 223.89GiB(80.97%)  tps: 5,809  tflops: 514.87  mfu: 20.59%
[rank0]:[titan] 2026-09-21 14:00:30,808 - torchtitan.observability.metrics - INFO - step: 14  loss:  3.52114  grad_norm: 13.8853  memory: 223.89GiB(80.97%)  tps: 5,826  tflops: 516.34  mfu: 20.65%
[rank0]:[titan] 2026-09-21 13:59:57,012 - torchtitan.observability.metrics - INFO - step: 12  loss:  3.67102  grad_norm: 10.2990  memory: 224.41GiB(81.16%)  tps: 5,798  tflops: 513.84  mfu: 20.55%
[rank0]:[titan] 2026-09-21 14:00:13,934 - torchtitan.observability.metrics - INFO - step: 13  loss:  3.58123  grad_norm: 10.4357  memory: 224.41GiB(81.16%)  tps: 5,809  tflops: 514.87  mfu: 20.59%
[rank0]:[titan] 2026-09-21 14:00:30,809 - torchtitan.observability.metrics - INFO - step: 14  loss:  3.52114  grad_norm: 13.8853  memory: 224.41GiB(81.16%)  tps: 5,826  tflops: 516.34  mfu: 20.65%
[rank0]:[titan] 2026-09-21 14:01:38,473 - torchtitan.observability.metrics - INFO - step: 18  loss:  3.07286  grad_norm:  7.3977  memory: 223.68GiB(80.90%)  tps: 5,835  tflops: 517.19  mfu: 20.69%
[rank0]:[titan] 2026-09-21 14:01:55,326 - torchtitan.observability.metrics - INFO - step: 19  loss:  2.98416  grad_norm:  5.3227  memory: 223.68GiB(80.90%)  tps: 5,833  tflops: 516.98  mfu: 20.68%
[rank0]:[titan] 2026-09-21 14:02:12,221 - torchtitan.observability.metrics - INFO - step: 20  loss:  2.94270  grad_norm:  4.1520  memory: 223.68GiB(80.90%)  tps: 5,819  tflops: 515.70  mfu: 20.63%
[rank0]:[titan] 2026-09-21 14:02:12,222 - torchtitan.trainer - INFO - Training completed
[rank0]:[titan] 2026-09-21 14:02:15,130 - __main__ - INFO - Process group destroyed
[rank0]:[titan] 2026-09-21 13:58:14,033 - torchtitan.observability.metrics - INFO - step:  6  loss:  9.19707  grad_norm: 25.7863  memory: 223.64GiB(80.88%)  tps: 5,800  tflops: 514.02  mfu: 20.56%
[rank0]:[titan] 2026-09-21 13:58:31,024 - torchtitan.observability.metrics - INFO - step:  7  loss:  7.21310  grad_norm: 22.9275  memory: 223.64GiB(80.88%)  tps: 5,786  tflops: 512.79  mfu: 20.51%
[rank0]:[titan] 2026-09-21 13:58:48,759 - torchtitan.observability.metrics - INFO - step:  8  loss:  5.69890  grad_norm: 33.2894  memory: 223.64GiB(80.88%)  tps: 5,543  tflops: 491.29  mfu: 19.65%
[rank0]:[titan] 2026-09-21 14:01:38,470 - torchtitan.observability.metrics - INFO - step: 18  loss:  3.07286  grad_norm:  7.3977  memory: 225.21GiB(81.45%)  tps: 5,835  tflops: 517.20  mfu: 20.69%
[rank0]:[titan] 2026-09-21 14:01:55,323 - torchtitan.observability.metrics - INFO - step: 19  loss:  2.98416  grad_norm:  5.3227  memory: 225.21GiB(81.45%)  tps: 5,833  tflops: 516.98  mfu: 20.68%
[rank0]:[titan] 2026-09-21 14:02:12,218 - torchtitan.observability.metrics - INFO - step: 20  loss:  2.94270  grad_norm:  4.1520  memory: 225.21GiB(81.45%)  tps: 5,819  tflops: 515.70  mfu: 20.63%
[rank0]:[titan] 2026-09-21 14:02:12,219 - torchtitan.trainer - INFO - Training completed
[rank0]:[titan] 2026-09-21 14:02:14,224 - __main__ - INFO - Process group destroyed
[rank0]:[titan] 2026-09-21 13:58:14,035 - torchtitan.observability.metrics - INFO - step:  6  loss:  9.19707  grad_norm: 25.7863  memory: 220.90GiB(79.89%)  tps: 5,800  tflops: 514.02  mfu: 20.56%
[rank0]:[titan] 2026-09-21 13:58:31,026 - torchtitan.observability.metrics - INFO - step:  7  loss:  7.21310  grad_norm: 22.9275  memory: 220.90GiB(79.89%)  tps: 5,786  tflops: 512.79  mfu: 20.51%
[rank0]:[titan] 2026-09-21 13:58:48,761 - torchtitan.observability.metrics - INFO - step:  8  loss:  5.69890  grad_norm: 33.2894  memory: 223.77GiB(80.93%)  tps: 5,543  tflops: 491.29  mfu: 19.65%
[rank0]:[titan] 2026-09-21 13:57:57,083 - torchtitan.observability.metrics - INFO - step:  5  loss: 10.46122  grad_norm: 35.3050  memory: 220.73GiB(79.83%)  tps: 5,718  tflops: 506.76  mfu: 20.27%
[rank0]:[titan] 2026-09-21 13:52:34,544 - torchtitan.distributed.fsdp - INFO - fsdp dense-never: layer 40 experts sharded separately (reshard=True), dense params kept unsharded (reshard=False)
[rank0]:[titan] 2026-09-21 13:52:34,569 - torchtitan.distributed.fsdp - INFO - fsdp dense-never: layer 41 experts sharded separately (reshard=True), dense params kept unsharded (reshard=False)
[rank0]:[titan] 2026-09-21 13:52:34,590 - torchtitan.distributed.fsdp - INFO - fsdp dense-never: layer 42 experts sharded separately (reshard=True), dense params kept unsharded (reshard=False)
[rank0]:[titan] 2026-09-21 13:52:34,649 - torchtitan.distributed.fsdp - INFO - Applied HSDP to the model
[rank0]:[titan] 2026-09-21 13:52:34,650 - torchtitan.models.deepseek_v3.parallelize - INFO - block-input offload: wrapped 43 decoder blocks
[rank0]:[titan] 2026-09-21 13:52:49,295 - torchtitan.trainer - INFO - Peak FLOPS used for computing MFU: 2.500e+15
[rank0]:[titan] 2026-09-21 14:00:47,885 - torchtitan.observability.metrics - INFO - step: 15  loss:  3.30625  grad_norm:  6.9609  memory: 223.89GiB(80.97%)  tps: 5,757  tflops: 510.21  mfu: 20.41%
[rank0]:[titan] 2026-09-21 14:01:04,772 - torchtitan.observability.metrics - INFO - step: 16  loss:  3.28106  grad_norm: 10.4845  memory: 223.89GiB(80.97%)  tps: 5,822  tflops: 515.97  mfu: 20.64%
[rank0]:[titan] 2026-09-21 14:01:21,626 - torchtitan.observability.metrics - INFO - step: 17  loss:  3.20511  grad_norm: 10.0422  memory: 223.89GiB(80.97%)  tps: 5,833  tflops: 516.95  mfu: 20.68%
[rank0]:[titan] 2026-09-21 14:00:47,886 - torchtitan.observability.metrics - INFO - step: 15  loss:  3.30625  grad_norm:  6.9609  memory: 224.41GiB(81.16%)  tps: 5,757  tflops: 510.21  mfu: 20.41%
[rank0]:[titan] 2026-09-21 14:01:04,772 - torchtitan.observability.metrics - INFO - step: 16  loss:  3.28106  grad_norm: 10.4845  memory: 224.41GiB(81.16%)  tps: 5,822  tflops: 515.96  mfu: 20.64%
[rank0]:[titan] 2026-09-21 14:01:21,627 - torchtitan.observability.metrics - INFO - step: 17  loss:  3.20511  grad_norm: 10.0422  memory: 224.41GiB(81.16%)  tps: 5,833  tflops: 516.95  mfu: 20.68%
[rank0]:[titan] 2026-09-21 13:59:06,043 - torchtitan.observability.metrics - INFO - step:  9  loss:  5.57768  grad_norm: 36.2332  memory: 223.64GiB(80.88%)  tps: 5,688  tflops: 504.11  mfu: 20.16%
[rank0]:[titan] 2026-09-21 13:59:23,038 - torchtitan.observability.metrics - INFO - step: 10  loss:  5.17134  grad_norm: 21.6903  memory: 223.64GiB(80.88%)  tps: 5,784  tflops: 512.67  mfu: 20.51%
[rank0]:[titan] 2026-09-21 13:59:40,054 - torchtitan.observability.metrics - INFO - step: 11  loss:  4.23557  grad_norm: 15.4323  memory: 223.64GiB(80.88%)  tps: 5,777  tflops: 512.03  mfu: 20.48%
[rank0]:[titan] 2026-09-21 13:59:06,045 - torchtitan.observability.metrics - INFO - step:  9  loss:  5.57768  grad_norm: 36.2332  memory: 223.77GiB(80.93%)  tps: 5,688  tflops: 504.11  mfu: 20.16%
[rank0]:[titan] 2026-09-21 13:59:23,040 - torchtitan.observability.metrics - INFO - step: 10  loss:  5.17134  grad_norm: 21.6903  memory: 223.77GiB(80.93%)  tps: 5,784  tflops: 512.67  mfu: 20.51%
[rank0]:[titan] 2026-09-21 13:59:40,056 - torchtitan.observability.metrics - INFO - step: 11  loss:  4.23557  grad_norm: 15.4323  memory: 223.77GiB(80.93%)  tps: 5,777  tflops: 512.03  mfu: 20.48%
[rank0]:[titan] 2026-09-21 13:58:14,034 - torchtitan.observability.metrics - INFO - step:  6  loss:  9.19707  grad_norm: 25.7863  memory: 220.73GiB(79.83%)  tps: 5,800  tflops: 514.02  mfu: 20.56%
[rank0]:[titan] 2026-09-21 13:58:31,025 - torchtitan.observability.metrics - INFO - step:  7  loss:  7.21310  grad_norm: 22.9275  memory: 221.90GiB(80.25%)  tps: 5,786  tflops: 512.79  mfu: 20.51%
[rank0]:[titan] 2026-09-21 13:58:48,760 - torchtitan.observability.metrics - INFO - step:  8  loss:  5.69890  grad_norm: 33.2894  memory: 221.90GiB(80.25%)  tps: 5,543  tflops: 491.29  mfu: 19.65%
[rank0]:[titan] 2026-09-21 14:01:38,473 - torchtitan.observability.metrics - INFO - step: 18  loss:  3.07286  grad_norm:  7.3977  memory: 223.89GiB(80.97%)  tps: 5,835  tflops: 517.20  mfu: 20.69%
[rank0]:[titan] 2026-09-21 14:01:55,326 - torchtitan.observability.metrics - INFO - step: 19  loss:  2.98416  grad_norm:  5.3227  memory: 223.89GiB(80.97%)  tps: 5,833  tflops: 516.98  mfu: 20.68%
[rank0]:[titan] 2026-09-21 14:02:12,221 - torchtitan.observability.metrics - INFO - step: 20  loss:  2.94270  grad_norm:  4.1520  memory: 223.89GiB(80.97%)  tps: 5,819  tflops: 515.70  mfu: 20.63%
[rank0]:[titan] 2026-09-21 14:02:12,222 - torchtitan.trainer - INFO - Training completed
[rank0]:[titan] 2026-09-21 14:02:14,748 - __main__ - INFO - Process group destroyed
[rank0]:[titan] 2026-09-21 14:01:38,473 - torchtitan.observability.metrics - INFO - step: 18  loss:  3.07286  grad_norm:  7.3977  memory: 224.41GiB(81.16%)  tps: 5,835  tflops: 517.20  mfu: 20.69%
[rank0]:[titan] 2026-09-21 14:01:55,326 - torchtitan.observability.metrics - INFO - step: 19  loss:  2.98416  grad_norm:  5.3227  memory: 224.41GiB(81.16%)  tps: 5,833  tflops: 516.98  mfu: 20.68%
[rank0]:[titan] 2026-09-21 14:02:12,222 - torchtitan.observability.metrics - INFO - step: 20  loss:  2.94270  grad_norm:  4.1520  memory: 224.41GiB(81.16%)  tps: 5,819  tflops: 515.70  mfu: 20.63%
[rank0]:[titan] 2026-09-21 14:02:12,222 - torchtitan.trainer - INFO - Training completed
[rank0]:[titan] 2026-09-21 14:02:14,248 - __main__ - INFO - Process group destroyed
[rank0]:[titan] 2026-09-21 13:59:57,011 - torchtitan.observability.metrics - INFO - step: 12  loss:  3.67102  grad_norm: 10.2990  memory: 225.55GiB(81.57%)  tps: 5,798  tflops: 513.84  mfu: 20.55%
[rank0]:[titan] 2026-09-21 14:00:13,933 - torchtitan.observability.metrics - INFO - step: 13  loss:  3.58123  grad_norm: 10.4357  memory: 225.55GiB(81.57%)  tps: 5,809  tflops: 514.87  mfu: 20.59%
[rank0]:[titan] 2026-09-21 14:00:30,807 - torchtitan.observability.metrics - INFO - step: 14  loss:  3.52114  grad_norm: 13.8853  memory: 225.55GiB(81.57%)  tps: 5,826  tflops: 516.34  mfu: 20.65%
[rank0]:[titan] 2026-09-21 13:59:57,013 - torchtitan.observability.metrics - INFO - step: 12  loss:  3.67102  grad_norm: 10.2990  memory: 223.77GiB(80.93%)  tps: 5,798  tflops: 513.83  mfu: 20.55%
[rank0]:[titan] 2026-09-21 14:00:13,935 - torchtitan.observability.metrics - INFO - step: 13  loss:  3.58123  grad_norm: 10.4357  memory: 223.77GiB(80.93%)  tps: 5,809  tflops: 514.87  mfu: 20.59%
[rank0]:[titan] 2026-09-21 14:00:30,810 - torchtitan.observability.metrics - INFO - step: 14  loss:  3.52114  grad_norm: 13.8853  memory: 223.77GiB(80.93%)  tps: 5,826  tflops: 516.34  mfu: 20.65%
[rank0]:[titan] 2026-09-21 13:59:06,043 - torchtitan.observability.metrics - INFO - step:  9  loss:  5.57768  grad_norm: 36.2332  memory: 224.40GiB(81.16%)  tps: 5,688  tflops: 504.11  mfu: 20.16%
[rank0]:[titan] 2026-09-21 13:59:23,038 - torchtitan.observability.metrics - INFO - step: 10  loss:  5.17134  grad_norm: 21.6903  memory: 224.40GiB(81.16%)  tps: 5,784  tflops: 512.67  mfu: 20.51%
[rank0]:[titan] 2026-09-21 13:59:40,055 - torchtitan.observability.metrics - INFO - step: 11  loss:  4.23557  grad_norm: 15.4323  memory: 224.40GiB(81.16%)  tps: 5,777  tflops: 512.03  mfu: 20.48%
[rank0]:[titan] 2026-09-21 14:00:47,885 - torchtitan.observability.metrics - INFO - step: 15  loss:  3.30625  grad_norm:  6.9609  memory: 225.55GiB(81.57%)  tps: 5,757  tflops: 510.21  mfu: 20.41%
[rank0]:[titan] 2026-09-21 14:01:04,771 - torchtitan.observability.metrics - INFO - step: 16  loss:  3.28106  grad_norm: 10.4845  memory: 225.55GiB(81.57%)  tps: 5,822  tflops: 515.97  mfu: 20.64%
[rank0]:[titan] 2026-09-21 14:01:21,626 - torchtitan.observability.metrics - INFO - step: 17  loss:  3.20511  grad_norm: 10.0422  memory: 225.55GiB(81.57%)  tps: 5,833  tflops: 516.95  mfu: 20.68%
[rank0]:[titan] 2026-09-21 13:52:34,986 - torchtitan.distributed.fsdp - INFO - fsdp dense-never: layer 40 experts sharded separately (reshard=True), dense params kept unsharded (reshard=False)
[rank0]:[titan] 2026-09-21 13:52:35,007 - torchtitan.distributed.fsdp - INFO - fsdp dense-never: layer 41 experts sharded separately (reshard=True), dense params kept unsharded (reshard=False)
[rank0]:[titan] 2026-09-21 13:52:35,025 - torchtitan.distributed.fsdp - INFO - fsdp dense-never: layer 42 experts sharded separately (reshard=True), dense params kept unsharded (reshard=False)
[rank0]:[titan] 2026-09-21 13:52:35,079 - torchtitan.distributed.fsdp - INFO - Applied HSDP to the model
[rank0]:[titan] 2026-09-21 13:52:35,080 - torchtitan.models.deepseek_v3.parallelize - INFO - block-input offload: wrapped 43 decoder blocks
[rank0]:[titan] 2026-09-21 13:52:50,196 - torchtitan.trainer - INFO - Peak FLOPS used for computing MFU: 2.500e+15
[rank0]:[titan] 2026-09-21 14:00:47,887 - torchtitan.observability.metrics - INFO - step: 15  loss:  3.30625  grad_norm:  6.9609  memory: 223.77GiB(80.93%)  tps: 5,757  tflops: 510.21  mfu: 20.41%
[rank0]:[titan] 2026-09-21 14:01:04,773 - torchtitan.observability.metrics - INFO - step: 16  loss:  3.28106  grad_norm: 10.4845  memory: 223.77GiB(80.93%)  tps: 5,822  tflops: 515.96  mfu: 20.64%
[rank0]:[titan] 2026-09-21 14:01:21,628 - torchtitan.observability.metrics - INFO - step: 17  loss:  3.20511  grad_norm: 10.0422  memory: 223.77GiB(80.93%)  tps: 5,833  tflops: 516.95  mfu: 20.68%
[rank0]:[titan] 2026-09-21 13:59:57,011 - torchtitan.observability.metrics - INFO - step: 12  loss:  3.67102  grad_norm: 10.2990  memory: 224.40GiB(81.16%)  tps: 5,798  tflops: 513.84  mfu: 20.55%
[rank0]:[titan] 2026-09-21 14:00:13,934 - torchtitan.observability.metrics - INFO - step: 13  loss:  3.58123  grad_norm: 10.4357  memory: 224.40GiB(81.16%)  tps: 5,809  tflops: 514.87  mfu: 20.59%
[rank0]:[titan] 2026-09-21 14:00:30,808 - torchtitan.observability.metrics - INFO - step: 14  loss:  3.52114  grad_norm: 13.8853  memory: 224.40GiB(81.16%)  tps: 5,826  tflops: 516.34  mfu: 20.65%
[rank0]:[titan] 2026-09-21 14:01:38,472 - torchtitan.observability.metrics - INFO - step: 18  loss:  3.07286  grad_norm:  7.3977  memory: 225.55GiB(81.57%)  tps: 5,835  tflops: 517.20  mfu: 20.69%
[rank0]:[titan] 2026-09-21 14:01:55,325 - torchtitan.observability.metrics - INFO - step: 19  loss:  2.98416  grad_norm:  5.3227  memory: 225.55GiB(81.57%)  tps: 5,833  tflops: 516.98  mfu: 20.68%
[rank0]:[titan] 2026-09-21 14:02:12,221 - torchtitan.observability.metrics - INFO - step: 20  loss:  2.94270  grad_norm:  4.1520  memory: 225.55GiB(81.57%)  tps: 5,819  tflops: 515.70  mfu: 20.63%
[rank0]:[titan] 2026-09-21 14:02:12,221 - torchtitan.trainer - INFO - Training completed
[rank0]:[titan] 2026-09-21 14:02:14,618 - __main__ - INFO - Process group destroyed
[rank0]:[titan] 2026-09-21 14:01:38,474 - torchtitan.observability.metrics - INFO - step: 18  loss:  3.07286  grad_norm:  7.3977  memory: 223.77GiB(80.93%)  tps: 5,835  tflops: 517.20  mfu: 20.69%
[rank0]:[titan] 2026-09-21 14:01:55,327 - torchtitan.observability.metrics - INFO - step: 19  loss:  2.98416  grad_norm:  5.3227  memory: 223.85GiB(80.96%)  tps: 5,833  tflops: 516.98  mfu: 20.68%
[rank0]:[titan] 2026-09-21 14:02:12,223 - torchtitan.observability.metrics - INFO - step: 20  loss:  2.94270  grad_norm:  4.1520  memory: 223.85GiB(80.96%)  tps: 5,819  tflops: 515.70  mfu: 20.63%
[rank0]:[titan] 2026-09-21 14:02:12,223 - torchtitan.trainer - INFO - Training completed
[rank0]:[titan] 2026-09-21 14:02:14,143 - __main__ - INFO - Process group destroyed
[rank0]:[titan] 2026-09-21 14:00:47,885 - torchtitan.observability.metrics - INFO - step: 15  loss:  3.30625  grad_norm:  6.9609  memory: 224.40GiB(81.16%)  tps: 5,757  tflops: 510.21  mfu: 20.41%
[rank0]:[titan] 2026-09-21 14:01:04,772 - torchtitan.observability.metrics - INFO - step: 16  loss:  3.28106  grad_norm: 10.4845  memory: 224.40GiB(81.16%)  tps: 5,822  tflops: 515.96  mfu: 20.64%
[rank0]:[titan] 2026-09-21 14:01:21,626 - torchtitan.observability.metrics - INFO - step: 17  loss:  3.20511  grad_norm: 10.0422  memory: 224.40GiB(81.16%)  tps: 5,833  tflops: 516.95  mfu: 20.68%
[rank0]:[titan] 2026-09-21 14:01:38,473 - torchtitan.observability.metrics - INFO - step: 18  loss:  3.07286  grad_norm:  7.3977  memory: 224.40GiB(81.16%)  tps: 5,836  tflops: 517.21  mfu: 20.69%
[rank0]:[titan] 2026-09-21 14:01:55,326 - torchtitan.observability.metrics - INFO - step: 19  loss:  2.98416  grad_norm:  5.3227  memory: 224.40GiB(81.16%)  tps: 5,833  tflops: 516.98  mfu: 20.68%
[rank0]:[titan] 2026-09-21 14:02:12,221 - torchtitan.observability.metrics - INFO - step: 20  loss:  2.94270  grad_norm:  4.1520  memory: 224.40GiB(81.16%)  tps: 5,819  tflops: 515.70  mfu: 20.63%
[rank0]:[titan] 2026-09-21 14:02:12,222 - torchtitan.trainer - INFO - Training completed
[rank0]:[titan] 2026-09-21 14:02:14,114 - __main__ - INFO - Process group destroyed
[rank0]:[titan] 2026-09-21 13:52:50,197 - torchtitan.trainer - INFO - CUDA memory usage for model: 20.02GiB(7.24%)
[rank0]:[titan] 2026-09-21 13:52:50,204 - torchtitan.components.optimizer.optimizer - INFO - Optimizer AdamW (model_part=0): 1242 params [.*] {'fused': True, 'foreach': False, 'lr': 0.0008, 'betas': (0.9, 0.95), 'eps': 1e-08, 'weight_decay': 0.1}
[rank0]:[titan] 2026-09-21 13:52:50,210 - torchtitan.components.tokenizer - INFO - Loading tokenizer from tokenizer.json
[rank0]:[titan] 2026-09-21 13:52:50,316 - httpx - INFO - HTTP Request: HEAD https://s3.amazonaws.com/datasets.huggingface.co/datasets/datasets/json/json.py "HTTP/1.1 200 OK"
[rank0]:[titan] 2026-09-21 13:52:50,500 - torchtitan.protocols.state_dict_adapter - WARNING - model.safetensors.index.json not found at hf_assets_path: ./tests/assets/tokenizer/model.safetensors.index.json.                     Defaulting to saving a single safetensors file if checkpoint is saved in HF format
[rank0]:[titan] 2026-09-21 13:52:49,295 - torchtitan.trainer - INFO - CUDA memory usage for model: 20.02GiB(7.24%)
[rank0]:[titan] 2026-09-21 13:52:49,302 - torchtitan.components.optimizer.optimizer - INFO - Optimizer AdamW (model_part=0): 1242 params [.*] {'fused': True, 'foreach': False, 'lr': 0.0008, 'betas': (0.9, 0.95), 'eps': 1e-08, 'weight_decay': 0.1}
[rank0]:[titan] 2026-09-21 13:52:49,308 - torchtitan.components.tokenizer - INFO - Loading tokenizer from tokenizer.json
[rank0]:[titan] 2026-09-21 13:52:49,433 - httpx - INFO - HTTP Request: HEAD https://s3.amazonaws.com/datasets.huggingface.co/datasets/datasets/json/json.py "HTTP/1.1 200 OK"
[rank0]:[titan] 2026-09-21 13:52:49,654 - torchtitan.protocols.state_dict_adapter - WARNING - model.safetensors.index.json not found at hf_assets_path: ./tests/assets/tokenizer/model.safetensors.index.json.                     Defaulting to saving a single safetensors file if checkpoint is saved in HF format
[rank0]:[titan] 2026-09-21 13:52:50,501 - torchtitan.components.checkpointer.base - WARNING - initial_load_model_only=True has no effect without an initial_load_path.
[rank0]:[titan] 2026-09-21 13:52:50,501 - torchtitan.trainer - INFO - Trainer is initialized with 98304 tokens per DP rank, 12582912 tokens per train step, gradient accumulation steps 1, maximum context length 8192, total steps 20 (warmup 2)
[rank0]:[titan] 2026-09-21 13:52:50,501 - torchtitan.trainer - INFO - Training starts at step 1
[rank0]:[titan] 2026-09-21 13:56:21,016 - torchtitan.observability.metrics - INFO - step:  1  loss: 11.94497  grad_norm: 12.8281  memory: 188.18GiB(68.06%)  tps: 402  tflops: 35.66  mfu: 1.43%
[rank0]:[titan] 2026-09-21 13:56:21,017 - torchtitan.distributed.utils - INFO - Synchronizing and adjusting timeout for all ProcessGroups to 0:01:40
[rank0]:[titan] 2026-09-21 13:52:49,654 - torchtitan.components.checkpointer.base - WARNING - initial_load_model_only=True has no effect without an initial_load_path.
[rank0]:[titan] 2026-09-21 13:52:49,655 - torchtitan.trainer - INFO - Trainer is initialized with 98304 tokens per DP rank, 12582912 tokens per train step, gradient accumulation steps 1, maximum context length 8192, total steps 20 (warmup 2)
[rank0]:[titan] 2026-09-21 13:52:49,655 - torchtitan.trainer - INFO - Training starts at step 1
[rank0]:[titan] 2026-09-21 13:56:21,019 - torchtitan.observability.metrics - INFO - step:  1  loss: 11.94497  grad_norm: 12.8281  memory: 187.38GiB(67.77%)  tps: 402  tflops: 35.67  mfu: 1.43%
[rank0]:[titan] 2026-09-21 13:56:21,021 - torchtitan.distributed.utils - INFO - Synchronizing and adjusting timeout for all ProcessGroups to 0:01:40
[rank0]:[titan] 2026-09-21 13:57:03,163 - torchtitan.observability.metrics - INFO - step:  2  loss:  7.16887  grad_norm: 41.6928  memory: 224.75GiB(81.28%)  tps: 2,332  tflops: 206.73  mfu: 8.27%
[rank0]:[titan] 2026-09-21 13:57:22,526 - torchtitan.observability.metrics - INFO - step:  3  loss: 11.53709  grad_norm: 60.2704  memory: 224.75GiB(81.28%)  tps: 5,077  tflops: 449.98  mfu: 18.00%
[rank0]:[titan] 2026-09-21 13:57:39,889 - torchtitan.observability.metrics - INFO - step:  4  loss: 12.72228  grad_norm: 18.5279  memory: 224.75GiB(81.28%)  tps: 5,662  tflops: 501.79  mfu: 20.07%
[rank0]:[titan] 2026-09-21 13:57:03,164 - torchtitan.observability.metrics - INFO - step:  2  loss:  7.16887  grad_norm: 41.6928  memory: 218.66GiB(79.08%)  tps: 2,333  tflops: 206.73  mfu: 8.27%
[rank0]:[titan] 2026-09-21 13:57:22,527 - torchtitan.observability.metrics - INFO - step:  3  loss: 11.53709  grad_norm: 60.2704  memory: 220.43GiB(79.72%)  tps: 5,077  tflops: 449.98  mfu: 18.00%
[rank0]:[titan] 2026-09-21 13:57:39,891 - torchtitan.observability.metrics - INFO - step:  4  loss: 12.72228  grad_norm: 18.5279  memory: 223.13GiB(80.70%)  tps: 5,662  tflops: 501.79  mfu: 20.07%
[rank0]:[titan] 2026-09-21 13:57:57,082 - torchtitan.observability.metrics - INFO - step:  5  loss: 10.46122  grad_norm: 35.3050  memory: 224.75GiB(81.28%)  tps: 5,718  tflops: 506.76  mfu: 20.27%
[rank0]:[titan] 2026-09-21 13:57:57,084 - torchtitan.observability.metrics - INFO - step:  5  loss: 10.46122  grad_norm: 35.3050  memory: 223.13GiB(80.70%)  tps: 5,718  tflops: 506.76  mfu: 20.27%
[rank0]:[titan] 2026-09-21 13:58:14,033 - torchtitan.observability.metrics - INFO - step:  6  loss:  9.19707  grad_norm: 25.7863  memory: 224.75GiB(81.28%)  tps: 5,800  tflops: 514.02  mfu: 20.56%
[rank0]:[titan] 2026-09-21 13:58:31,024 - torchtitan.observability.metrics - INFO - step:  7  loss:  7.21310  grad_norm: 22.9275  memory: 224.75GiB(81.28%)  tps: 5,786  tflops: 512.79  mfu: 20.51%
[rank0]:[titan] 2026-09-21 13:58:48,759 - torchtitan.observability.metrics - INFO - step:  8  loss:  5.69890  grad_norm: 33.2894  memory: 224.75GiB(81.28%)  tps: 5,543  tflops: 491.29  mfu: 19.65%
[rank0]:[titan] 2026-09-21 13:58:14,035 - torchtitan.observability.metrics - INFO - step:  6  loss:  9.19707  grad_norm: 25.7863  memory: 223.13GiB(80.70%)  tps: 5,800  tflops: 514.02  mfu: 20.56%
[rank0]:[titan] 2026-09-21 13:58:31,026 - torchtitan.observability.metrics - INFO - step:  7  loss:  7.21310  grad_norm: 22.9275  memory: 223.13GiB(80.70%)  tps: 5,786  tflops: 512.79  mfu: 20.51%
[rank0]:[titan] 2026-09-21 13:58:48,761 - torchtitan.observability.metrics - INFO - step:  8  loss:  5.69890  grad_norm: 33.2894  memory: 223.13GiB(80.70%)  tps: 5,543  tflops: 491.29  mfu: 19.65%
[rank0]:[titan] 2026-09-21 13:59:06,043 - torchtitan.observability.metrics - INFO - step:  9  loss:  5.57768  grad_norm: 36.2332  memory: 224.75GiB(81.28%)  tps: 5,688  tflops: 504.11  mfu: 20.16%
[rank0]:[titan] 2026-09-21 13:59:23,038 - torchtitan.observability.metrics - INFO - step: 10  loss:  5.17134  grad_norm: 21.6903  memory: 224.75GiB(81.28%)  tps: 5,784  tflops: 512.67  mfu: 20.51%
[rank0]:[titan] 2026-09-21 13:59:40,054 - torchtitan.observability.metrics - INFO - step: 11  loss:  4.23557  grad_norm: 15.4323  memory: 224.75GiB(81.28%)  tps: 5,777  tflops: 512.03  mfu: 20.48%
[rank0]:[titan] 2026-09-21 13:59:06,044 - torchtitan.observability.metrics - INFO - step:  9  loss:  5.57768  grad_norm: 36.2332  memory: 223.13GiB(80.70%)  tps: 5,688  tflops: 504.11  mfu: 20.16%
[rank0]:[titan] 2026-09-21 13:59:23,039 - torchtitan.observability.metrics - INFO - step: 10  loss:  5.17134  grad_norm: 21.6903  memory: 223.13GiB(80.70%)  tps: 5,784  tflops: 512.67  mfu: 20.51%
[rank0]:[titan] 2026-09-21 13:59:40,056 - torchtitan.observability.metrics - INFO - step: 11  loss:  4.23557  grad_norm: 15.4323  memory: 223.13GiB(80.70%)  tps: 5,777  tflops: 512.03  mfu: 20.48%
[rank0]:[titan] 2026-09-21 13:52:33,932 - torchtitan.distributed.fsdp - INFO - fsdp dense-never: layer 40 experts sharded separately (reshard=True), dense params kept unsharded (reshard=False)
[rank0]:[titan] 2026-09-21 13:52:33,954 - torchtitan.distributed.fsdp - INFO - fsdp dense-never: layer 41 experts sharded separately (reshard=True), dense params kept unsharded (reshard=False)
[rank0]:[titan] 2026-09-21 13:52:33,972 - torchtitan.distributed.fsdp - INFO - fsdp dense-never: layer 42 experts sharded separately (reshard=True), dense params kept unsharded (reshard=False)
[rank0]:[titan] 2026-09-21 13:52:34,026 - torchtitan.distributed.fsdp - INFO - Applied HSDP to the model
[rank0]:[titan] 2026-09-21 13:52:34,028 - torchtitan.models.deepseek_v3.parallelize - INFO - block-input offload: wrapped 43 decoder blocks
[rank0]:[titan] 2026-09-21 13:52:50,196 - torchtitan.trainer - INFO - Peak FLOPS used for computing MFU: 2.500e+15
[rank0]:[titan] 2026-09-21 13:59:57,011 - torchtitan.observability.metrics - INFO - step: 12  loss:  3.67102  grad_norm: 10.2990  memory: 224.75GiB(81.28%)  tps: 5,798  tflops: 513.84  mfu: 20.55%
[rank0]:[titan] 2026-09-21 14:00:13,933 - torchtitan.observability.metrics - INFO - step: 13  loss:  3.58123  grad_norm: 10.4357  memory: 225.22GiB(81.45%)  tps: 5,809  tflops: 514.87  mfu: 20.59%
[rank0]:[titan] 2026-09-21 14:00:30,808 - torchtitan.observability.metrics - INFO - step: 14  loss:  3.52114  grad_norm: 13.8853  memory: 225.22GiB(81.45%)  tps: 5,826  tflops: 516.34  mfu: 20.65%
[rank0]:[titan] 2026-09-21 13:59:57,012 - torchtitan.observability.metrics - INFO - step: 12  loss:  3.67102  grad_norm: 10.2990  memory: 223.13GiB(80.70%)  tps: 5,798  tflops: 513.84  mfu: 20.55%
[rank0]:[titan] 2026-09-21 14:00:13,935 - torchtitan.observability.metrics - INFO - step: 13  loss:  3.58123  grad_norm: 10.4357  memory: 223.13GiB(80.70%)  tps: 5,809  tflops: 514.87  mfu: 20.59%
[rank0]:[titan] 2026-09-21 14:00:30,809 - torchtitan.observability.metrics - INFO - step: 14  loss:  3.52114  grad_norm: 13.8853  memory: 223.21GiB(80.73%)  tps: 5,826  tflops: 516.34  mfu: 20.65%
[rank0]:[titan] 2026-09-21 14:00:47,885 - torchtitan.observability.metrics - INFO - step: 15  loss:  3.30625  grad_norm:  6.9609  memory: 225.22GiB(81.45%)  tps: 5,757  tflops: 510.22  mfu: 20.41%
[rank0]:[titan] 2026-09-21 14:01:04,771 - torchtitan.observability.metrics - INFO - step: 16  loss:  3.28106  grad_norm: 10.4845  memory: 225.22GiB(81.45%)  tps: 5,822  tflops: 515.97  mfu: 20.64%
[rank0]:[titan] 2026-09-21 14:01:21,625 - torchtitan.observability.metrics - INFO - step: 17  loss:  3.20511  grad_norm: 10.0422  memory: 225.22GiB(81.45%)  tps: 5,833  tflops: 516.95  mfu: 20.68%
[rank0]:[titan] 2026-09-21 14:00:47,886 - torchtitan.observability.metrics - INFO - step: 15  loss:  3.30625  grad_norm:  6.9609  memory: 223.21GiB(80.73%)  tps: 5,757  tflops: 510.21  mfu: 20.41%
[rank0]:[titan] 2026-09-21 14:01:04,773 - torchtitan.observability.metrics - INFO - step: 16  loss:  3.28106  grad_norm: 10.4845  memory: 223.21GiB(80.73%)  tps: 5,822  tflops: 515.97  mfu: 20.64%
[rank0]:[titan] 2026-09-21 14:01:21,627 - torchtitan.observability.metrics - INFO - step: 17  loss:  3.20511  grad_norm: 10.0422  memory: 223.21GiB(80.73%)  tps: 5,833  tflops: 516.95  mfu: 20.68%
[rank0]:[titan] 2026-09-21 14:01:38,472 - torchtitan.observability.metrics - INFO - step: 18  loss:  3.07286  grad_norm:  7.3977  memory: 225.22GiB(81.45%)  tps: 5,836  tflops: 517.20  mfu: 20.69%
[rank0]:[titan] 2026-09-21 14:01:55,325 - torchtitan.observability.metrics - INFO - step: 19  loss:  2.98416  grad_norm:  5.3227  memory: 225.22GiB(81.45%)  tps: 5,833  tflops: 516.98  mfu: 20.68%
[rank0]:[titan] 2026-09-21 14:02:12,220 - torchtitan.observability.metrics - INFO - step: 20  loss:  2.94270  grad_norm:  4.1520  memory: 225.22GiB(81.45%)  tps: 5,819  tflops: 515.70  mfu: 20.63%
[rank0]:[titan] 2026-09-21 14:02:12,221 - torchtitan.trainer - INFO - Training completed
[rank0]:[titan] 2026-09-21 14:02:14,268 - __main__ - INFO - Process group destroyed
[rank0]:[titan] 2026-09-21 14:01:38,474 - torchtitan.observability.metrics - INFO - step: 18  loss:  3.07286  grad_norm:  7.3977  memory: 223.21GiB(80.73%)  tps: 5,835  tflops: 517.20  mfu: 20.69%
[rank0]:[titan] 2026-09-21 14:01:55,327 - torchtitan.observability.metrics - INFO - step: 19  loss:  2.98416  grad_norm:  5.3227  memory: 223.21GiB(80.73%)  tps: 5,833  tflops: 516.98  mfu: 20.68%
[rank0]:[titan] 2026-09-21 14:02:12,222 - torchtitan.observability.metrics - INFO - step: 20  loss:  2.94270  grad_norm:  4.1520  memory: 223.21GiB(80.73%)  tps: 5,819  tflops: 515.70  mfu: 20.63%
[rank0]:[titan] 2026-09-21 14:02:12,223 - torchtitan.trainer - INFO - Training completed
[rank0]:[titan] 2026-09-21 14:02:14,744 - __main__ - INFO - Process group destroyed
[rank0]:[titan] 2026-09-21 13:52:50,196 - torchtitan.trainer - INFO - CUDA memory usage for model: 20.02GiB(7.24%)
[rank0]:[titan] 2026-09-21 13:52:50,204 - torchtitan.components.optimizer.optimizer - INFO - Optimizer AdamW (model_part=0): 1242 params [.*] {'fused': True, 'foreach': False, 'lr': 0.0008, 'betas': (0.9, 0.95), 'eps': 1e-08, 'weight_decay': 0.1}
[rank0]:[titan] 2026-09-21 13:52:50,209 - torchtitan.components.tokenizer - INFO - Loading tokenizer from tokenizer.json
[rank0]:[titan] 2026-09-21 13:52:50,311 - httpx - INFO - HTTP Request: HEAD https://s3.amazonaws.com/datasets.huggingface.co/datasets/datasets/json/json.py "HTTP/1.1 200 OK"
[rank0]:[titan] 2026-09-21 13:52:50,462 - torchtitan.protocols.state_dict_adapter - WARNING - model.safetensors.index.json not found at hf_assets_path: ./tests/assets/tokenizer/model.safetensors.index.json.                     Defaulting to saving a single safetensors file if checkpoint is saved in HF format
[rank0]:[titan] 2026-09-21 13:52:50,463 - torchtitan.components.checkpointer.base - WARNING - initial_load_model_only=True has no effect without an initial_load_path.
[rank0]:[titan] 2026-09-21 13:52:50,463 - torchtitan.trainer - INFO - Trainer is initialized with 98304 tokens per DP rank, 12582912 tokens per train step, gradient accumulation steps 1, maximum context length 8192, total steps 20 (warmup 2)
[rank0]:[titan] 2026-09-21 13:52:50,463 - torchtitan.trainer - INFO - Training starts at step 1
[rank0]:[titan] 2026-09-21 13:56:21,017 - torchtitan.observability.metrics - INFO - step:  1  loss: 11.94497  grad_norm: 12.8281  memory: 186.31GiB(67.38%)  tps: 402  tflops: 35.67  mfu: 1.43%
[rank0]:[titan] 2026-09-21 13:56:21,019 - torchtitan.distributed.utils - INFO - Synchronizing and adjusting timeout for all ProcessGroups to 0:01:40
[rank0]:[titan] 2026-09-21 13:57:03,163 - torchtitan.observability.metrics - INFO - step:  2  loss:  7.16887  grad_norm: 41.6928  memory: 221.02GiB(79.93%)  tps: 2,333  tflops: 206.73  mfu: 8.27%
[rank0]:[titan] 2026-09-21 13:57:22,526 - torchtitan.observability.metrics - INFO - step:  3  loss: 11.53709  grad_norm: 60.2704  memory: 221.90GiB(80.25%)  tps: 5,077  tflops: 449.98  mfu: 18.00%
[rank0]:[titan] 2026-09-21 13:57:39,889 - torchtitan.observability.metrics - INFO - step:  4  loss: 12.72228  grad_norm: 18.5279  memory: 222.04GiB(80.30%)  tps: 5,662  tflops: 501.79  mfu: 20.07%
[rank0]:[titan] 2026-09-21 13:57:57,083 - torchtitan.observability.metrics - INFO - step:  5  loss: 10.46122  grad_norm: 35.3050  memory: 222.04GiB(80.30%)  tps: 5,718  tflops: 506.76  mfu: 20.27%
[rank0]:[titan] 2026-09-21 13:58:14,033 - torchtitan.observability.metrics - INFO - step:  6  loss:  9.19707  grad_norm: 25.7863  memory: 222.31GiB(80.40%)  tps: 5,800  tflops: 514.03  mfu: 20.56%
[rank0]:[titan] 2026-09-21 13:58:31,025 - torchtitan.observability.metrics - INFO - step:  7  loss:  7.21310  grad_norm: 22.9275  memory: 224.01GiB(81.02%)  tps: 5,786  tflops: 512.79  mfu: 20.51%
[rank0]:[titan] 2026-09-21 13:58:48,759 - torchtitan.observability.metrics - INFO - step:  8  loss:  5.69890  grad_norm: 33.2894  memory: 224.01GiB(81.02%)  tps: 5,543  tflops: 491.29  mfu: 19.65%
[rank0]:[titan] 2026-09-21 13:59:06,043 - torchtitan.observability.metrics - INFO - step:  9  loss:  5.57768  grad_norm: 36.2332  memory: 224.01GiB(81.02%)  tps: 5,688  tflops: 504.11  mfu: 20.16%
[rank0]:[titan] 2026-09-21 13:59:23,038 - torchtitan.observability.metrics - INFO - step: 10  loss:  5.17134  grad_norm: 21.6903  memory: 224.01GiB(81.02%)  tps: 5,784  tflops: 512.67  mfu: 20.51%
[rank0]:[titan] 2026-09-21 13:59:40,054 - torchtitan.observability.metrics - INFO - step: 11  loss:  4.23557  grad_norm: 15.4323  memory: 224.01GiB(81.02%)  tps: 5,777  tflops: 512.03  mfu: 20.48%
[rank0]:[titan] 2026-09-21 13:59:57,011 - torchtitan.observability.metrics - INFO - step: 12  loss:  3.67102  grad_norm: 10.2990  memory: 224.01GiB(81.02%)  tps: 5,798  tflops: 513.84  mfu: 20.55%
[rank0]:[titan] 2026-09-21 14:00:13,933 - torchtitan.observability.metrics - INFO - step: 13  loss:  3.58123  grad_norm: 10.4357  memory: 224.01GiB(81.02%)  tps: 5,809  tflops: 514.87  mfu: 20.59%
[rank0]:[titan] 2026-09-21 14:00:30,808 - torchtitan.observability.metrics - INFO - step: 14  loss:  3.52114  grad_norm: 13.8853  memory: 224.01GiB(81.02%)  tps: 5,826  tflops: 516.34  mfu: 20.65%
[rank0]:[titan] 2026-09-21 13:52:34,490 - torchtitan.distributed.fsdp - INFO - fsdp dense-never: layer 40 experts sharded separately (reshard=True), dense params kept unsharded (reshard=False)
[rank0]:[titan] 2026-09-21 13:52:34,511 - torchtitan.distributed.fsdp - INFO - fsdp dense-never: layer 41 experts sharded separately (reshard=True), dense params kept unsharded (reshard=False)
[rank0]:[titan] 2026-09-21 13:52:34,528 - torchtitan.distributed.fsdp - INFO - fsdp dense-never: layer 42 experts sharded separately (reshard=True), dense params kept unsharded (reshard=False)
[rank0]:[titan] 2026-09-21 13:52:34,580 - torchtitan.distributed.fsdp - INFO - Applied HSDP to the model
[rank0]:[titan] 2026-09-21 13:52:34,582 - torchtitan.models.deepseek_v3.parallelize - INFO - block-input offload: wrapped 43 decoder blocks
[rank0]:[titan] 2026-09-21 13:52:49,293 - torchtitan.trainer - INFO - Peak FLOPS used for computing MFU: 2.500e+15
[rank0]:[titan] 2026-09-21 13:52:33,682 - torchtitan.distributed.fsdp - INFO - fsdp dense-never: layer 40 experts sharded separately (reshard=True), dense params kept unsharded (reshard=False)
[rank0]:[titan] 2026-09-21 13:52:33,703 - torchtitan.distributed.fsdp - INFO - fsdp dense-never: layer 41 experts sharded separately (reshard=True), dense params kept unsharded (reshard=False)
[rank0]:[titan] 2026-09-21 13:52:33,721 - torchtitan.distributed.fsdp - INFO - fsdp dense-never: layer 42 experts sharded separately (reshard=True), dense params kept unsharded (reshard=False)
[rank0]:[titan] 2026-09-21 13:52:33,773 - torchtitan.distributed.fsdp - INFO - Applied HSDP to the model
[rank0]:[titan] 2026-09-21 13:52:33,775 - torchtitan.models.deepseek_v3.parallelize - INFO - block-input offload: wrapped 43 decoder blocks
[rank0]:[titan] 2026-09-21 13:52:49,813 - torchtitan.trainer - INFO - Peak FLOPS used for computing MFU: 2.500e+15
[rank0]:[titan] 2026-09-21 14:00:47,885 - torchtitan.observability.metrics - INFO - step: 15  loss:  3.30625  grad_norm:  6.9609  memory: 224.01GiB(81.02%)  tps: 5,757  tflops: 510.21  mfu: 20.41%
[rank0]:[titan] 2026-09-21 14:01:04,771 - torchtitan.observability.metrics - INFO - step: 16  loss:  3.28106  grad_norm: 10.4845  memory: 224.01GiB(81.02%)  tps: 5,822  tflops: 515.97  mfu: 20.64%
[rank0]:[titan] 2026-09-21 14:01:21,626 - torchtitan.observability.metrics - INFO - step: 17  loss:  3.20511  grad_norm: 10.0422  memory: 224.01GiB(81.02%)  tps: 5,833  tflops: 516.96  mfu: 20.68%
[rank0]:[titan] 2026-09-21 14:01:38,472 - torchtitan.observability.metrics - INFO - step: 18  loss:  3.07286  grad_norm:  7.3977  memory: 224.01GiB(81.02%)  tps: 5,835  tflops: 517.19  mfu: 20.69%
[rank0]:[titan] 2026-09-21 14:01:55,325 - torchtitan.observability.metrics - INFO - step: 19  loss:  2.98416  grad_norm:  5.3227  memory: 224.01GiB(81.02%)  tps: 5,833  tflops: 516.98  mfu: 20.68%
[rank0]:[titan] 2026-09-21 14:02:12,221 - torchtitan.observability.metrics - INFO - step: 20  loss:  2.94270  grad_norm:  4.1520  memory: 224.01GiB(81.02%)  tps: 5,819  tflops: 515.70  mfu: 20.63%
[rank0]:[titan] 2026-09-21 14:02:12,221 - torchtitan.trainer - INFO - Training completed
[rank0]:[titan] 2026-09-21 14:02:14,196 - __main__ - INFO - Process group destroyed
[rank0]:[titan] 2026-09-21 13:52:49,293 - torchtitan.trainer - INFO - CUDA memory usage for model: 20.02GiB(7.24%)
[rank0]:[titan] 2026-09-21 13:52:49,300 - torchtitan.components.optimizer.optimizer - INFO - Optimizer AdamW (model_part=0): 1242 params [.*] {'fused': True, 'foreach': False, 'lr': 0.0008, 'betas': (0.9, 0.95), 'eps': 1e-08, 'weight_decay': 0.1}
[rank0]:[titan] 2026-09-21 13:52:49,306 - torchtitan.components.tokenizer - INFO - Loading tokenizer from tokenizer.json
[rank0]:[titan] 2026-09-21 13:52:49,438 - httpx - INFO - HTTP Request: HEAD https://s3.amazonaws.com/datasets.huggingface.co/datasets/datasets/json/json.py "HTTP/1.1 200 OK"
[rank0]:[titan] 2026-09-21 13:52:49,576 - torchtitan.protocols.state_dict_adapter - WARNING - model.safetensors.index.json not found at hf_assets_path: ./tests/assets/tokenizer/model.safetensors.index.json.                     Defaulting to saving a single safetensors file if checkpoint is saved in HF format
[rank0]:[titan] 2026-09-21 13:52:49,813 - torchtitan.trainer - INFO - CUDA memory usage for model: 20.02GiB(7.24%)
[rank0]:[titan] 2026-09-21 13:52:49,820 - torchtitan.components.optimizer.optimizer - INFO - Optimizer AdamW (model_part=0): 1242 params [.*] {'fused': True, 'foreach': False, 'lr': 0.0008, 'betas': (0.9, 0.95), 'eps': 1e-08, 'weight_decay': 0.1}
[rank0]:[titan] 2026-09-21 13:52:49,825 - torchtitan.components.tokenizer - INFO - Loading tokenizer from tokenizer.json
[rank0]:[titan] 2026-09-21 13:52:49,947 - httpx - INFO - HTTP Request: HEAD https://s3.amazonaws.com/datasets.huggingface.co/datasets/datasets/json/json.py "HTTP/1.1 200 OK"
[rank0]:[titan] 2026-09-21 13:52:50,101 - torchtitan.protocols.state_dict_adapter - WARNING - model.safetensors.index.json not found at hf_assets_path: ./tests/assets/tokenizer/model.safetensors.index.json.                     Defaulting to saving a single safetensors file if checkpoint is saved in HF format
[rank0]:[titan] 2026-09-21 13:52:49,577 - torchtitan.components.checkpointer.base - WARNING - initial_load_model_only=True has no effect without an initial_load_path.
[rank0]:[titan] 2026-09-21 13:52:49,577 - torchtitan.trainer - INFO - Trainer is initialized with 98304 tokens per DP rank, 12582912 tokens per train step, gradient accumulation steps 1, maximum context length 8192, total steps 20 (warmup 2)
[rank0]:[titan] 2026-09-21 13:52:49,577 - torchtitan.trainer - INFO - Training starts at step 1
[rank0]:[titan] 2026-09-21 13:56:21,017 - torchtitan.observability.metrics - INFO - step:  1  loss: 11.94497  grad_norm: 12.8281  memory: 186.68GiB(67.51%)  tps: 402  tflops: 35.66  mfu: 1.43%
[rank0]:[titan] 2026-09-21 13:56:21,018 - torchtitan.distributed.utils - INFO - Synchronizing and adjusting timeout for all ProcessGroups to 0:01:40
[rank0]:[titan] 2026-09-21 13:52:50,101 - torchtitan.components.checkpointer.base - WARNING - initial_load_model_only=True has no effect without an initial_load_path.
[rank0]:[titan] 2026-09-21 13:52:50,101 - torchtitan.trainer - INFO - Trainer is initialized with 98304 tokens per DP rank, 12582912 tokens per train step, gradient accumulation steps 1, maximum context length 8192, total steps 20 (warmup 2)
[rank0]:[titan] 2026-09-21 13:52:50,101 - torchtitan.trainer - INFO - Training starts at step 1
[rank0]:[titan] 2026-09-21 13:56:21,017 - torchtitan.observability.metrics - INFO - step:  1  loss: 11.94497  grad_norm: 12.8281  memory: 187.67GiB(67.87%)  tps: 402  tflops: 35.66  mfu: 1.43%
[rank0]:[titan] 2026-09-21 13:56:21,018 - torchtitan.distributed.utils - INFO - Synchronizing and adjusting timeout for all ProcessGroups to 0:01:40
[rank0]:[titan] 2026-09-21 13:57:03,164 - torchtitan.observability.metrics - INFO - step:  2  loss:  7.16887  grad_norm: 41.6928  memory: 219.79GiB(79.49%)  tps: 2,332  tflops: 206.73  mfu: 8.27%
[rank0]:[titan] 2026-09-21 13:57:22,526 - torchtitan.observability.metrics - INFO - step:  3  loss: 11.53709  grad_norm: 60.2704  memory: 219.79GiB(79.49%)  tps: 5,077  tflops: 449.98  mfu: 18.00%
[rank0]:[titan] 2026-09-21 13:57:39,890 - torchtitan.observability.metrics - INFO - step:  4  loss: 12.72228  grad_norm: 18.5279  memory: 220.20GiB(79.64%)  tps: 5,662  tflops: 501.79  mfu: 20.07%
[rank0]:[titan] 2026-09-21 13:57:03,164 - torchtitan.observability.metrics - INFO - step:  2  loss:  7.16887  grad_norm: 41.6928  memory: 223.58GiB(80.86%)  tps: 2,332  tflops: 206.73  mfu: 8.27%
[rank0]:[titan] 2026-09-21 13:57:22,526 - torchtitan.observability.metrics - INFO - step:  3  loss: 11.53709  grad_norm: 60.2704  memory: 223.58GiB(80.86%)  tps: 5,077  tflops: 449.98  mfu: 18.00%
[rank0]:[titan] 2026-09-21 13:57:39,890 - torchtitan.observability.metrics - INFO - step:  4  loss: 12.72228  grad_norm: 18.5279  memory: 223.58GiB(80.86%)  tps: 5,662  tflops: 501.79  mfu: 20.07%
[rank0]:[titan] 2026-09-21 13:57:57,083 - torchtitan.observability.metrics - INFO - step:  5  loss: 10.46122  grad_norm: 35.3050  memory: 220.20GiB(79.64%)  tps: 5,718  tflops: 506.76  mfu: 20.27%
[rank0]:[titan] 2026-09-21 13:57:57,083 - torchtitan.observability.metrics - INFO - step:  5  loss: 10.46122  grad_norm: 35.3050  memory: 223.58GiB(80.86%)  tps: 5,718  tflops: 506.76  mfu: 20.27%
[rank0]:[titan] 2026-09-21 13:58:14,034 - torchtitan.observability.metrics - INFO - step:  6  loss:  9.19707  grad_norm: 25.7863  memory: 220.53GiB(79.76%)  tps: 5,800  tflops: 514.02  mfu: 20.56%
[rank0]:[titan] 2026-09-21 13:58:31,025 - torchtitan.observability.metrics - INFO - step:  7  loss:  7.21310  grad_norm: 22.9275  memory: 221.47GiB(80.10%)  tps: 5,786  tflops: 512.79  mfu: 20.51%
[rank0]:[titan] 2026-09-21 13:58:48,760 - torchtitan.observability.metrics - INFO - step:  8  loss:  5.69890  grad_norm: 33.2894  memory: 221.47GiB(80.10%)  tps: 5,543  tflops: 491.29  mfu: 19.65%
[rank0]:[titan] 2026-09-21 13:52:34,318 - torchtitan.distributed.fsdp - INFO - fsdp dense-never: layer 40 experts sharded separately (reshard=True), dense params kept unsharded (reshard=False)
[rank0]:[titan] 2026-09-21 13:52:34,339 - torchtitan.distributed.fsdp - INFO - fsdp dense-never: layer 41 experts sharded separately (reshard=True), dense params kept unsharded (reshard=False)
[rank0]:[titan] 2026-09-21 13:52:34,357 - torchtitan.distributed.fsdp - INFO - fsdp dense-never: layer 42 experts sharded separately (reshard=True), dense params kept unsharded (reshard=False)
[rank0]:[titan] 2026-09-21 13:52:34,409 - torchtitan.distributed.fsdp - INFO - Applied HSDP to the model
[rank0]:[titan] 2026-09-21 13:52:34,411 - torchtitan.models.deepseek_v3.parallelize - INFO - block-input offload: wrapped 43 decoder blocks
[rank0]:[titan] 2026-09-21 13:52:47,795 - torchtitan.trainer - INFO - Peak FLOPS used for computing MFU: 2.500e+15
[rank0]:[titan] 2026-09-21 13:58:14,034 - torchtitan.observability.metrics - INFO - step:  6  loss:  9.19707  grad_norm: 25.7863  memory: 223.58GiB(80.86%)  tps: 5,800  tflops: 514.02  mfu: 20.56%
[rank0]:[titan] 2026-09-21 13:58:31,025 - torchtitan.observability.metrics - INFO - step:  7  loss:  7.21310  grad_norm: 22.9275  memory: 223.58GiB(80.86%)  tps: 5,786  tflops: 512.79  mfu: 20.51%
[rank0]:[titan] 2026-09-21 13:58:48,760 - torchtitan.observability.metrics - INFO - step:  8  loss:  5.69890  grad_norm: 33.2894  memory: 223.58GiB(80.86%)  tps: 5,543  tflops: 491.29  mfu: 19.65%
[rank0]:[titan] 2026-09-21 13:52:32,784 - torchtitan.distributed.fsdp - INFO - fsdp dense-never: layer 40 experts sharded separately (reshard=True), dense params kept unsharded (reshard=False)
[rank0]:[titan] 2026-09-21 13:52:32,805 - torchtitan.distributed.fsdp - INFO - fsdp dense-never: layer 41 experts sharded separately (reshard=True), dense params kept unsharded (reshard=False)
[rank0]:[titan] 2026-09-21 13:52:32,822 - torchtitan.distributed.fsdp - INFO - fsdp dense-never: layer 42 experts sharded separately (reshard=True), dense params kept unsharded (reshard=False)
[rank0]:[titan] 2026-09-21 13:52:32,875 - torchtitan.distributed.fsdp - INFO - Applied HSDP to the model
[rank0]:[titan] 2026-09-21 13:52:32,877 - torchtitan.models.deepseek_v3.parallelize - INFO - block-input offload: wrapped 43 decoder blocks
[rank0]:[titan] 2026-09-21 13:52:47,795 - torchtitan.trainer - INFO - Peak FLOPS used for computing MFU: 2.500e+15
[rank0]:[titan] 2026-09-21 13:59:06,043 - torchtitan.observability.metrics - INFO - step:  9  loss:  5.57768  grad_norm: 36.2332  memory: 221.47GiB(80.10%)  tps: 5,688  tflops: 504.11  mfu: 20.16%
[rank0]:[titan] 2026-09-21 13:59:23,038 - torchtitan.observability.metrics - INFO - step: 10  loss:  5.17134  grad_norm: 21.6903  memory: 221.47GiB(80.10%)  tps: 5,784  tflops: 512.67  mfu: 20.51%
[rank0]:[titan] 2026-09-21 13:59:40,055 - torchtitan.observability.metrics - INFO - step: 11  loss:  4.23557  grad_norm: 15.4323  memory: 221.47GiB(80.10%)  tps: 5,777  tflops: 512.03  mfu: 20.48%
[rank0]:[titan] 2026-09-21 13:59:06,043 - torchtitan.observability.metrics - INFO - step:  9  loss:  5.57768  grad_norm: 36.2332  memory: 223.58GiB(80.86%)  tps: 5,688  tflops: 504.11  mfu: 20.16%
[rank0]:[titan] 2026-09-21 13:59:23,038 - torchtitan.observability.metrics - INFO - step: 10  loss:  5.17134  grad_norm: 21.6903  memory: 223.58GiB(80.86%)  tps: 5,784  tflops: 512.67  mfu: 20.51%
[rank0]:[titan] 2026-09-21 13:59:40,055 - torchtitan.observability.metrics - INFO - step: 11  loss:  4.23557  grad_norm: 15.4323  memory: 223.58GiB(80.86%)  tps: 5,777  tflops: 512.03  mfu: 20.48%
[rank0]:[titan] 2026-09-21 13:59:57,011 - torchtitan.observability.metrics - INFO - step: 12  loss:  3.67102  grad_norm: 10.2990  memory: 221.47GiB(80.10%)  tps: 5,798  tflops: 513.84  mfu: 20.55%
[rank0]:[titan] 2026-09-21 14:00:13,934 - torchtitan.observability.metrics - INFO - step: 13  loss:  3.58123  grad_norm: 10.4357  memory: 221.47GiB(80.10%)  tps: 5,809  tflops: 514.87  mfu: 20.59%
[rank0]:[titan] 2026-09-21 14:00:30,808 - torchtitan.observability.metrics - INFO - step: 14  loss:  3.52114  grad_norm: 13.8853  memory: 221.47GiB(80.10%)  tps: 5,826  tflops: 516.34  mfu: 20.65%
[rank0]:[titan] 2026-09-21 13:59:57,011 - torchtitan.observability.metrics - INFO - step: 12  loss:  3.67102  grad_norm: 10.2990  memory: 223.58GiB(80.86%)  tps: 5,798  tflops: 513.84  mfu: 20.55%
[rank0]:[titan] 2026-09-21 14:00:13,934 - torchtitan.observability.metrics - INFO - step: 13  loss:  3.58123  grad_norm: 10.4357  memory: 223.58GiB(80.86%)  tps: 5,809  tflops: 514.87  mfu: 20.59%
[rank0]:[titan] 2026-09-21 14:00:30,808 - torchtitan.observability.metrics - INFO - step: 14  loss:  3.52114  grad_norm: 13.8853  memory: 223.58GiB(80.86%)  tps: 5,826  tflops: 516.34  mfu: 20.65%
[rank0]:[titan] 2026-09-21 14:00:47,885 - torchtitan.observability.metrics - INFO - step: 15  loss:  3.30625  grad_norm:  6.9609  memory: 221.47GiB(80.10%)  tps: 5,757  tflops: 510.21  mfu: 20.41%
[rank0]:[titan] 2026-09-21 14:01:04,772 - torchtitan.observability.metrics - INFO - step: 16  loss:  3.28106  grad_norm: 10.4845  memory: 221.47GiB(80.10%)  tps: 5,822  tflops: 515.97  mfu: 20.64%
[rank0]:[titan] 2026-09-21 14:01:21,626 - torchtitan.observability.metrics - INFO - step: 17  loss:  3.20511  grad_norm: 10.0422  memory: 221.47GiB(80.10%)  tps: 5,833  tflops: 516.95  mfu: 20.68%
[rank0]:[titan] 2026-09-21 13:52:34,737 - torchtitan.distributed.fsdp - INFO - fsdp dense-never: layer 40 experts sharded separately (reshard=True), dense params kept unsharded (reshard=False)
[rank0]:[titan] 2026-09-21 13:52:34,776 - torchtitan.distributed.fsdp - INFO - fsdp dense-never: layer 41 experts sharded separately (reshard=True), dense params kept unsharded (reshard=False)
[rank0]:[titan] 2026-09-21 13:52:34,808 - torchtitan.distributed.fsdp - INFO - fsdp dense-never: layer 42 experts sharded separately (reshard=True), dense params kept unsharded (reshard=False)
[rank0]:[titan] 2026-09-21 13:52:34,890 - torchtitan.distributed.fsdp - INFO - Applied HSDP to the model
[rank0]:[titan] 2026-09-21 13:52:34,893 - torchtitan.models.deepseek_v3.parallelize - INFO - block-input offload: wrapped 43 decoder blocks
[rank0]:[titan] 2026-09-21 13:52:50,199 - torchtitan.trainer - INFO - Peak FLOPS used for computing MFU: 2.500e+15
[rank0]:[titan] 2026-09-21 14:00:47,885 - torchtitan.observability.metrics - INFO - step: 15  loss:  3.30625  grad_norm:  6.9609  memory: 223.58GiB(80.86%)  tps: 5,757  tflops: 510.21  mfu: 20.41%
[rank0]:[titan] 2026-09-21 14:01:04,772 - torchtitan.observability.metrics - INFO - step: 16  loss:  3.28106  grad_norm: 10.4845  memory: 223.58GiB(80.86%)  tps: 5,822  tflops: 515.97  mfu: 20.64%
[rank0]:[titan] 2026-09-21 14:01:21,626 - torchtitan.observability.metrics - INFO - step: 17  loss:  3.20511  grad_norm: 10.0422  memory: 223.58GiB(80.86%)  tps: 5,833  tflops: 516.95  mfu: 20.68%
[rank0]:[titan] 2026-09-21 14:01:38,472 - torchtitan.observability.metrics - INFO - step: 18  loss:  3.07286  grad_norm:  7.3977  memory: 221.47GiB(80.10%)  tps: 5,835  tflops: 517.20  mfu: 20.69%
[rank0]:[titan] 2026-09-21 14:01:55,326 - torchtitan.observability.metrics - INFO - step: 19  loss:  2.98416  grad_norm:  5.3227  memory: 221.47GiB(80.10%)  tps: 5,833  tflops: 516.98  mfu: 20.68%
[rank0]:[titan] 2026-09-21 14:02:12,221 - torchtitan.observability.metrics - INFO - step: 20  loss:  2.94270  grad_norm:  4.1520  memory: 221.47GiB(80.10%)  tps: 5,819  tflops: 515.70  mfu: 20.63%
[rank0]:[titan] 2026-09-21 14:02:12,221 - torchtitan.trainer - INFO - Training completed
[rank0]:[titan] 2026-09-21 14:02:14,627 - __main__ - INFO - Process group destroyed
[rank0]:[titan] 2026-09-21 13:52:47,796 - torchtitan.trainer - INFO - CUDA memory usage for model: 20.02GiB(7.24%)
[rank0]:[titan] 2026-09-21 13:52:47,802 - torchtitan.components.optimizer.optimizer - INFO - Optimizer AdamW (model_part=0): 1242 params [.*] {'fused': True, 'foreach': False, 'lr': 0.0008, 'betas': (0.9, 0.95), 'eps': 1e-08, 'weight_decay': 0.1}
[rank0]:[titan] 2026-09-21 13:52:47,808 - torchtitan.components.tokenizer - INFO - Loading tokenizer from tokenizer.json
[rank0]:[titan] 2026-09-21 13:52:47,919 - httpx - INFO - HTTP Request: HEAD https://s3.amazonaws.com/datasets.huggingface.co/datasets/datasets/json/json.py "HTTP/1.1 200 OK"
[rank0]:[titan] 2026-09-21 13:52:48,058 - torchtitan.protocols.state_dict_adapter - WARNING - model.safetensors.index.json not found at hf_assets_path: ./tests/assets/tokenizer/model.safetensors.index.json.                     Defaulting to saving a single safetensors file if checkpoint is saved in HF format
[rank0]:[titan] 2026-09-21 14:01:38,472 - torchtitan.observability.metrics - INFO - step: 18  loss:  3.07286  grad_norm:  7.3977  memory: 223.58GiB(80.86%)  tps: 5,835  tflops: 517.20  mfu: 20.69%
[rank0]:[titan] 2026-09-21 14:01:55,326 - torchtitan.observability.metrics - INFO - step: 19  loss:  2.98416  grad_norm:  5.3227  memory: 223.58GiB(80.86%)  tps: 5,833  tflops: 516.98  mfu: 20.68%
[rank0]:[titan] 2026-09-21 14:02:12,221 - torchtitan.observability.metrics - INFO - step: 20  loss:  2.94270  grad_norm:  4.1520  memory: 223.58GiB(80.86%)  tps: 5,819  tflops: 515.70  mfu: 20.63%
[rank0]:[titan] 2026-09-21 14:02:12,222 - torchtitan.trainer - INFO - Training completed
[rank0]:[titan] 2026-09-21 14:02:14,194 - __main__ - INFO - Process group destroyed
[rank0]:[titan] 2026-09-21 13:52:48,059 - torchtitan.components.checkpointer.base - WARNING - initial_load_model_only=True has no effect without an initial_load_path.
[rank0]:[titan] 2026-09-21 13:52:48,059 - torchtitan.trainer - INFO - Trainer is initialized with 98304 tokens per DP rank, 12582912 tokens per train step, gradient accumulation steps 1, maximum context length 8192, total steps 20 (warmup 2)
[rank0]:[titan] 2026-09-21 13:52:48,059 - torchtitan.trainer - INFO - Training starts at step 1
[rank0]:[titan] 2026-09-21 13:56:21,017 - torchtitan.observability.metrics - INFO - step:  1  loss: 11.94497  grad_norm: 12.8281  memory: 189.20GiB(68.43%)  tps: 402  tflops: 35.66  mfu: 1.43%
[rank0]:[titan] 2026-09-21 13:56:21,017 - torchtitan.distributed.utils - INFO - Synchronizing and adjusting timeout for all ProcessGroups to 0:01:40
[rank0]:[titan] 2026-09-21 13:57:03,164 - torchtitan.observability.metrics - INFO - step:  2  loss:  7.16887  grad_norm: 41.6928  memory: 217.11GiB(78.52%)  tps: 2,332  tflops: 206.73  mfu: 8.27%
[rank0]:[titan] 2026-09-21 13:57:22,526 - torchtitan.observability.metrics - INFO - step:  3  loss: 11.53709  grad_norm: 60.2704  memory: 217.11GiB(78.52%)  tps: 5,077  tflops: 449.98  mfu: 18.00%
[rank0]:[titan] 2026-09-21 13:57:39,890 - torchtitan.observability.metrics - INFO - step:  4  loss: 12.72228  grad_norm: 18.5279  memory: 220.04GiB(79.58%)  tps: 5,662  tflops: 501.79  mfu: 20.07%
[rank0]:[titan] 2026-09-21 13:52:50,199 - torchtitan.trainer - INFO - CUDA memory usage for model: 20.02GiB(7.24%)
[rank0]:[titan] 2026-09-21 13:52:50,210 - torchtitan.components.optimizer.optimizer - INFO - Optimizer AdamW (model_part=0): 1242 params [.*] {'fused': True, 'foreach': False, 'lr': 0.0008, 'betas': (0.9, 0.95), 'eps': 1e-08, 'weight_decay': 0.1}
[rank0]:[titan] 2026-09-21 13:52:50,218 - torchtitan.components.tokenizer - INFO - Loading tokenizer from tokenizer.json
[rank0]:[titan] 2026-09-21 13:52:50,392 - httpx - INFO - HTTP Request: HEAD https://s3.amazonaws.com/datasets.huggingface.co/datasets/datasets/json/json.py "HTTP/1.1 200 OK"
[rank0]:[titan] 2026-09-21 13:52:50,582 - torchtitan.protocols.state_dict_adapter - WARNING - model.safetensors.index.json not found at hf_assets_path: ./tests/assets/tokenizer/model.safetensors.index.json.                     Defaulting to saving a single safetensors file if checkpoint is saved in HF format
[rank0]:[titan] 2026-09-21 13:57:57,083 - torchtitan.observability.metrics - INFO - step:  5  loss: 10.46122  grad_norm: 35.3050  memory: 220.04GiB(79.58%)  tps: 5,718  tflops: 506.76  mfu: 20.27%
[rank0]:[titan] 2026-09-21 13:52:50,582 - torchtitan.components.checkpointer.base - WARNING - initial_load_model_only=True has no effect without an initial_load_path.
[rank0]:[titan] 2026-09-21 13:52:50,583 - torchtitan.trainer - INFO - Trainer is initialized with 98304 tokens per DP rank, 12582912 tokens per train step, gradient accumulation steps 1, maximum context length 8192, total steps 20 (warmup 2)
[rank0]:[titan] 2026-09-21 13:52:50,583 - torchtitan.trainer - INFO - Training starts at step 1
[rank0]:[titan] 2026-09-21 13:56:21,017 - torchtitan.observability.metrics - INFO - step:  1  loss: 11.94497  grad_norm: 12.8281  memory: 188.18GiB(68.06%)  tps: 405  tflops: 35.90  mfu: 1.44%
[rank0]:[titan] 2026-09-21 13:56:21,018 - torchtitan.distributed.utils - INFO - Synchronizing and adjusting timeout for all ProcessGroups to 0:01:40
[rank0]:[titan] 2026-09-21 13:58:14,034 - torchtitan.observability.metrics - INFO - step:  6  loss:  9.19707  grad_norm: 25.7863  memory: 220.04GiB(79.58%)  tps: 5,800  tflops: 514.02  mfu: 20.56%
[rank0]:[titan] 2026-09-21 13:58:31,025 - torchtitan.observability.metrics - INFO - step:  7  loss:  7.21310  grad_norm: 22.9275  memory: 220.04GiB(79.58%)  tps: 5,786  tflops: 512.79  mfu: 20.51%
[rank0]:[titan] 2026-09-21 13:58:48,759 - torchtitan.observability.metrics - INFO - step:  8  loss:  5.69890  grad_norm: 33.2894  memory: 220.04GiB(79.58%)  tps: 5,543  tflops: 491.29  mfu: 19.65%
[rank0]:[titan] 2026-09-21 13:57:03,164 - torchtitan.observability.metrics - INFO - step:  2  loss:  7.16887  grad_norm: 41.6928  memory: 219.22GiB(79.28%)  tps: 2,332  tflops: 206.73  mfu: 8.27%
[rank0]:[titan] 2026-09-21 13:57:22,527 - torchtitan.observability.metrics - INFO - step:  3  loss: 11.53709  grad_norm: 60.2704  memory: 219.96GiB(79.55%)  tps: 5,077  tflops: 449.98  mfu: 18.00%
[rank0]:[titan] 2026-09-21 13:57:39,890 - torchtitan.observability.metrics - INFO - step:  4  loss: 12.72228  grad_norm: 18.5279  memory: 222.64GiB(80.52%)  tps: 5,662  tflops: 501.79  mfu: 20.07%
[rank0]:[titan] 2026-09-21 13:59:06,043 - torchtitan.observability.metrics - INFO - step:  9  loss:  5.57768  grad_norm: 36.2332  memory: 220.04GiB(79.58%)  tps: 5,688  tflops: 504.11  mfu: 20.16%
[rank0]:[titan] 2026-09-21 13:59:23,038 - torchtitan.observability.metrics - INFO - step: 10  loss:  5.17134  grad_norm: 21.6903  memory: 220.04GiB(79.58%)  tps: 5,784  tflops: 512.67  mfu: 20.51%
[rank0]:[titan] 2026-09-21 13:59:40,055 - torchtitan.observability.metrics - INFO - step: 11  loss:  4.23557  grad_norm: 15.4323  memory: 220.04GiB(79.58%)  tps: 5,777  tflops: 512.03  mfu: 20.48%
[rank0]:[titan] 2026-09-21 13:57:57,083 - torchtitan.observability.metrics - INFO - step:  5  loss: 10.46122  grad_norm: 35.3050  memory: 222.64GiB(80.52%)  tps: 5,718  tflops: 506.77  mfu: 20.27%
[rank0]:[titan] 2026-09-21 13:59:57,011 - torchtitan.observability.metrics - INFO - step: 12  loss:  3.67102  grad_norm: 10.2990  memory: 220.04GiB(79.58%)  tps: 5,798  tflops: 513.84  mfu: 20.55%
[rank0]:[titan] 2026-09-21 14:00:13,934 - torchtitan.observability.metrics - INFO - step: 13  loss:  3.58123  grad_norm: 10.4357  memory: 220.04GiB(79.58%)  tps: 5,809  tflops: 514.87  mfu: 20.59%
[rank0]:[titan] 2026-09-21 14:00:30,808 - torchtitan.observability.metrics - INFO - step: 14  loss:  3.52114  grad_norm: 13.8853  memory: 220.04GiB(79.58%)  tps: 5,826  tflops: 516.34  mfu: 20.65%
[rank0]:[titan] 2026-09-21 13:58:14,034 - torchtitan.observability.metrics - INFO - step:  6  loss:  9.19707  grad_norm: 25.7863  memory: 222.64GiB(80.52%)  tps: 5,800  tflops: 514.01  mfu: 20.56%
[rank0]:[titan] 2026-09-21 13:58:31,025 - torchtitan.observability.metrics - INFO - step:  7  loss:  7.21310  grad_norm: 22.9275  memory: 222.64GiB(80.52%)  tps: 5,786  tflops: 512.80  mfu: 20.51%
[rank0]:[titan] 2026-09-21 13:58:48,760 - torchtitan.observability.metrics - INFO - step:  8  loss:  5.69890  grad_norm: 33.2894  memory: 222.64GiB(80.52%)  tps: 5,543  tflops: 491.29  mfu: 19.65%
[rank0]:[titan] 2026-09-21 13:52:47,795 - torchtitan.trainer - INFO - CUDA memory usage for model: 20.02GiB(7.24%)
[rank0]:[titan] 2026-09-21 13:52:47,802 - torchtitan.components.optimizer.optimizer - INFO - Optimizer AdamW (model_part=0): 1242 params [.*] {'fused': True, 'foreach': False, 'lr': 0.0008, 'betas': (0.9, 0.95), 'eps': 1e-08, 'weight_decay': 0.1}
[rank0]:[titan] 2026-09-21 13:52:47,808 - torchtitan.components.tokenizer - INFO - Loading tokenizer from tokenizer.json
[rank0]:[titan] 2026-09-21 13:52:47,923 - httpx - INFO - HTTP Request: HEAD https://s3.amazonaws.com/datasets.huggingface.co/datasets/datasets/json/json.py "HTTP/1.1 200 OK"
[rank0]:[titan] 2026-09-21 13:52:48,068 - torchtitan.protocols.state_dict_adapter - WARNING - model.safetensors.index.json not found at hf_assets_path: ./tests/assets/tokenizer/model.safetensors.index.json.                     Defaulting to saving a single safetensors file if checkpoint is saved in HF format
[rank0]:[titan] 2026-09-21 14:00:47,885 - torchtitan.observability.metrics - INFO - step: 15  loss:  3.30625  grad_norm:  6.9609  memory: 220.04GiB(79.58%)  tps: 5,757  tflops: 510.21  mfu: 20.41%
[rank0]:[titan] 2026-09-21 14:01:04,772 - torchtitan.observability.metrics - INFO - step: 16  loss:  3.28106  grad_norm: 10.4845  memory: 220.04GiB(79.58%)  tps: 5,822  tflops: 515.97  mfu: 20.64%
[rank0]:[titan] 2026-09-21 14:01:21,626 - torchtitan.observability.metrics - INFO - step: 17  loss:  3.20511  grad_norm: 10.0422  memory: 223.62GiB(80.87%)  tps: 5,833  tflops: 516.95  mfu: 20.68%
[rank0]:[titan] 2026-09-21 13:59:06,043 - torchtitan.observability.metrics - INFO - step:  9  loss:  5.57768  grad_norm: 36.2332  memory: 225.51GiB(81.56%)  tps: 5,688  tflops: 504.11  mfu: 20.16%
[rank0]:[titan] 2026-09-21 13:59:23,039 - torchtitan.observability.metrics - INFO - step: 10  loss:  5.17134  grad_norm: 21.6903  memory: 225.51GiB(81.56%)  tps: 5,784  tflops: 512.68  mfu: 20.51%
[rank0]:[titan] 2026-09-21 13:59:40,055 - torchtitan.observability.metrics - INFO - step: 11  loss:  4.23557  grad_norm: 15.4323  memory: 225.51GiB(81.56%)  tps: 5,777  tflops: 512.03  mfu: 20.48%
[rank0]:[titan] 2026-09-21 13:52:48,068 - torchtitan.components.checkpointer.base - WARNING - initial_load_model_only=True has no effect without an initial_load_path.
[rank0]:[titan] 2026-09-21 13:52:48,069 - torchtitan.trainer - INFO - Trainer is initialized with 98304 tokens per DP rank, 12582912 tokens per train step, gradient accumulation steps 1, maximum context length 8192, total steps 20 (warmup 2)
[rank0]:[titan] 2026-09-21 13:52:48,069 - torchtitan.trainer - INFO - Training starts at step 1
[rank0]:[titan] 2026-09-21 13:56:21,017 - torchtitan.observability.metrics - INFO - step:  1  loss: 11.94497  grad_norm: 12.8281  memory: 186.38GiB(67.41%)  tps: 402  tflops: 35.67  mfu: 1.43%
[rank0]:[titan] 2026-09-21 13:56:21,018 - torchtitan.distributed.utils - INFO - Synchronizing and adjusting timeout for all ProcessGroups to 0:01:40
[rank0]:[titan] 2026-09-21 14:01:38,472 - torchtitan.observability.metrics - INFO - step: 18  loss:  3.07286  grad_norm:  7.3977  memory: 223.62GiB(80.87%)  tps: 5,835  tflops: 517.20  mfu: 20.69%
[rank0]:[titan] 2026-09-21 14:01:55,326 - torchtitan.observability.metrics - INFO - step: 19  loss:  2.98416  grad_norm:  5.3227  memory: 223.62GiB(80.87%)  tps: 5,833  tflops: 516.98  mfu: 20.68%
[rank0]:[titan] 2026-09-21 14:02:12,221 - torchtitan.observability.metrics - INFO - step: 20  loss:  2.94270  grad_norm:  4.1520  memory: 223.62GiB(80.87%)  tps: 5,819  tflops: 515.70  mfu: 20.63%
[rank0]:[titan] 2026-09-21 14:02:12,222 - torchtitan.trainer - INFO - Training completed
[rank0]:[titan] 2026-09-21 14:02:14,267 - __main__ - INFO - Process group destroyed
[rank0]:[titan] 2026-09-21 13:59:57,012 - torchtitan.observability.metrics - INFO - step: 12  loss:  3.67102  grad_norm: 10.2990  memory: 225.51GiB(81.56%)  tps: 5,798  tflops: 513.84  mfu: 20.55%
[rank0]:[titan] 2026-09-21 14:00:13,934 - torchtitan.observability.metrics - INFO - step: 13  loss:  3.58123  grad_norm: 10.4357  memory: 225.51GiB(81.56%)  tps: 5,809  tflops: 514.87  mfu: 20.59%
[rank0]:[titan] 2026-09-21 14:00:30,808 - torchtitan.observability.metrics - INFO - step: 14  loss:  3.52114  grad_norm: 13.8853  memory: 225.51GiB(81.56%)  tps: 5,826  tflops: 516.34  mfu: 20.65%
[rank0]:[titan] 2026-09-21 13:57:03,164 - torchtitan.observability.metrics - INFO - step:  2  loss:  7.16887  grad_norm: 41.6928  memory: 223.66GiB(80.89%)  tps: 2,332  tflops: 206.73  mfu: 8.27%
[rank0]:[titan] 2026-09-21 13:57:22,526 - torchtitan.observability.metrics - INFO - step:  3  loss: 11.53709  grad_norm: 60.2704  memory: 223.66GiB(80.89%)  tps: 5,077  tflops: 449.98  mfu: 18.00%
[rank0]:[titan] 2026-09-21 13:57:39,890 - torchtitan.observability.metrics - INFO - step:  4  loss: 12.72228  grad_norm: 18.5279  memory: 223.66GiB(80.89%)  tps: 5,662  tflops: 501.79  mfu: 20.07%
[rank0]:[titan] 2026-09-21 14:00:47,885 - torchtitan.observability.metrics - INFO - step: 15  loss:  3.30625  grad_norm:  6.9609  memory: 225.51GiB(81.56%)  tps: 5,757  tflops: 510.21  mfu: 20.41%
[rank0]:[titan] 2026-09-21 14:01:04,772 - torchtitan.observability.metrics - INFO - step: 16  loss:  3.28106  grad_norm: 10.4845  memory: 225.51GiB(81.56%)  tps: 5,822  tflops: 515.97  mfu: 20.64%
[rank0]:[titan] 2026-09-21 14:01:21,626 - torchtitan.observability.metrics - INFO - step: 17  loss:  3.20511  grad_norm: 10.0422  memory: 225.51GiB(81.56%)  tps: 5,833  tflops: 516.95  mfu: 20.68%
[rank0]:[titan] 2026-09-21 13:57:57,083 - torchtitan.observability.metrics - INFO - step:  5  loss: 10.46122  grad_norm: 35.3050  memory: 225.63GiB(81.60%)  tps: 5,718  tflops: 506.76  mfu: 20.27%
[rank0]:[titan] 2026-09-21 14:01:38,473 - torchtitan.observability.metrics - INFO - step: 18  loss:  3.07286  grad_norm:  7.3977  memory: 225.51GiB(81.56%)  tps: 5,836  tflops: 517.20  mfu: 20.69%
[rank0]:[titan] 2026-09-21 14:01:55,326 - torchtitan.observability.metrics - INFO - step: 19  loss:  2.98416  grad_norm:  5.3227  memory: 225.51GiB(81.56%)  tps: 5,833  tflops: 516.98  mfu: 20.68%
[rank0]:[titan] 2026-09-21 14:02:12,221 - torchtitan.observability.metrics - INFO - step: 20  loss:  2.94270  grad_norm:  4.1520  memory: 225.51GiB(81.56%)  tps: 5,819  tflops: 515.70  mfu: 20.63%
[rank0]:[titan] 2026-09-21 14:02:12,222 - torchtitan.trainer - INFO - Training completed
[rank0]:[titan] 2026-09-21 14:02:13,635 - __main__ - INFO - Process group destroyed
[rank0]:[titan] 2026-09-21 13:58:14,034 - torchtitan.observability.metrics - INFO - step:  6  loss:  9.19707  grad_norm: 25.7863  memory: 225.63GiB(81.60%)  tps: 5,800  tflops: 514.02  mfu: 20.56%
[rank0]:[titan] 2026-09-21 13:58:31,025 - torchtitan.observability.metrics - INFO - step:  7  loss:  7.21310  grad_norm: 22.9275  memory: 225.63GiB(81.60%)  tps: 5,786  tflops: 512.79  mfu: 20.51%
[rank0]:[titan] 2026-09-21 13:58:48,760 - torchtitan.observability.metrics - INFO - step:  8  loss:  5.69890  grad_norm: 33.2894  memory: 225.63GiB(81.60%)  tps: 5,543  tflops: 491.29  mfu: 19.65%
[rank0]:[titan] 2026-09-21 13:59:06,043 - torchtitan.observability.metrics - INFO - step:  9  loss:  5.57768  grad_norm: 36.2332  memory: 225.63GiB(81.60%)  tps: 5,688  tflops: 504.11  mfu: 20.16%
[rank0]:[titan] 2026-09-21 13:59:23,038 - torchtitan.observability.metrics - INFO - step: 10  loss:  5.17134  grad_norm: 21.6903  memory: 225.63GiB(81.60%)  tps: 5,784  tflops: 512.67  mfu: 20.51%
[rank0]:[titan] 2026-09-21 13:59:40,055 - torchtitan.observability.metrics - INFO - step: 11  loss:  4.23557  grad_norm: 15.4323  memory: 225.63GiB(81.60%)  tps: 5,777  tflops: 512.03  mfu: 20.48%
[rank0]:[titan] 2026-09-21 13:59:57,011 - torchtitan.observability.metrics - INFO - step: 12  loss:  3.67102  grad_norm: 10.2990  memory: 225.63GiB(81.60%)  tps: 5,798  tflops: 513.84  mfu: 20.55%
[rank0]:[titan] 2026-09-21 14:00:13,934 - torchtitan.observability.metrics - INFO - step: 13  loss:  3.58123  grad_norm: 10.4357  memory: 225.63GiB(81.60%)  tps: 5,809  tflops: 514.87  mfu: 20.59%
[rank0]:[titan] 2026-09-21 14:00:30,808 - torchtitan.observability.metrics - INFO - step: 14  loss:  3.52114  grad_norm: 13.8853  memory: 225.63GiB(81.60%)  tps: 5,826  tflops: 516.34  mfu: 20.65%
[rank0]:[titan] 2026-09-21 13:52:32,967 - torchtitan.distributed.fsdp - INFO - fsdp dense-never: layer 40 experts sharded separately (reshard=True), dense params kept unsharded (reshard=False)
[rank0]:[titan] 2026-09-21 13:52:32,990 - torchtitan.distributed.fsdp - INFO - fsdp dense-never: layer 41 experts sharded separately (reshard=True), dense params kept unsharded (reshard=False)
[rank0]:[titan] 2026-09-21 13:52:33,010 - torchtitan.distributed.fsdp - INFO - fsdp dense-never: layer 42 experts sharded separately (reshard=True), dense params kept unsharded (reshard=False)
[rank0]:[titan] 2026-09-21 13:52:33,066 - torchtitan.distributed.fsdp - INFO - Applied HSDP to the model
[rank0]:[titan] 2026-09-21 13:52:33,069 - torchtitan.models.deepseek_v3.parallelize - INFO - block-input offload: wrapped 43 decoder blocks
[rank0]:[titan] 2026-09-21 13:52:47,798 - torchtitan.trainer - INFO - Peak FLOPS used for computing MFU: 2.500e+15
[rank0]:[titan] 2026-09-21 13:52:32,911 - torchtitan.distributed.fsdp - INFO - fsdp dense-never: layer 40 experts sharded separately (reshard=True), dense params kept unsharded (reshard=False)
[rank0]:[titan] 2026-09-21 13:52:32,932 - torchtitan.distributed.fsdp - INFO - fsdp dense-never: layer 41 experts sharded separately (reshard=True), dense params kept unsharded (reshard=False)
[rank0]:[titan] 2026-09-21 13:52:32,950 - torchtitan.distributed.fsdp - INFO - fsdp dense-never: layer 42 experts sharded separately (reshard=True), dense params kept unsharded (reshard=False)
[rank0]:[titan] 2026-09-21 13:52:33,002 - torchtitan.distributed.fsdp - INFO - Applied HSDP to the model
[rank0]:[titan] 2026-09-21 13:52:33,004 - torchtitan.models.deepseek_v3.parallelize - INFO - block-input offload: wrapped 43 decoder blocks
[rank0]:[titan] 2026-09-21 13:52:50,199 - torchtitan.trainer - INFO - Peak FLOPS used for computing MFU: 2.500e+15
[rank0]:[titan] 2026-09-21 13:52:35,002 - torchtitan.distributed.fsdp - INFO - fsdp dense-never: layer 40 experts sharded separately (reshard=True), dense params kept unsharded (reshard=False)
[rank0]:[titan] 2026-09-21 13:52:35,031 - torchtitan.distributed.fsdp - INFO - fsdp dense-never: layer 41 experts sharded separately (reshard=True), dense params kept unsharded (reshard=False)
[rank0]:[titan] 2026-09-21 13:52:35,056 - torchtitan.distributed.fsdp - INFO - fsdp dense-never: layer 42 experts sharded separately (reshard=True), dense params kept unsharded (reshard=False)
[rank0]:[titan] 2026-09-21 13:52:35,125 - torchtitan.distributed.fsdp - INFO - Applied HSDP to the model
[rank0]:[titan] 2026-09-21 13:52:35,127 - torchtitan.models.deepseek_v3.parallelize - INFO - block-input offload: wrapped 43 decoder blocks
[rank0]:[titan] 2026-09-21 13:52:49,819 - torchtitan.trainer - INFO - Peak FLOPS used for computing MFU: 2.500e+15
[rank0]:[titan] 2026-09-21 14:00:47,885 - torchtitan.observability.metrics - INFO - step: 15  loss:  3.30625  grad_norm:  6.9609  memory: 225.63GiB(81.60%)  tps: 5,757  tflops: 510.21  mfu: 20.41%
[rank0]:[titan] 2026-09-21 14:01:04,772 - torchtitan.observability.metrics - INFO - step: 16  loss:  3.28106  grad_norm: 10.4845  memory: 225.63GiB(81.60%)  tps: 5,822  tflops: 515.96  mfu: 20.64%
[rank0]:[titan] 2026-09-21 14:01:21,626 - torchtitan.observability.metrics - INFO - step: 17  loss:  3.20511  grad_norm: 10.0422  memory: 225.63GiB(81.60%)  tps: 5,833  tflops: 516.95  mfu: 20.68%
[rank0]:[titan] 2026-09-21 14:01:38,473 - torchtitan.observability.metrics - INFO - step: 18  loss:  3.07286  grad_norm:  7.3977  memory: 225.63GiB(81.60%)  tps: 5,835  tflops: 517.20  mfu: 20.69%
[rank0]:[titan] 2026-09-21 14:01:55,326 - torchtitan.observability.metrics - INFO - step: 19  loss:  2.98416  grad_norm:  5.3227  memory: 225.63GiB(81.60%)  tps: 5,833  tflops: 516.98  mfu: 20.68%
[rank0]:[titan] 2026-09-21 14:02:12,221 - torchtitan.observability.metrics - INFO - step: 20  loss:  2.94270  grad_norm:  4.1520  memory: 225.63GiB(81.60%)  tps: 5,819  tflops: 515.70  mfu: 20.63%
[rank0]:[titan] 2026-09-21 14:02:12,222 - torchtitan.trainer - INFO - Training completed
[rank0]:[titan] 2026-09-21 14:02:14,275 - __main__ - INFO - Process group destroyed
[rank0]:[titan] 2026-09-21 13:52:47,799 - torchtitan.trainer - INFO - CUDA memory usage for model: 20.02GiB(7.24%)
[rank0]:[titan] 2026-09-21 13:52:47,807 - torchtitan.components.optimizer.optimizer - INFO - Optimizer AdamW (model_part=0): 1242 params [.*] {'fused': True, 'foreach': False, 'lr': 0.0008, 'betas': (0.9, 0.95), 'eps': 1e-08, 'weight_decay': 0.1}
[rank0]:[titan] 2026-09-21 13:52:47,813 - torchtitan.components.tokenizer - INFO - Loading tokenizer from tokenizer.json
[rank0]:[titan] 2026-09-21 13:52:47,953 - httpx - INFO - HTTP Request: HEAD https://s3.amazonaws.com/datasets.huggingface.co/datasets/datasets/json/json.py "HTTP/1.1 200 OK"
[rank0]:[titan] 2026-09-21 13:52:48,084 - torchtitan.protocols.state_dict_adapter - WARNING - model.safetensors.index.json not found at hf_assets_path: ./tests/assets/tokenizer/model.safetensors.index.json.                     Defaulting to saving a single safetensors file if checkpoint is saved in HF format
[rank0]:[titan] 2026-09-21 13:52:48,084 - torchtitan.components.checkpointer.base - WARNING - initial_load_model_only=True has no effect without an initial_load_path.
[rank0]:[titan] 2026-09-21 13:52:48,085 - torchtitan.trainer - INFO - Trainer is initialized with 98304 tokens per DP rank, 12582912 tokens per train step, gradient accumulation steps 1, maximum context length 8192, total steps 20 (warmup 2)
[rank0]:[titan] 2026-09-21 13:52:48,085 - torchtitan.trainer - INFO - Training starts at step 1
[rank0]:[titan] 2026-09-21 13:56:21,016 - torchtitan.observability.metrics - INFO - step:  1  loss: 11.94497  grad_norm: 12.8281  memory: 187.38GiB(67.77%)  tps: 405  tflops: 35.90  mfu: 1.44%
[rank0]:[titan] 2026-09-21 13:56:21,017 - torchtitan.distributed.utils - INFO - Synchronizing and adjusting timeout for all ProcessGroups to 0:01:40
[rank0]:[titan] 2026-09-21 13:52:50,199 - torchtitan.trainer - INFO - CUDA memory usage for model: 20.02GiB(7.24%)
[rank0]:[titan] 2026-09-21 13:52:50,206 - torchtitan.components.optimizer.optimizer - INFO - Optimizer AdamW (model_part=0): 1242 params [.*] {'fused': True, 'foreach': False, 'lr': 0.0008, 'betas': (0.9, 0.95), 'eps': 1e-08, 'weight_decay': 0.1}
[rank0]:[titan] 2026-09-21 13:52:50,212 - torchtitan.components.tokenizer - INFO - Loading tokenizer from tokenizer.json
[rank0]:[titan] 2026-09-21 13:52:50,314 - httpx - INFO - HTTP Request: HEAD https://s3.amazonaws.com/datasets.huggingface.co/datasets/datasets/json/json.py "HTTP/1.1 200 OK"
[rank0]:[titan] 2026-09-21 13:52:50,476 - torchtitan.protocols.state_dict_adapter - WARNING - model.safetensors.index.json not found at hf_assets_path: ./tests/assets/tokenizer/model.safetensors.index.json.                     Defaulting to saving a single safetensors file if checkpoint is saved in HF format
[rank0]:[titan] 2026-09-21 13:52:49,820 - torchtitan.trainer - INFO - CUDA memory usage for model: 20.02GiB(7.24%)
[rank0]:[titan] 2026-09-21 13:52:49,829 - torchtitan.components.optimizer.optimizer - INFO - Optimizer AdamW (model_part=0): 1242 params [.*] {'fused': True, 'foreach': False, 'lr': 0.0008, 'betas': (0.9, 0.95), 'eps': 1e-08, 'weight_decay': 0.1}
[rank0]:[titan] 2026-09-21 13:52:49,836 - torchtitan.components.tokenizer - INFO - Loading tokenizer from tokenizer.json
[rank0]:[titan] 2026-09-21 13:52:49,996 - httpx - INFO - HTTP Request: HEAD https://s3.amazonaws.com/datasets.huggingface.co/datasets/datasets/json/json.py "HTTP/1.1 200 OK"
[rank0]:[titan] 2026-09-21 13:52:50,176 - torchtitan.protocols.state_dict_adapter - WARNING - model.safetensors.index.json not found at hf_assets_path: ./tests/assets/tokenizer/model.safetensors.index.json.                     Defaulting to saving a single safetensors file if checkpoint is saved in HF format
[rank0]:[titan] 2026-09-21 13:57:03,162 - torchtitan.observability.metrics - INFO - step:  2  loss:  7.16887  grad_norm: 41.6928  memory: 220.49GiB(79.74%)  tps: 2,332  tflops: 206.73  mfu: 8.27%
[rank0]:[titan] 2026-09-21 13:57:22,525 - torchtitan.observability.metrics - INFO - step:  3  loss: 11.53709  grad_norm: 60.2704  memory: 221.80GiB(80.22%)  tps: 5,077  tflops: 449.98  mfu: 18.00%
[rank0]:[titan] 2026-09-21 13:57:39,889 - torchtitan.observability.metrics - INFO - step:  4  loss: 12.72228  grad_norm: 18.5279  memory: 221.80GiB(80.22%)  tps: 5,662  tflops: 501.79  mfu: 20.07%
[rank0]:[titan] 2026-09-21 13:52:50,476 - torchtitan.components.checkpointer.base - WARNING - initial_load_model_only=True has no effect without an initial_load_path.
[rank0]:[titan] 2026-09-21 13:52:50,477 - torchtitan.trainer - INFO - Trainer is initialized with 98304 tokens per DP rank, 12582912 tokens per train step, gradient accumulation steps 1, maximum context length 8192, total steps 20 (warmup 2)
[rank0]:[titan] 2026-09-21 13:52:50,477 - torchtitan.trainer - INFO - Training starts at step 1
[rank0]:[titan] 2026-09-21 13:56:21,016 - torchtitan.observability.metrics - INFO - step:  1  loss: 11.94497  grad_norm: 12.8281  memory: 188.59GiB(68.20%)  tps: 402  tflops: 35.66  mfu: 1.43%
[rank0]:[titan] 2026-09-21 13:56:21,017 - torchtitan.distributed.utils - INFO - Synchronizing and adjusting timeout for all ProcessGroups to 0:01:40
[rank0]:[titan] 2026-09-21 13:52:50,176 - torchtitan.components.checkpointer.base - WARNING - initial_load_model_only=True has no effect without an initial_load_path.
[rank0]:[titan] 2026-09-21 13:52:50,177 - torchtitan.trainer - INFO - Trainer is initialized with 98304 tokens per DP rank, 12582912 tokens per train step, gradient accumulation steps 1, maximum context length 8192, total steps 20 (warmup 2)
[rank0]:[titan] 2026-09-21 13:52:50,177 - torchtitan.trainer - INFO - Training starts at step 1
[rank0]:[titan] 2026-09-21 13:56:21,018 - torchtitan.observability.metrics - INFO - step:  1  loss: 11.94497  grad_norm: 12.8281  memory: 186.38GiB(67.41%)  tps: 407  tflops: 36.10  mfu: 1.44%
[rank0]:[titan] 2026-09-21 13:56:21,019 - torchtitan.distributed.utils - INFO - Synchronizing and adjusting timeout for all ProcessGroups to 0:01:40
[rank0]:[titan] 2026-09-21 13:57:57,082 - torchtitan.observability.metrics - INFO - step:  5  loss: 10.46122  grad_norm: 35.3050  memory: 221.80GiB(80.22%)  tps: 5,718  tflops: 506.76  mfu: 20.27%
[rank0]:[titan] 2026-09-21 13:57:03,163 - torchtitan.observability.metrics - INFO - step:  2  loss:  7.16887  grad_norm: 41.6928  memory: 214.24GiB(77.48%)  tps: 2,332  tflops: 206.73  mfu: 8.27%
[rank0]:[titan] 2026-09-21 13:57:22,525 - torchtitan.observability.metrics - INFO - step:  3  loss: 11.53709  grad_norm: 60.2704  memory: 219.69GiB(79.45%)  tps: 5,077  tflops: 449.98  mfu: 18.00%
[rank0]:[titan] 2026-09-21 13:57:39,889 - torchtitan.observability.metrics - INFO - step:  4  loss: 12.72228  grad_norm: 18.5279  memory: 219.69GiB(79.45%)  tps: 5,662  tflops: 501.79  mfu: 20.07%
[rank0]:[titan] 2026-09-21 13:57:03,165 - torchtitan.observability.metrics - INFO - step:  2  loss:  7.16887  grad_norm: 41.6928  memory: 217.93GiB(78.82%)  tps: 2,332  tflops: 206.73  mfu: 8.27%
[rank0]:[titan] 2026-09-21 13:57:22,528 - torchtitan.observability.metrics - INFO - step:  3  loss: 11.53709  grad_norm: 60.2704  memory: 217.93GiB(78.82%)  tps: 5,077  tflops: 449.98  mfu: 18.00%
[rank0]:[titan] 2026-09-21 13:57:39,891 - torchtitan.observability.metrics - INFO - step:  4  loss: 12.72228  grad_norm: 18.5279  memory: 221.45GiB(80.09%)  tps: 5,662  tflops: 501.79  mfu: 20.07%
[rank0]:[titan] 2026-09-21 13:58:14,032 - torchtitan.observability.metrics - INFO - step:  6  loss:  9.19707  grad_norm: 25.7863  memory: 221.80GiB(80.22%)  tps: 5,800  tflops: 514.02  mfu: 20.56%
[rank0]:[titan] 2026-09-21 13:58:31,024 - torchtitan.observability.metrics - INFO - step:  7  loss:  7.21310  grad_norm: 22.9275  memory: 221.80GiB(80.22%)  tps: 5,786  tflops: 512.79  mfu: 20.51%
[rank0]:[titan] 2026-09-21 13:58:48,758 - torchtitan.observability.metrics - INFO - step:  8  loss:  5.69890  grad_norm: 33.2894  memory: 221.80GiB(80.22%)  tps: 5,543  tflops: 491.29  mfu: 19.65%
[rank0]:[titan] 2026-09-21 13:57:57,082 - torchtitan.observability.metrics - INFO - step:  5  loss: 10.46122  grad_norm: 35.3050  memory: 219.69GiB(79.45%)  tps: 5,718  tflops: 506.76  mfu: 20.27%
[rank0]:[titan] 2026-09-21 13:52:32,971 - torchtitan.distributed.fsdp - INFO - fsdp dense-never: layer 40 experts sharded separately (reshard=True), dense params kept unsharded (reshard=False)
[rank0]:[titan] 2026-09-21 13:52:32,993 - torchtitan.distributed.fsdp - INFO - fsdp dense-never: layer 41 experts sharded separately (reshard=True), dense params kept unsharded (reshard=False)
[rank0]:[titan] 2026-09-21 13:52:33,011 - torchtitan.distributed.fsdp - INFO - fsdp dense-never: layer 42 experts sharded separately (reshard=True), dense params kept unsharded (reshard=False)
[rank0]:[titan] 2026-09-21 13:52:33,064 - torchtitan.distributed.fsdp - INFO - Applied HSDP to the model
[rank0]:[titan] 2026-09-21 13:52:33,066 - torchtitan.models.deepseek_v3.parallelize - INFO - block-input offload: wrapped 43 decoder blocks
[rank0]:[titan] 2026-09-21 13:52:49,292 - torchtitan.trainer - INFO - Peak FLOPS used for computing MFU: 2.500e+15
[rank0]:[titan] 2026-09-21 13:57:57,084 - torchtitan.observability.metrics - INFO - step:  5  loss: 10.46122  grad_norm: 35.3050  memory: 222.66GiB(80.53%)  tps: 5,718  tflops: 506.76  mfu: 20.27%
[rank0]:[titan] 2026-09-21 13:59:06,042 - torchtitan.observability.metrics - INFO - step:  9  loss:  5.57768  grad_norm: 36.2332  memory: 222.17GiB(80.35%)  tps: 5,688  tflops: 504.11  mfu: 20.16%
[rank0]:[titan] 2026-09-21 13:59:23,037 - torchtitan.observability.metrics - INFO - step: 10  loss:  5.17134  grad_norm: 21.6903  memory: 223.91GiB(80.98%)  tps: 5,784  tflops: 512.67  mfu: 20.51%
[rank0]:[titan] 2026-09-21 13:59:40,054 - torchtitan.observability.metrics - INFO - step: 11  loss:  4.23557  grad_norm: 15.4323  memory: 223.91GiB(80.98%)  tps: 5,777  tflops: 512.03  mfu: 20.48%
[rank0]:[titan] 2026-09-21 13:58:14,033 - torchtitan.observability.metrics - INFO - step:  6  loss:  9.19707  grad_norm: 25.7863  memory: 219.69GiB(79.45%)  tps: 5,800  tflops: 514.02  mfu: 20.56%
[rank0]:[titan] 2026-09-21 13:58:31,024 - torchtitan.observability.metrics - INFO - step:  7  loss:  7.21310  grad_norm: 22.9275  memory: 219.90GiB(79.53%)  tps: 5,786  tflops: 512.79  mfu: 20.51%
[rank0]:[titan] 2026-09-21 13:58:48,759 - torchtitan.observability.metrics - INFO - step:  8  loss:  5.69890  grad_norm: 33.2894  memory: 219.90GiB(79.53%)  tps: 5,543  tflops: 491.29  mfu: 19.65%
[rank0]:[titan] 2026-09-21 13:58:14,035 - torchtitan.observability.metrics - INFO - step:  6  loss:  9.19707  grad_norm: 25.7863  memory: 222.66GiB(80.53%)  tps: 5,800  tflops: 514.02  mfu: 20.56%
[rank0]:[titan] 2026-09-21 13:58:31,026 - torchtitan.observability.metrics - INFO - step:  7  loss:  7.21310  grad_norm: 22.9275  memory: 222.66GiB(80.53%)  tps: 5,786  tflops: 512.79  mfu: 20.51%
[rank0]:[titan] 2026-09-21 13:58:48,761 - torchtitan.observability.metrics - INFO - step:  8  loss:  5.69890  grad_norm: 33.2894  memory: 222.66GiB(80.53%)  tps: 5,543  tflops: 491.29  mfu: 19.65%
[rank0]:[titan] 2026-09-21 13:59:57,010 - torchtitan.observability.metrics - INFO - step: 12  loss:  3.67102  grad_norm: 10.2990  memory: 223.91GiB(80.98%)  tps: 5,798  tflops: 513.84  mfu: 20.55%
[rank0]:[titan] 2026-09-21 14:00:13,933 - torchtitan.observability.metrics - INFO - step: 13  loss:  3.58123  grad_norm: 10.4357  memory: 223.91GiB(80.98%)  tps: 5,809  tflops: 514.87  mfu: 20.59%
[rank0]:[titan] 2026-09-21 14:00:30,807 - torchtitan.observability.metrics - INFO - step: 14  loss:  3.52114  grad_norm: 13.8853  memory: 223.91GiB(80.98%)  tps: 5,826  tflops: 516.34  mfu: 20.65%
[rank0]:[titan] 2026-09-21 13:59:06,042 - torchtitan.observability.metrics - INFO - step:  9  loss:  5.57768  grad_norm: 36.2332  memory: 219.90GiB(79.53%)  tps: 5,688  tflops: 504.11  mfu: 20.16%
[rank0]:[titan] 2026-09-21 13:59:23,038 - torchtitan.observability.metrics - INFO - step: 10  loss:  5.17134  grad_norm: 21.6903  memory: 222.85GiB(80.60%)  tps: 5,784  tflops: 512.67  mfu: 20.51%
[rank0]:[titan] 2026-09-21 13:59:40,054 - torchtitan.observability.metrics - INFO - step: 11  loss:  4.23557  grad_norm: 15.4323  memory: 222.85GiB(80.60%)  tps: 5,777  tflops: 512.04  mfu: 20.48%
[rank0]:[titan] 2026-09-21 13:59:06,045 - torchtitan.observability.metrics - INFO - step:  9  loss:  5.57768  grad_norm: 36.2332  memory: 222.66GiB(80.53%)  tps: 5,688  tflops: 504.11  mfu: 20.16%
[rank0]:[titan] 2026-09-21 13:59:23,040 - torchtitan.observability.metrics - INFO - step: 10  loss:  5.17134  grad_norm: 21.6903  memory: 222.66GiB(80.53%)  tps: 5,784  tflops: 512.67  mfu: 20.51%
[rank0]:[titan] 2026-09-21 13:59:40,056 - torchtitan.observability.metrics - INFO - step: 11  loss:  4.23557  grad_norm: 15.4323  memory: 222.66GiB(80.53%)  tps: 5,777  tflops: 512.03  mfu: 20.48%
[rank0]:[titan] 2026-09-21 14:00:47,884 - torchtitan.observability.metrics - INFO - step: 15  loss:  3.30625  grad_norm:  6.9609  memory: 223.91GiB(80.98%)  tps: 5,757  tflops: 510.21  mfu: 20.41%
[rank0]:[titan] 2026-09-21 14:01:04,771 - torchtitan.observability.metrics - INFO - step: 16  loss:  3.28106  grad_norm: 10.4845  memory: 223.91GiB(80.98%)  tps: 5,822  tflops: 515.97  mfu: 20.64%
[rank0]:[titan] 2026-09-21 14:01:21,625 - torchtitan.observability.metrics - INFO - step: 17  loss:  3.20511  grad_norm: 10.0422  memory: 223.91GiB(80.98%)  tps: 5,833  tflops: 516.95  mfu: 20.68%
[rank0]:[titan] 2026-09-21 13:59:57,011 - torchtitan.observability.metrics - INFO - step: 12  loss:  3.67102  grad_norm: 10.2990  memory: 222.85GiB(80.60%)  tps: 5,798  tflops: 513.83  mfu: 20.55%
[rank0]:[titan] 2026-09-21 14:00:13,933 - torchtitan.observability.metrics - INFO - step: 13  loss:  3.58123  grad_norm: 10.4357  memory: 222.85GiB(80.60%)  tps: 5,809  tflops: 514.87  mfu: 20.59%
[rank0]:[titan] 2026-09-21 14:00:30,807 - torchtitan.observability.metrics - INFO - step: 14  loss:  3.52114  grad_norm: 13.8853  memory: 222.85GiB(80.60%)  tps: 5,826  tflops: 516.34  mfu: 20.65%
[rank0]:[titan] 2026-09-21 13:59:57,013 - torchtitan.observability.metrics - INFO - step: 12  loss:  3.67102  grad_norm: 10.2990  memory: 222.66GiB(80.53%)  tps: 5,798  tflops: 513.84  mfu: 20.55%
[rank0]:[titan] 2026-09-21 14:00:13,935 - torchtitan.observability.metrics - INFO - step: 13  loss:  3.58123  grad_norm: 10.4357  memory: 222.66GiB(80.53%)  tps: 5,809  tflops: 514.87  mfu: 20.59%
[rank0]:[titan] 2026-09-21 14:00:30,809 - torchtitan.observability.metrics - INFO - step: 14  loss:  3.52114  grad_norm: 13.8853  memory: 222.66GiB(80.53%)  tps: 5,826  tflops: 516.34  mfu: 20.65%
[rank0]:[titan] 2026-09-21 14:01:38,471 - torchtitan.observability.metrics - INFO - step: 18  loss:  3.07286  grad_norm:  7.3977  memory: 223.91GiB(80.98%)  tps: 5,835  tflops: 517.20  mfu: 20.69%
[rank0]:[titan] 2026-09-21 14:01:55,325 - torchtitan.observability.metrics - INFO - step: 19  loss:  2.98416  grad_norm:  5.3227  memory: 223.91GiB(80.98%)  tps: 5,833  tflops: 516.98  mfu: 20.68%
[rank0]:[titan] 2026-09-21 14:02:12,220 - torchtitan.observability.metrics - INFO - step: 20  loss:  2.94270  grad_norm:  4.1520  memory: 223.91GiB(80.98%)  tps: 5,819  tflops: 515.70  mfu: 20.63%
[rank0]:[titan] 2026-09-21 14:02:12,221 - torchtitan.trainer - INFO - Training completed
[rank0]:[titan] 2026-09-21 14:02:14,705 - __main__ - INFO - Process group destroyed
[rank0]:[titan] 2026-09-21 14:00:47,884 - torchtitan.observability.metrics - INFO - step: 15  loss:  3.30625  grad_norm:  6.9609  memory: 222.85GiB(80.60%)  tps: 5,757  tflops: 510.21  mfu: 20.41%
[rank0]:[titan] 2026-09-21 14:01:04,771 - torchtitan.observability.metrics - INFO - step: 16  loss:  3.28106  grad_norm: 10.4845  memory: 222.85GiB(80.60%)  tps: 5,822  tflops: 515.96  mfu: 20.64%
[rank0]:[titan] 2026-09-21 14:01:21,625 - torchtitan.observability.metrics - INFO - step: 17  loss:  3.20511  grad_norm: 10.0422  memory: 222.85GiB(80.60%)  tps: 5,833  tflops: 516.95  mfu: 20.68%
[rank0]:[titan] 2026-09-21 13:52:49,292 - torchtitan.trainer - INFO - CUDA memory usage for model: 20.02GiB(7.24%)
[rank0]:[titan] 2026-09-21 13:52:49,299 - torchtitan.components.optimizer.optimizer - INFO - Optimizer AdamW (model_part=0): 1242 params [.*] {'fused': True, 'foreach': False, 'lr': 0.0008, 'betas': (0.9, 0.95), 'eps': 1e-08, 'weight_decay': 0.1}
[rank0]:[titan] 2026-09-21 13:52:49,305 - torchtitan.components.tokenizer - INFO - Loading tokenizer from tokenizer.json
[rank0]:[titan] 2026-09-21 13:52:49,441 - httpx - INFO - HTTP Request: HEAD https://s3.amazonaws.com/datasets.huggingface.co/datasets/datasets/json/json.py "HTTP/1.1 200 OK"
[rank0]:[titan] 2026-09-21 13:52:49,578 - torchtitan.protocols.state_dict_adapter - WARNING - model.safetensors.index.json not found at hf_assets_path: ./tests/assets/tokenizer/model.safetensors.index.json.                     Defaulting to saving a single safetensors file if checkpoint is saved in HF format
[rank0]:[titan] 2026-09-21 14:00:47,886 - torchtitan.observability.metrics - INFO - step: 15  loss:  3.30625  grad_norm:  6.9609  memory: 222.66GiB(80.53%)  tps: 5,757  tflops: 510.21  mfu: 20.41%
[rank0]:[titan] 2026-09-21 14:01:04,773 - torchtitan.observability.metrics - INFO - step: 16  loss:  3.28106  grad_norm: 10.4845  memory: 222.66GiB(80.53%)  tps: 5,822  tflops: 515.96  mfu: 20.64%
[rank0]:[titan] 2026-09-21 14:01:21,627 - torchtitan.observability.metrics - INFO - step: 17  loss:  3.20511  grad_norm: 10.0422  memory: 222.66GiB(80.53%)  tps: 5,833  tflops: 516.95  mfu: 20.68%
[rank0]:[titan] 2026-09-21 14:01:38,472 - torchtitan.observability.metrics - INFO - step: 18  loss:  3.07286  grad_norm:  7.3977  memory: 222.85GiB(80.60%)  tps: 5,835  tflops: 517.20  mfu: 20.69%
[rank0]:[titan] 2026-09-21 14:01:55,325 - torchtitan.observability.metrics - INFO - step: 19  loss:  2.98416  grad_norm:  5.3227  memory: 224.37GiB(81.15%)  tps: 5,833  tflops: 516.98  mfu: 20.68%
[rank0]:[titan] 2026-09-21 14:02:12,220 - torchtitan.observability.metrics - INFO - step: 20  loss:  2.94270  grad_norm:  4.1520  memory: 224.37GiB(81.15%)  tps: 5,819  tflops: 515.70  mfu: 20.63%
[rank0]:[titan] 2026-09-21 14:02:12,221 - torchtitan.trainer - INFO - Training completed
[rank0]:[titan] 2026-09-21 14:02:14,178 - __main__ - INFO - Process group destroyed
[rank0]:[titan] 2026-09-21 13:52:49,578 - torchtitan.components.checkpointer.base - WARNING - initial_load_model_only=True has no effect without an initial_load_path.
[rank0]:[titan] 2026-09-21 13:52:49,578 - torchtitan.trainer - INFO - Trainer is initialized with 98304 tokens per DP rank, 12582912 tokens per train step, gradient accumulation steps 1, maximum context length 8192, total steps 20 (warmup 2)
[rank0]:[titan] 2026-09-21 13:52:49,579 - torchtitan.trainer - INFO - Training starts at step 1
[rank0]:[titan] 2026-09-21 13:56:21,017 - torchtitan.observability.metrics - INFO - step:  1  loss: 11.94497  grad_norm: 12.8281  memory: 185.71GiB(67.17%)  tps: 402  tflops: 35.67  mfu: 1.43%
[rank0]:[titan] 2026-09-21 13:56:21,018 - torchtitan.distributed.utils - INFO - Synchronizing and adjusting timeout for all ProcessGroups to 0:01:40
[rank0]:[titan] 2026-09-21 14:01:38,474 - torchtitan.observability.metrics - INFO - step: 18  loss:  3.07286  grad_norm:  7.3977  memory: 222.66GiB(80.53%)  tps: 5,835  tflops: 517.20  mfu: 20.69%
[rank0]:[titan] 2026-09-21 14:01:55,327 - torchtitan.observability.metrics - INFO - step: 19  loss:  2.98416  grad_norm:  5.3227  memory: 222.66GiB(80.53%)  tps: 5,833  tflops: 516.98  mfu: 20.68%
[rank0]:[titan] 2026-09-21 14:02:12,222 - torchtitan.observability.metrics - INFO - step: 20  loss:  2.94270  grad_norm:  4.1520  memory: 223.29GiB(80.75%)  tps: 5,819  tflops: 515.70  mfu: 20.63%
[rank0]:[titan] 2026-09-21 14:02:12,223 - torchtitan.trainer - INFO - Training completed
[rank0]:[titan] 2026-09-21 14:02:14,710 - __main__ - INFO - Process group destroyed
[rank0]:[titan] 2026-09-21 13:57:03,163 - torchtitan.observability.metrics - INFO - step:  2  loss:  7.16887  grad_norm: 41.6928  memory: 220.43GiB(79.72%)  tps: 2,332  tflops: 206.73  mfu: 8.27%
[rank0]:[titan] 2026-09-21 13:57:22,525 - torchtitan.observability.metrics - INFO - step:  3  loss: 11.53709  grad_norm: 60.2704  memory: 220.43GiB(79.72%)  tps: 5,077  tflops: 450.00  mfu: 18.00%
[rank0]:[titan] 2026-09-21 13:57:39,889 - torchtitan.observability.metrics - INFO - step:  4  loss: 12.72228  grad_norm: 18.5279  memory: 220.43GiB(79.72%)  tps: 5,662  tflops: 501.79  mfu: 20.07%
[rank0]:[titan] 2026-09-21 13:57:57,082 - torchtitan.observability.metrics - INFO - step:  5  loss: 10.46122  grad_norm: 35.3050  memory: 220.43GiB(79.72%)  tps: 5,718  tflops: 506.76  mfu: 20.27%
[rank0]:[titan] 2026-09-21 13:58:14,032 - torchtitan.observability.metrics - INFO - step:  6  loss:  9.19707  grad_norm: 25.7863  memory: 220.43GiB(79.72%)  tps: 5,800  tflops: 514.02  mfu: 20.56%
[rank0]:[titan] 2026-09-21 13:58:31,024 - torchtitan.observability.metrics - INFO - step:  7  loss:  7.21310  grad_norm: 22.9275  memory: 222.75GiB(80.56%)  tps: 5,786  tflops: 512.79  mfu: 20.51%
[rank0]:[titan] 2026-09-21 13:58:48,758 - torchtitan.observability.metrics - INFO - step:  8  loss:  5.69890  grad_norm: 33.2894  memory: 222.75GiB(80.56%)  tps: 5,543  tflops: 491.29  mfu: 19.65%
[rank0]:[titan] 2026-09-21 13:59:06,042 - torchtitan.observability.metrics - INFO - step:  9  loss:  5.57768  grad_norm: 36.2332  memory: 222.75GiB(80.56%)  tps: 5,688  tflops: 504.11  mfu: 20.16%
[rank0]:[titan] 2026-09-21 13:59:23,037 - torchtitan.observability.metrics - INFO - step: 10  loss:  5.17134  grad_norm: 21.6903  memory: 222.83GiB(80.59%)  tps: 5,784  tflops: 512.67  mfu: 20.51%
[rank0]:[titan] 2026-09-21 13:59:40,053 - torchtitan.observability.metrics - INFO - step: 11  loss:  4.23557  grad_norm: 15.4323  memory: 222.83GiB(80.59%)  tps: 5,777  tflops: 512.03  mfu: 20.48%
[rank0]:[titan] 2026-09-21 13:59:57,010 - torchtitan.observability.metrics - INFO - step: 12  loss:  3.67102  grad_norm: 10.2990  memory: 222.83GiB(80.59%)  tps: 5,798  tflops: 513.84  mfu: 20.55%
[rank0]:[titan] 2026-09-21 14:00:13,933 - torchtitan.observability.metrics - INFO - step: 13  loss:  3.58123  grad_norm: 10.4357  memory: 222.83GiB(80.59%)  tps: 5,809  tflops: 514.87  mfu: 20.59%
[rank0]:[titan] 2026-09-21 14:00:30,807 - torchtitan.observability.metrics - INFO - step: 14  loss:  3.52114  grad_norm: 13.8853  memory: 222.83GiB(80.59%)  tps: 5,826  tflops: 516.34  mfu: 20.65%
[rank0]:[titan] 2026-09-21 14:00:47,884 - torchtitan.observability.metrics - INFO - step: 15  loss:  3.30625  grad_norm:  6.9609  memory: 222.83GiB(80.59%)  tps: 5,757  tflops: 510.21  mfu: 20.41%
[rank0]:[titan] 2026-09-21 14:01:04,771 - torchtitan.observability.metrics - INFO - step: 16  loss:  3.28106  grad_norm: 10.4845  memory: 222.83GiB(80.59%)  tps: 5,822  tflops: 515.97  mfu: 20.64%
[rank0]:[titan] 2026-09-21 14:01:21,625 - torchtitan.observability.metrics - INFO - step: 17  loss:  3.20511  grad_norm: 10.0422  memory: 222.83GiB(80.59%)  tps: 5,833  tflops: 516.95  mfu: 20.68%
[rank0]:[titan] 2026-09-21 14:01:38,471 - torchtitan.observability.metrics - INFO - step: 18  loss:  3.07286  grad_norm:  7.3977  memory: 222.83GiB(80.59%)  tps: 5,835  tflops: 517.20  mfu: 20.69%
[rank0]:[titan] 2026-09-21 14:01:55,325 - torchtitan.observability.metrics - INFO - step: 19  loss:  2.98416  grad_norm:  5.3227  memory: 222.83GiB(80.59%)  tps: 5,833  tflops: 516.98  mfu: 20.68%
[rank0]:[titan] 2026-09-21 14:02:12,220 - torchtitan.observability.metrics - INFO - step: 20  loss:  2.94270  grad_norm:  4.1520  memory: 222.83GiB(80.59%)  tps: 5,819  tflops: 515.70  mfu: 20.63%
[rank0]:[titan] 2026-09-21 14:02:12,221 - torchtitan.trainer - INFO - Training completed
[rank0]:[titan] 2026-09-21 14:02:14,778 - __main__ - INFO - Process group destroyed
